date,nav,ret,drawdown,nav_csi300
2022-01-04,1.0,0.0,0.0,0.9964057507987221
2022-01-05,0.9793372179060302,-0.02066278209396971,-0.020662782093969767,0.9870207667731629
2022-01-06,0.9523439700649352,-0.027562771380026385,-0.04765602993506479,0.9758386581469648
2022-01-07,0.9591847246548016,0.007183071248301198,-0.040815275345198354,0.97823482428115
2022-01-10,0.950680002732265,-0.008866615265998301,-0.04931999726773495,0.9808306709265173
2022-01-11,0.9430997071056562,-0.007973551147413493,-0.05690029289434384,0.9718450479233224
2022-01-12,0.9599242656915441,0.01783963928641441,-0.0400757343084559,0.9822284345047919
2022-01-13,0.9599242656915441,0.0,-0.0400757343084559,0.9660543130990412
2022-01-14,0.9599242656915441,0.0,-0.0400757343084559,0.9572683706070284
2022-01-17,0.9589785274987447,-0.0009852216748766907,-0.04102147250125532,0.965455271565495
2022-01-18,0.9533040983419473,-0.00591715976331364,-0.04669590165805271,0.974640575079872
2022-01-19,0.951300031941768,-0.002102232019840166,-0.04869996805823196,0.954472843450479
2022-01-20,0.9641589840976705,0.013517241379310319,-0.035841015902329465,0.9620607028753991
2022-01-21,0.9636341289076337,-0.0005443658138268859,-0.03636587109236633,0.9552715654952075
2022-01-24,0.9610098529574495,-0.002723311546841023,-0.03899014704255055,0.9556709265175718
2022-01-25,0.9633717013126153,0.0024576734025123503,-0.03662829868738471,0.9345047923322684
2022-01-26,0.9641589840976706,0.0008172160174340082,-0.035841015902329354,0.9396964856230033
2022-01-27,0.9463139076364181,-0.01850843767011434,-0.053686092363581905,0.9235223642172524
2022-01-28,0.9431647764961971,-0.0033277870216306127,-0.05683522350380288,0.9093450479233228
2022-02-07,0.949987893966676,0.0072342793544797335,-0.050012106033323955,0.9237220447284346
2022-02-08,0.9554988734620627,0.005801104972375626,-0.04450112653793725,0.9193290734824281
2022-02-09,0.9565388473490506,0.0010884093282282912,-0.04346115265094941,0.9271166134185301
2022-02-10,0.9701609705659007,0.014241055922195267,-0.02983902943409933,0.9249201277955269
2022-02-11,0.971157711289085,0.001027397260274121,-0.028842288710914987,0.917731629392971
2022-02-14,0.9558743535335947,-0.015737256243585462,-0.044125646466405266,0.9079472843450477
2022-02-15,0.949561662286762,-0.006604101494612324,-0.050438337713238024,0.9163338658146964
2022-02-16,0.9591968226108752,0.010146955913225897,-0.040803177389124756,0.9205271565495207
2022-02-17,0.9545453659026826,-0.004849324558365065,-0.045454634097317426,0.9225239616613418
2022-02-18,0.9721544520122691,0.01844761573268361,-0.027845547987730868,0.9273162939297124
2022-02-21,0.9807928716131983,0.008885850991114053,-0.01920712838680172,0.9239217252396165
2022-02-22,0.9771381556281896,-0.0037262872628727184,-0.02286184437181038,0.91194089456869
2022-02-23,0.9687058723756874,-0.008629571165482908,-0.031294127624312607,0.9215255591054313
2022-02-24,0.9895078807697573,0.02147401908801716,-0.010492119230242736,0.9045527156549521
2022-02-25,0.9776943945212732,-0.011938749026732531,-0.022305605478726842,0.9115415335463258
2022-02-28,0.972558096152367,-0.00525348043078544,-0.02744190384763301,0.9127396166134183
2022-03-01,0.9723012812339217,-0.00026406126221278914,-0.027698718766078323,0.9203274760383384
2022-03-02,0.9853988420746322,0.01347068145800323,-0.014601157925367758,0.9133386581469646
2022-03-03,0.9828306928901792,-0.0026062027625749495,-0.017169307109820786,0.9075479233226834
2022-03-04,0.9864261017484136,0.0036582179252679925,-0.013573898251586392,0.8973642172523958
2022-03-07,1.0082553698162644,0.022129653736006283,0.0,0.8678115015974438
2022-03-08,1.0311118975578963,0.022669383596535697,0.0,0.8514376996805109
2022-03-09,1.0429253838063806,0.011457036114570496,0.0,0.8434504792332265
2022-03-10,1.009539444408491,-0.03201181974883027,-0.03201181974883027,0.855431309904153
2022-03-11,1.0110803339191627,0.001526329178326069,-0.03053435114503822,0.8610223642172522
2022-03-14,1.0059440355502567,-0.005080010160020354,-0.035459246491012175,0.8330670926517568
2022-03-15,0.9841147674824058,-0.021700280827163687,-0.05639005171140121,0.7933306709265173
2022-03-16,0.9830327357190046,-0.0010994975374358775,-0.05742754852584453,0.8278753993610222
2022-03-17,0.983130554788184,9.950743818087915e-05,-0.05733375555589837,0.8446485623003195
2022-03-18,0.9831990281366098,6.96482762052586e-05,-0.05726810047693598,0.8502396166134185
2022-03-21,0.9835022672510662,0.0003084208850685499,-0.05697734227010276,0.8490415335463257
2022-03-22,0.9834240119957225,-7.956794605301631e-05,-0.05705237664605978,0.8482428115015974
2022-03-23,0.9834827034372302,5.968070821116278e-05,-0.056996100864092014,0.85323482428115
2022-03-24,0.9836783415755893,0.0001989238221224987,-0.05680851492419947,0.8478434504792333
2022-03-25,0.9837370330170969,5.966527779155406e-05,-0.05675223914223182,0.8324680511182108
2022-03-28,0.9836881234825072,-4.9718098382167675e-05,-0.056799135627204844,0.8274760383386582
2022-03-29,0.9838544159001124,0.00016904993934097057,-0.056639687578296294,0.8238817891373803
2022-03-30,0.985525143382088,0.0016981450252951955,-0.05503772495669634,0.8484424920127794
2022-03-31,0.9984533238704504,0.013118062563067578,-0.04264165071293957,0.8422523961661341
2022-04-01,1.0093925535144492,0.010956175298804771,-0.032152664814376286,0.8524361022364217
2022-04-06,1.0243096848471749,0.01477832512315258,-0.01784950222542636,0.8500399361022364
2022-04-07,1.0090610617070552,-0.014886731391585695,-0.03247051287190861,0.8396565495207668
2022-04-08,1.020663274965842,0.011498028909329827,-0.02134583085828079,0.8452476038338659
2022-04-11,1.0011052583296014,-0.019162065605716205,-0.04009886625268211,0.8188897763578277
2022-04-12,0.9977903402556622,-0.0033112582781458233,-0.04327734682800444,0.8328674121405754
2022-04-13,1.005414651825722,0.007641196013289164,-0.03596684150476326,0.8264776357827479
2022-04-14,1.0239781930397809,0.018463567424991778,-0.018167350282958683,0.8352635782747605
2022-04-15,1.013038963395782,-0.010683068954354114,-0.02865633618152208,0.8348642172523963
2022-04-18,0.9918234877225718,-0.020942408376963373,-0.04899861186358456,0.830870607028754
2022-04-19,1.0064091272479037,0.014705882352941124,-0.03501329733216674,0.8254792332268373
2022-04-20,0.9775693400046336,-0.028656126482213495,-0.0626660783374704,0.8115015974440896
2022-04-21,0.9596687824053627,-0.01831129196337733,-0.07982987344421033,0.7979233226837062
2022-04-22,0.958747500758125,-0.0009599995999959301,-0.08071323639763206,0.7999201277955273
2022-04-25,0.9586612160715974,-8.99973000809684e-05,-0.08079596972435643,0.7613817891373803
2022-04-26,0.9586899776337733,3.0001800108037102e-05,-0.0807683919487816,0.755391373801917
2022-04-27,0.9587091520085571,2.0000600017944237e-05,-0.08075000676506516,0.7765575079872205
2022-04-28,0.958757087945517,5.000050000503187e-05,-0.08070404380577378,0.7817492012779552
2022-04-29,0.9588529598194365,9.999600015997423e-05,-0.08061211788719114,0.801717252396166
2022-05-05,0.9585749313850697,-0.00028995940568321554,-0.08087870305108091,0.7987220447284344
2022-05-06,0.958709152008557,0.00014002100315035904,-0.08075000676506527,0.77935303514377
2022-05-09,0.9586899776337732,-2.000020000192393e-05,-0.08076839194878171,0.7729632587859425
2022-05-10,0.9586995648211651,1.0000300008972118e-05,-0.08075919935692344,0.7819488817891375
2022-05-11,0.9586899776337731,-1.0000200004078863e-05,-0.08076839194878183,0.7929313099041535
2022-05-12,0.958699564821165,1.0000300008972118e-05,-0.08075919935692355,0.7889376996805113
2022-05-13,0.9587954366950845,0.00010000200003990045,-0.08066727343834101,0.7951277955271567
2022-05-16,0.9587666751329086,-2.999760019195552e-05,-0.08069485121391584,0.7889376996805113
2022-05-17,0.958689977633773,-7.999600019992226e-05,-0.08076839194878194,0.7987220447284347
2022-05-18,0.9586803904463809,-1.000030000908314e-05,-0.08077758454064032,0.7959265175718852
2022-05-19,0.9586324545094211,-5.000200007998501e-05,-0.08082354749993159,0.797723642172524
2022-05-20,0.958651628884205,2.000180016192843e-05,-0.08080516231621515,0.814496805111821
2022-05-23,0.9586803904463808,3.000210014691973e-05,-0.08077758454064043,0.8081070287539935
2022-05-24,0.9587475007581246,7.000280011215665e-05,-0.08071323639763239,0.7917332268370607
2022-05-25,0.957807762258799,-0.0009801730889337215,-0.0816142965443285,0.7951277955271566
2022-05-26,0.9578837222300315,7.930607187112138e-05,-0.08154146298172471,0.7971246006389776
2022-05-27,0.9579786721940721,9.912472864614941e-05,-0.08145042102847011,0.7991214057507987
2022-05-30,0.9579217022156478,-5.9468942344875764e-05,-0.08150504620042287,0.8037140575079872
2022-05-31,0.957959682201264,3.964831940694857e-05,-0.08146862941912092,0.8164936102236421
2022-06-01,0.9580451371689006,8.920518182997661e-05,-0.08138669166119172,0.8152955271565494
2022-06-02,0.9580071571832843,-3.9643211100170994e-05,-0.08142310844249367,0.8174920127795525
2022-06-06,0.9581780671185572,0.00017840152235959472,-0.0812592329266354,0.8338658146964854
2022-06-07,0.9582920070754058,0.00011891313395562264,-0.08114998258272987,0.8350638977635779
2022-06-08,0.958329987061022,3.963299843445789e-05,-0.08111356580142814,0.8434504792332265
2022-06-09,0.9533074925826079,-0.005240882103477617,-0.08592934126954777,0.8366613418530348
2022-06-10,0.9565555589968587,0.0034071550255536653,-0.0828149608309432,0.848242811501597
2022-06-13,0.9305710276828524,-0.02716468590831922,-0.10773000433978008,0.8378594249201272
2022-06-14,0.9330070774935405,0.002617801047120505,-0.10539421901082657,0.8458466453674116
2022-06-15,0.9354431273042285,0.0026109660574411553,-0.10305843368187317,0.8556309904153351
2022-06-16,0.9208268284401,-0.015625,-0.1170731456555939,0.8502396166134181
2022-06-17,0.9240748948543509,0.003527336860670305,-0.11395876521698922,0.8628194888178908
2022-06-20,0.9273229612686017,0.0035149384885764245,-0.11084438477838454,0.8670127795527152
2022-06-21,0.9411272435291677,0.014886164623467701,-0.09760826791431487,0.866613418530351
2022-06-22,0.9313830442864153,-0.01035375323554788,-0.10695140923012869,0.8566293929712456
2022-06-23,0.9605888629832917,0.03135747303543923,-0.07894766212572557,0.8716054313099038
2022-06-24,0.9813777264359153,0.02164179104477615,-0.05901443988814803,0.881190095846645
2022-06-27,0.9824530124765682,0.001095690284879547,-0.05798341115172145,0.8907747603833861
2022-06-28,0.9871125853193976,0.004742794600510747,-0.05351561996054033,0.9011581469648556
2022-06-29,0.9616641490239447,-0.02578068264342781,-0.0779166333892991,0.8901757188498397
2022-06-30,0.978510296994174,0.017517704062616435,-0.061763849851951824,0.900159744408945
2022-07-01,0.9673990079074269,-0.011355311355311426,-0.07241781346169163,0.8971645367412133
2022-07-04,0.9856788705985269,0.018895887365691033,-0.05489032494244239,0.9027555910543122
2022-07-05,0.9817361551161328,-0.0040000000000000036,-0.05867076364267265,0.9007587859424913
2022-07-06,0.9767181535930858,-0.005111354508944843,-0.06348223107932927,0.8889776357827468
2022-07-07,0.9792516534218579,0.002593890386343279,-0.061053006641886176,0.8921725239616606
2022-07-08,0.9783749733382215,-0.0008952551477170445,-0.06189360377112352,0.8913738019169322
2022-07-11,0.9617180517491298,-0.0170250896057349,-0.07786494922663312,0.8761980830670918
2022-07-12,0.9538279309964024,-0.008204193254329861,-0.08543032338976908,0.869009584664536
2022-07-13,0.955362121142766,0.0016084558823528106,-0.08395927841360384,0.8704073482428106
2022-07-14,0.9555812911636752,0.0002294104152329446,-0.0837491291312944,0.8706070287539929
2022-07-15,0.9413352398045836,-0.01490825688073405,-0.09740883248140142,0.8576277955271557
2022-07-18,0.9514170607664022,0.010710128055879009,-0.08774196549517188,0.8668130990415328
2022-07-19,0.9465953203064019,-0.005067956692006548,-0.09236524970597737,0.8624201277955263
2022-07-20,0.9492253605573112,0.002778420930771075,-0.08984345831826523,0.8648162939297117
2022-07-21,0.9428050956546369,-0.0067636887608069065,-0.09599947388981289,0.8558306709265167
2022-07-22,0.9364286360704993,-0.006763285024154464,-0.10211348710988166,0.8564297124600629
2022-07-25,0.9236757169022239,-0.013618677042801619,-0.11434151355001954,0.852835463258785
2022-07-26,0.9382504816659671,0.015779092702169706,-0.10036662618986203,0.8586261980830661
2022-07-27,0.9464487868455727,0.008737864077669855,-0.09250575204977352,0.8538338658146954
2022-07-28,0.9537361692274442,0.007699711260827691,-0.08551830836969476,0.8544329073482418
2022-07-29,0.9500924780365084,-0.00382043935052534,-0.08901203020973414,0.8426517571884974
2022-08-01,0.9555580148229122,0.0057526366251199335,-0.08377144744967502,0.8462460063897754
2022-08-02,0.9291412536886279,-0.02764537654909427,-0.1091009307899603,0.8320686900958456
2022-08-03,0.9218538713067563,-0.007843137254901933,-0.11608837447003895,0.8230830670926508
2022-08-04,0.9271697913350605,0.005766553890768634,-0.11099125044674352,0.8292731629392962
2022-08-05,0.9494254272288448,0.02400384061449823,-0.08965162611757282,0.8422523961661333
2022-08-08,0.9561021179969802,0.007032348804500765,-0.08324973881882147,0.8394568690095837
2022-08-09,0.9601081324578614,0.0041899441340782495,-0.0794086064395707,0.8408546325878585
2022-08-10,0.9614434706114885,0.0013908205841446364,-0.07812822897982052,0.8318690095846637
2022-08-11,0.9743517394298835,0.013425925925925952,-0.06575124686890133,0.8494408945686891
2022-08-12,0.9654494850723697,-0.009136592051164905,-0.07428709660056976,0.8496405750798713
2022-08-15,0.970790837686878,0.0055325034578146415,-0.0691655867615687,0.8476437699680504
2022-08-16,0.9765773030192619,0.0059605685465382585,-0.06361728443598436,0.8456469648562294
2022-08-17,0.9783577538907646,0.001823154056517673,-0.06191011448965067,0.8538338658146957
2022-08-18,0.9814735429158945,0.0031847133757962887,-0.05892256708356669,0.8464456869009577
2022-08-19,0.9658945977902453,-0.015873015873015928,-0.07386030411398636,0.8404552715654944
2022-08-22,0.9716810631226293,0.005990783410138256,-0.06831200178840202,0.8458466453674114
2022-08-23,0.9756870775835105,0.0041227668346313084,-0.06447086940915125,0.843051118210862
2022-08-24,0.940523172871331,-0.036040145985401506,-0.09818747584924115,0.8276757188498395
2022-08-25,0.9369622711283255,-0.003786086133459543,-0.10160181574190841,0.8348642172523955
2022-08-26,0.93340136938532,-0.0038004750593824133,-0.10501615563457578,0.8336661341853028
2022-08-29,0.9369622711283256,0.003814973772055419,-0.1016018157419083,0.8286741214057503
2022-08-30,0.9325111439495688,-0.004750593824227933,-0.10586974060774246,0.8268769968051113
2022-08-31,0.9017983664161461,-0.032935560859188695,-0.1353184221819984,0.8268769968051113
2022-09-01,0.9008695140987375,-0.0010299999999999745,-0.13620904420715085,0.8200878594249196
2022-09-02,0.9009415858220171,8.000240007199899e-05,-0.13613993885752695,0.815495207667731
2022-09-05,0.9009145589257872,-2.999850007501248e-05,-0.13616585336363596,0.8150958466453668
2022-09-06,0.9008514961679177,-6.999860002787628e-05,-0.13622632054455674,0.820886581469648
2022-09-07,0.9008424872025077,-1.00005000250869e-05,-0.13623495871325975,0.8224840255591048
2022-09-08,0.9008514961679177,1.0000600036086382e-05,-0.13622632054455674,0.818889776357827
2022-09-09,0.9008244692716878,-3.0001500075038656e-05,-0.13625223505066575,0.8304712460063892
2022-09-13,0.9007614065138181,-7.000560044811976e-05,-0.13631270223158676,0.8332667731629388
2022-09-14,0.900788433410048,3.0004500675140378e-05,-0.13628678772547775,0.8240814696485618
2022-09-15,0.9008605051333276,8.000960115217559e-05,-0.13621768237585374,0.8166932907348238
2022-09-16,0.8735586529440523,-0.03030641484858365,-0.16239582763264226,0.7987220447284341
2022-09-19,0.8735586529440523,0.0,-0.16239582763264226,0.7965255591054309
2022-09-20,0.8726795264902343,-0.0010063737001004824,-0.1632387704428071,0.7969249201277951
2022-09-21,0.8805916645745983,0.00906648757555395,-0.15565228515132168,0.7909345047923318
2022-09-22,0.8841081703898712,0.00399334442595678,-0.15228051391066133,0.7851437699680507
2022-09-23,0.8770751587593253,-0.007954922108054374,-0.15902405639198192,0.7835463258785939
2022-09-26,0.8630091354982334,-0.016037420648179146,-0.1725111413546232,0.7785543130990411
2022-09-27,0.8676978099185975,0.005432937181663933,-0.168015446367076,0.7885383386581466
2022-09-28,0.8615439247418698,-0.007092198581560294,-0.17391604603823152,0.7773562300319485
2022-09-29,0.8600787139855062,-0.00170068027210879,-0.17532095072183984,0.7775559105431308
2022-09-30,0.8599012374254774,-0.0002063492063492092,-0.17549112258915123,0.7723642172523959
2022-10-10,0.8660385182635657,0.007137192704202988,-0.16960644384474388,0.7565894568690094
2022-10-11,0.8642200646819099,-0.0020997375328084544,-0.17135005236160528,0.755990415335463
2022-10-12,0.8664931316589797,0.002630194634402949,-0.16917054171552848,0.7683706070287537
2022-10-13,0.8676296651475147,0.0013116474291712255,-0.1680807863924899,0.7617811501597441
2022-10-14,0.8667204383566868,-0.0010479434110558516,-0.16895259065092072,0.7793530351437697
2022-10-17,0.8619469977048403,-0.0055074744295831035,-0.17352956300768196,0.7791533546325876
2022-10-18,0.8642200646819101,0.002637130801687926,-0.17135005236160505,0.7777555910543128
2022-10-19,0.8621743044025474,-0.002367175170962632,-0.1733116119430742,0.7659744408945683
2022-10-20,0.8580827838438219,-0.004745583970471978,-0.1772347311060125,0.7635782747603831
2022-10-21,0.8572504425138352,-0.0009700011999519411,-0.17803281440411844,0.7591853035143767
2022-10-24,0.8572161548962679,-3.999720019598474e-05,-0.1780656907901953,0.7396166134185301
2022-10-25,0.8571218639479579,-0.00010999670009892437,-0.17815610085190636,0.7364217252396164
2022-10-26,0.857113292043566,-1.000080006408055e-05,-0.17816431994842563,0.7420127795527155
2022-10-27,0.8571475796611334,4.00036003240789e-05,-0.17813144356234867,0.7368210862619806
2022-10-28,0.8572504425138353,0.00012000600029993258,-0.17803281440411833,0.7196485623003193
2022-10-31,0.8571304358523496,-0.0001399902006860021,-0.1781478817553872,0.711861022364217
2022-11-01,0.8570361449040395,-0.00011000770053903874,-0.1782382918170985,0.7394169329073479
2022-11-02,0.8571390077567415,0.00012002160388879801,-0.17813966265886805,0.7462060702875396
2022-11-03,0.857156151565525,2.000120007195072e-05,-0.17812322446582973,0.7402156549520763
2022-11-04,0.8590172495944,0.002171247357293794,-0.1763387266889298,0.7655750798722041
2022-11-07,0.8780260612292602,0.02212855637513167,-0.1581122917684531,0.7655750798722041
2022-11-08,0.8870778762934793,0.010309278350515427,-0.14943303704441657,0.7609824281150156
2022-11-09,0.902465961902652,0.0173469387755103,-0.1346783040135543,0.7529952076677313
2022-11-10,0.8952245098512768,-0.008024072216649913,-0.1416217077927835,0.748801916932907
2022-11-11,0.9404835851723726,0.05055611729019205,-0.09822543417260066,0.7683706070287536
2022-11-14,0.9395784036659508,-0.0009624639076033503,-0.09909335964500421,0.7687699680511177
2022-11-15,0.9413887666787947,0.0019267822736031004,-0.09735750870019688,0.7837460063897759
2022-11-16,0.9513457632494358,0.01057692307692304,-0.0878103285037567,0.7779552715654947
2022-11-17,0.9576820337943893,0.006660323501427312,-0.08173485019693094,0.7745607028753989
2022-11-18,0.9540613077687016,-0.003780718336483968,-0.0852065520865457,0.7719648562300315
2022-11-21,0.9549664892751233,0.000948766603415363,-0.08433862661414215,0.765375399361022
2022-11-22,0.9531561262622794,-0.0018957345971564177,-0.08607447755894959,0.7649760383386577
2022-11-23,0.9667338488586082,0.014245014245014342,-0.07305559547289464,0.765575079872204
2022-11-24,0.9748804824164055,0.008426966292134797,-0.06524426622126178,0.7619808306709259
2022-11-25,0.9830271159742028,0.008356545961002881,-0.05743293696962881,0.7661741214057503
2022-11-28,0.9766908454292492,-0.006445672191528695,-0.06350841527645457,0.7571884984025553
2022-11-29,0.9676390303650301,-0.009267840593141785,-0.07218767000049109,0.7803514376996799
2022-11-30,0.9622079413264986,-0.005612722170252549,-0.07739522283491296,0.7809504792332261
2022-12-01,0.9757856639228274,0.01411100658513642,-0.06437634074885812,0.7899361022364211
2022-12-02,0.9667338488586081,-0.00927643784786647,-0.07305559547289475,0.7853434504792326
2022-12-05,0.9622079413264985,-0.004681647940074973,-0.07739522283491307,0.7995207667731622
2022-12-06,0.9522509447558575,-0.010348071495766553,-0.08694240303135325,0.8041134185303509
2022-12-07,0.9395784036659506,-0.013307984790874583,-0.09909335964500443,0.8017172523961655
2022-12-08,0.9441043111980602,0.00481695568400764,-0.09475373228298622,0.8035143769968046
2022-12-09,0.9522509447558576,0.0086289549376799,-0.08694240303135314,0.8103035143769963
2022-12-12,0.9477250372237479,-0.004752851711026684,-0.09128203039337146,0.8019169329073478
2022-12-13,0.9531561262622794,0.005730659025787954,-0.08607447755894959,0.7997204472843445
2022-12-14,0.9676390303650302,0.015194681861348647,-0.07218767000049098,0.8017172523961656
2022-12-15,0.9631131228329207,-0.004677268475210328,-0.07652729736250907,0.8013178913738015
2022-12-16,0.9395784036659508,-0.024436090225563922,-0.09909335964500421,0.80211661341853
2022-12-19,0.9314317701081535,-0.008670520231213952,-0.10690468889663718,0.7905351437699677
2022-12-20,0.9305003383380454,-0.001,-0.10779778420774055,0.7779552715654948
2022-12-21,0.9305654785729477,7.000560044789772e-05,-0.10773532505590311,0.7773562300319484
2022-12-22,0.9303700578682403,-0.0002100021000209784,-0.10792270251141589,0.7789536741214053
2022-12-23,0.9304817268423587,0.00012002640580921486,-0.10781562967969438,0.7769568690095843
2022-12-26,0.9303700578682402,-0.00012001200120015376,-0.107922702511416,0.7787539936102231
2022-12-27,0.9304538095988291,9.001980435696666e-05,-0.10784239788762484,0.7881389776357823
2022-12-28,0.9304351981031427,-2.000260033796497e-05,-0.10786024335957833,0.785543130990415
2022-12-29,0.930314223381181,-0.00013001950292546027,-0.10797623892727681,0.7831469648562296
2022-12-30,0.9307050647905958,0.0004201176329372558,-0.10760148401625103,0.7863418530351433
2023-01-03,0.9305468670772613,-0.0001699762033314789,-0.1077531705278566,0.7885383386581465
2023-01-04,0.9106821159669245,-0.021347394540943032,-0.126800315624504,0.7895367412140571
2023-01-05,0.9014553468081917,-0.010131712259371817,-0.13564732357157083,0.8045127795527152
2023-01-06,0.8940739314812055,-0.008188331627430934,-0.14272492992922436,0.8077076677316289
2023-01-09,0.8991486545185086,0.005675954592363253,-0.13785907555833754,0.8126996805111817
2023-01-10,0.8899218853597758,-0.01026167265264244,-0.14670608350540437,0.8138977635782741
2023-01-11,0.8996099929764452,0.010886469673405896,-0.13741672516098424,0.8138977635782741
2023-01-12,0.9129888082566078,0.014871794871794908,-0.12458856363773729,0.8150958466453669
2023-01-13,0.9226769158732773,0.010611419909045017,-0.11529920529331694,0.8274760383386577
2023-01-16,0.9176021928359743,-0.005499999999999949,-0.12016505966420366,0.8272763578274756
2023-01-17,0.9134501467145445,-0.004524886877828149,-0.12414621324038377,0.8264776357827472
2023-01-18,0.9164072480369595,0.003237288135593209,-0.12131082216799238,0.8246805111821082
2023-01-19,0.9187272663864202,0.0025316455696202667,-0.11908629260386072,0.8302715654952073
2023-01-20,0.9318740370333641,0.014309764309764494,-0.10648062507378109,0.8348642172523958
2023-01-30,0.9372874131821056,0.0058091286307053736,-0.10129005609080721,0.8396565495207664
2023-01-31,0.914087229687499,-0.024752475247524774,-0.12353535173212393,0.8304712460063893
2023-02-01,0.9280073397842629,0.015228426395939021,-0.11018817434733397,0.8366613418530349
2023-02-02,0.9264606608846224,-0.0016666666666667052,-0.11167119405675507,0.8346645367412137
2023-02-03,0.9102205324383978,-0.017529215358931483,-0.1272429010056767,0.826078274760383
2023-02-06,0.8939804039921732,-0.017841971112999233,-0.14281460795459844,0.8146964856230029
2023-02-07,0.900167119590735,0.006920415224913601,-0.1368825291169139,0.816693290734824
2023-02-08,0.8930791177127421,-0.00787409551374807,-0.1436787985222321,0.8132987220447283
2023-02-09,0.9109732348253834,0.02003642987249532,-0.12652117882049185,0.8240814696485621
2023-02-10,0.9064183686512566,-0.004999999999999893,-0.13088857292638933,0.8192891373801915
2023-02-13,0.9148774058317779,0.009332376166546918,-0.12277769815829398,0.825678913738019
2023-02-14,0.9168294913349752,0.002133712660028486,-0.12090595782719504,0.827476038338658
2023-02-15,0.9165041437511089,-0.00035486160397446564,-0.12121791454904485,0.8218849840255589
2023-02-16,0.9002367645577983,-0.017749378771743096,-0.13681575064153628,0.8160942492012777
2023-02-17,0.8921030749611432,-0.00903505601734722,-0.14461466868778183,0.8045127795527155
2023-02-20,0.902514197644862,0.011670313639679186,-0.13463205358858732,0.825479233226837
2023-02-21,0.9067437162351226,0.004686373467916338,-0.13057661620453964,0.8264776357827476
2023-02-22,0.9093464969060524,0.002870470039469053,-0.12808096242974087,0.8184904153354632
2023-02-23,0.9051169783157917,-0.0046511627906976605,-0.13213639981378855,0.8184904153354632
2023-02-24,0.9018635024771295,-0.0035945363048167644,-0.13525596703228693,0.8107028753993608
2023-02-27,0.8960072459675379,-0.00649350649350644,-0.14087118802558374,0.8077076677316292
2023-02-28,0.9031648928125945,0.007988380537400142,-0.1340081401448875,0.8128993610223638
2023-03-01,0.9096718444899187,0.007204610951008661,-0.12776900570789107,0.8226837060702873
2023-03-02,0.905442325899658,-0.004649499284692382,-0.13182444309193875,0.8216853035143767
2023-03-03,0.9041409355641932,-0.0014372978799855884,-0.13307226997933796,0.8234824281150156
2023-03-06,0.907069063818989,0.0032385750269880997,-0.13026465948268962,0.818490415335463
2023-03-07,0.8908016846256787,-0.017934002869440357,-0.14586249557518083,0.8071086261980827
2023-03-08,0.8805133185546684,-0.011549558390578807,-0.1557274065561185,0.8039137380191689
2023-03-09,0.8805133185546684,0.0,-0.1557274065561185,0.8019169329073478
2023-03-10,0.8866264782173341,0.006942722539052815,-0.14986585619251114,0.7909345047923317
2023-03-13,0.8927396378799999,0.006894853484363583,-0.14400430582890356,0.7997204472843444
2023-03-14,0.9043109758129028,0.012961604304230878,-0.13290922835493246,0.7947284345047917
2023-03-15,0.9036559944204743,-0.0007242877836793893,-0.1335372516081761,0.7945287539936097
2023-03-16,0.9112974439988063,0.008456148828219323,-0.12621031365366697,0.7853434504792326
2023-03-17,0.916537295138234,0.005749880210828895,-0.12118612762771774,0.7895367412140569
2023-03-20,0.944701495012658,0.030728918532634486,-0.09418112773824083,0.7851437699680505
2023-03-21,0.9357500826494689,-0.00947538710422935,-0.10276411219923742,0.7937300319488811
2023-03-22,0.9219954734084712,-0.01469902006532886,-0.11595260051735401,0.797324281150159
2023-03-23,0.9285452873327559,0.007103954534690926,-0.10967236798491753,0.8049121405750791
2023-03-24,0.9333484842105646,0.005172819186456623,-0.10506686412779742,0.8039137380191685
2023-03-27,0.9270169974170894,-0.006783625730994114,-0.1111377555758194,0.7997204472843443
2023-03-28,0.92243212767009,-0.004945831370702036,-0.11553391834852511,0.7981230031948875
2023-03-29,0.9257070346322324,0.0035502958579882726,-0.11239380208230676,0.7981230031948875
2023-03-30,0.9274536516787084,0.0018867924528302993,-0.11071907340699028,0.8067092651757183
2023-03-31,0.9346584469954214,0.007768361581920846,-0.10381081762131017,0.8087060702875394
2023-04-03,0.9215588191468522,-0.01401541695865438,-0.11637128268618313,0.8146964856230028
2023-04-04,0.9320385214257076,0.011371712864250094,-0.10632291063428478,0.818690095846645
2023-04-06,0.9478068318376779,0.016918088737201464,-0.0912036023339916,0.8162939297124597
2023-04-07,0.958929460207944,0.011735121542330251,-0.0805387661501491,0.8220846645367409
2023-04-10,0.9311228892822786,-0.028997514498757315,-0.10720085660975542,0.8190894568690094
2023-04-11,0.9255615750971457,-0.005972696245733711,-0.11253327470167662,0.8170926517571881
2023-04-12,0.9319173627372977,0.006866952789699621,-0.10643908259662371,0.8162939297124598
2023-04-13,0.9080831590867274,-0.025575447570332477,-0.12929230299057193,0.8113019169329071
2023-04-14,0.9072653462325322,-0.0009005924688855185,-0.1300764557850993,0.8154952076677314
2023-04-17,0.9073374902673798,7.95181201918016e-05,-0.1300072811001527,0.8276757188498399
2023-04-18,0.9075268683588543,0.00020871846860281984,-0.12982569755216833,0.8290734824281147
2023-04-19,0.9075358863632101,9.936900680518335e-06,-0.12981705071655014,0.822484025559105
2023-04-20,0.9075088323501423,-2.9810405818953e-05,-0.12984299122340504,0.8192891373801913
2023-04-21,0.9076260664067695,0.0001291822761917416,-0.12973058236036705,0.8047124600638974
2023-04-24,0.9076170484024135,-9.935814637485052e-06,-0.12973922919598535,0.7945287539936099
2023-04-25,0.9076441024154812,2.9807740076437383e-05,-0.12971328868913057,0.7907348242811498
2023-04-26,0.907671156428549,2.9806851601588136e-05,-0.12968734818227567,0.7889376996805109
2023-04-27,0.9078515165156676,0.00019870642119812487,-0.1295144114699095,0.7959265175718847
2023-04-28,0.9177549963238505,0.010908699966920232,-0.12001854535910694,0.803714057507987
2023-05-04,0.9390562727994939,0.02321019941157232,-0.09959400031840626,0.803714057507987
2023-05-05,0.9474567761983392,0.008945686900958538,-0.09153925016151021,0.8005191693290732
2023-05-08,0.9747584122445866,0.028815706143128672,-0.06536131215159802,0.8095047923322681
2023-05-09,0.9633577290604393,-0.011695906432748648,-0.07629275879309982,0.8025159744408943
2023-05-10,0.9429565065203863,-0.021177203363438202,-0.0958542948884189,0.7963258785942489
2023-05-11,0.9408563806706751,-0.002227171492204749,-0.09786798242764272,0.7953274760383383
2023-05-12,0.9369561469497827,-0.004145408163265252,-0.10160768785763019,0.7851437699680508
2023-05-15,0.9348560211000713,-0.0022414345180916673,-0.10362137539685423,0.7977236421725237
2023-05-16,0.9288556615294674,-0.006418485237484006,-0.10937476836606574,0.7943290734824279
2023-05-17,0.9344313973352312,0.006002801120448154,-0.10402852222771419,0.7889376996805109
2023-05-18,0.9474276615540799,0.013908205841446364,-0.09156716648679242,0.7887380191693287
2023-05-19,0.9734201899917776,0.027434842249657088,-0.06664445500494853,0.787539936102236
2023-05-22,0.9682216843042382,-0.005340453938584733,-0.07162899730131711,0.7915335463258781
2023-05-23,0.9734201899917776,0.005369127516778427,-0.06664445500494853,0.7801517571884979
2023-05-24,0.9591242993510438,-0.01468624833110821,-0.08035194631996267,0.7695686900958462
2023-05-25,0.9734201899917775,0.01490514905149043,-0.06664445500494864,0.7677715654952072
2023-05-26,0.9773190692574322,0.004005340453938633,-0.06290604828267199,0.7687699680511176
2023-05-29,1.012408982648324,0.03590425531914887,-0.029260387782182762,0.765575079872204
2023-05-30,1.0137086090702088,0.0012836970474967568,-0.02801425220809073,0.7663738019169325
2023-05-31,1.009809729804554,-0.0038461538461538325,-0.03175265893036738,0.7591853035143765
2023-06-01,1.008510103382669,-0.0012870012870013214,-0.03299879450445964,0.7607827476038334
2023-06-02,1.021506367601518,0.012886597938144284,-0.020537438763537752,0.7713658146964851
2023-06-05,1.0267048732890574,0.0050890585241729624,-0.015552896467169064,0.7677715654952072
2023-06-06,1.0280044997109423,0.0012658227848101333,-0.014306760893076809,0.7603833865814691
2023-06-07,1.031903378976597,0.0037926675094817064,-0.010568354170800154,0.7579872204472838
2023-06-08,1.008510103382669,-0.02267002518891692,-0.03299879450445964,0.7643769968051113
2023-06-09,1.0254052468671726,0.01675257731958757,-0.016799032041261097,0.7675718849840251
2023-06-12,1.0371018846641364,0.011406844106463865,-0.005583811874431466,0.7683706070287535
2023-06-13,1.0604951602580643,0.022556390977443552,0.0,0.7741613418530346
2023-06-14,1.0617947866799493,0.001225490196078427,0.0,0.7741613418530346
2023-06-15,1.0682929187893737,0.006119951040391758,0.0,0.7871405750798719
2023-06-16,1.0786899301644528,0.009732360097323589,0.0,0.7945287539936099
2023-06-19,1.0734914244769131,-0.004819277108433773,-0.004819277108433884,0.7885383386581466
2023-06-20,1.0721917980550282,-0.001210653753026647,-0.006024096385542355,0.7871405750798719
2023-06-21,1.0760906773206829,0.0036363636363636598,-0.002409638554217053,0.7761581469648559
2023-06-26,1.0682929187893735,-0.007246376811594235,-0.009638554216867656,0.767372204472843
2023-06-27,1.05399702814864,-0.01338199513381988,-0.02289156626506028,0.7725638977635779
2023-06-28,1.0682929187893735,0.013563501849568338,-0.009638554216867656,0.7741613418530346
2023-06-29,1.0760906773206829,0.007299270072992803,-0.002409638554217053,0.7705670926517567
2023-06-30,1.0759937410358287,-9.008189262960011e-05,-0.0024995033820451873,0.7751597444089452
2023-07-03,1.0936009113436878,0.016363636363636358,0.0,0.78414536741214
2023-07-04,1.0877318545744015,-0.00536672629695889,-0.005366726296958779,0.7855431309904147
2023-07-05,1.0857755023179727,-0.0017985611510791255,-0.007155635062611743,0.7801517571884978
2023-07-06,1.086753678446187,0.0009009009009008917,-0.0062611806797853164,0.7745607028753988
2023-07-07,1.0818627978051152,-0.004500450045004434,-0.010733452593917558,0.7723642172523956
2023-07-10,1.0711028603947568,-0.009945750452079682,-0.020572450805008913,0.7755591054313093
2023-07-11,1.076971917164043,0.005479452054794498,-0.015205724508050134,0.7807507987220442
2023-07-12,1.0779500932922577,0.0009082652134424496,-0.014311270125223485,0.7769568690095842
2023-07-13,1.093600911343688,0.014519056261343088,0.0,0.7895367412140571
2023-07-14,1.1014263203694028,0.007155635062611632,0.0,0.7891373801916929
2023-07-17,1.1072953771386893,0.005328596802842034,0.0,0.7835463258785939
2023-07-18,1.1170771384208333,0.008833922261484162,0.0,0.7823482428115013
2023-07-19,1.1376188371133356,0.01838879159369533,0.0,0.781948881789137
2023-07-20,1.1219680190619052,-0.013757523645743786,-0.013757523645743786,0.776357827476038
2023-07-21,1.1033826726258318,-0.016564952048823134,-0.03009458297506462,0.7767571884984023
2023-07-24,1.1072953771386893,0.0035460992907800915,-0.026655202063628702,0.7733626198083065
2023-07-25,1.1033826726258318,-0.0035335689045936647,-0.03009458297506462,0.7957268370607026
2023-07-26,1.1063172010104751,0.0026595744680852906,-0.02751504729148746,0.7939297124600636
2023-07-27,1.116098962292619,0.008841732979663952,-0.018916595012897663,0.7931309904153352
2023-07-28,1.1110940167718155,-0.004484320557491261,-0.023316087494494875,0.8123003194888176
2023-07-31,1.1227488491155757,0.010489510489510412,-0.013071151349332344,0.8154952076677313
2023-08-01,1.1253388118586336,0.0023068050749712743,-0.01079449887262951,0.8119009584664534
2023-08-02,1.1097990354002865,-0.013808975834292303,-0.024454413732846403,0.8061102236421723
2023-08-03,1.0916692961988816,-0.016336056009334854,-0.04039098106976602,0.8132987220447283
2023-08-04,1.1007341657995842,0.008303677342823335,-0.0324226974013061,0.8174920127795525
2023-08-07,1.0916692961988816,-0.008235294117647118,-0.04039098106976602,0.8113019169329071
2023-08-08,1.0929642775704107,0.0011862396204034287,-0.03925265483141449,0.8083067092651756
2023-08-09,1.0916692961988816,-0.0011848341232227888,-0.04039098106976602,0.8067092651757187
2023-08-10,1.0813094452266503,-0.009489916963226541,-0.04949759097657713,0.8077076677316292
2023-08-11,1.088128113463445,0.006305936073059405,-0.04350378354798634,0.788738019169329
2023-08-14,1.0945404731529396,0.005893019038984537,-0.03786713313371792,0.783346645367412
2023-08-15,1.1034191250307013,0.008111762054979765,-0.030062540252422942,0.7825479233226836
2023-08-16,1.101939349717741,-0.0013410818059902407,-0.03136330573263879,0.7765575079872203
2023-08-17,1.1196966534732642,0.01611459265890791,-0.015754119970049163,0.7791533546325877
2023-08-18,1.132521372852253,0.011453744493391982,-0.004480819141512438,0.7691693290734822
2023-08-21,1.1557045194219637,0.020470383275261295,0.0,0.7587859424920126
2023-08-22,1.120683170348571,-0.030303030303030387,-0.030303030303030276,0.7633785942492011
2023-08-23,1.1196966534732642,-0.0008802816901407606,-0.03115663679043945,0.7523961661341851
2023-08-24,1.127588788475719,0.007048458149779835,-0.02432778489116505,0.7569888178913736
2023-08-25,1.1512651934830833,0.0209973753280841,-0.003841229193341511,0.7555910543130988
2023-08-28,1.162610137549112,0.009854327335047097,0.0,0.7661741214057507
2023-08-29,1.1700090141139132,0.0063640220619429755,0.0,0.7705670926517569
2023-08-30,1.1675427219256462,-0.002107925801011712,-0.002107925801011712,0.7703674121405748
2023-08-31,1.1700090141139132,0.0021123785382339832,0.0,0.7665734824281147
2023-09-01,1.1576775531725778,-0.010539629005059004,-0.010539629005058893,0.7711661341853032
2023-09-04,1.1364674403534807,-0.018321261184490956,-0.02866779089376048,0.7827476038338655
2023-09-05,1.1487989012948163,0.010850694444444642,-0.018128161888701366,0.7773562300319485
2023-09-06,1.1665562050503393,0.01545727780163153,-0.00295109612141653,0.7753594249201275
2023-09-07,1.1680359803632996,0.0012684989429174731,-0.001686340640809414,0.7647763578274759
2023-09-08,1.146332609106549,-0.01858108108108114,-0.0202360876897133,0.7605830670926517
2023-09-11,1.157677553172578,0.009896729776248003,-0.010539629005058782,0.7661741214057507
2023-09-12,1.1448528337935893,-0.011077971878994397,-0.021500843170319972,0.7651757188498401
2023-09-13,1.1266022716004125,-0.01594140456699711,-0.03709949409780755,0.7601837060702875
2023-09-14,1.1206831703485713,-0.005253940455341555,-0.0421585160202359,0.7595846645367412
2023-09-15,1.1443595753559355,0.021126760563380254,-0.021922428330522714,0.7561900958466454
2023-09-18,1.135480923478174,-0.007758620689655049,-0.029510961214165077,0.7587859424920128
2023-09-19,1.1103247431578496,-0.02215464813205914,-0.05101180438448549,0.7577875399361023
2023-09-20,1.1092582450046444,-0.0009605281335728346,-0.051923334244802666,0.7541932907348243
2023-09-21,1.1092472993133713,-9.86757711518571e-06,-0.051932689464413095,0.7472044728434505
2023-09-22,1.1093020277697372,4.9338372425822286e-05,-0.05188591336636106,0.7621805111821086
2023-09-25,1.1095318872864735,0.00020721094073761215,-0.051689453754543147,0.7565894568690096
2023-09-26,1.1095428329777464,9.86514348833012e-06,-0.05168009853493305,0.7523961661341853
2023-09-27,1.1096413441992048,8.878541551582408e-05,-0.05159590155843963,0.7543929712460065
2023-09-28,1.110396596897053,0.0006806277558026874,-0.0509503914053232,0.7515974440894568
2023-10-09,1.1106264564137893,0.0002070066833586015,-0.05075393179350529,0.7496006389776357
2023-10-10,1.1108344245479793,0.0001872529985118554,-0.05057618262090813,0.7442092651757188
2023-10-11,1.110681184870155,-0.00013795006207761862,-0.050707155695453476,0.7458067092651757
2023-10-12,1.1161270632181666,0.004903187721369552,-0.046052594677275405,0.7529952076677316
2023-10-13,1.1095770217673557,-0.005868544600938996,-0.051650877572361864,0.7460063897763579
2023-10-16,1.0990969554460583,-0.009445100354191327,-0.06060813020450018,0.7374201277955272
2023-10-17,1.1069570051870314,0.007151370679380209,-0.05389019073039636,0.7398162939297125
2023-10-18,1.1004069637362206,-0.00591715976331364,-0.05948847362548282,0.7342252396166135
2023-10-19,1.0859968725444367,-0.01309523809523816,-0.07180469599467298,0.7188498402555911
2023-10-20,1.074206797932977,-0.010856453558504287,-0.08188160520582866,0.715255591054313
2023-10-23,1.066346748192004,-0.007317073170731714,-0.08859954467993236,0.7076677316293929
2023-10-24,1.0728967896428148,0.006142506142506221,-0.08300126178484601,0.7086661341853033
2023-10-25,1.0702767730624905,-0.0024420024420024333,-0.08524057494288051,0.7126597444089455
2023-10-26,1.0769570193333302,0.006241606319947191,-0.07953100673421254,0.7152555910543129
2023-10-27,1.0790686997633956,0.0019607843137254832,-0.07772616557094625,0.7260383386581469
2023-10-30,1.081415011352357,0.0021743857360294605,-0.0757207865006505,0.7292332268370606
2023-10-31,1.0839959541002147,0.0023866348448686736,-0.07351486952332509,0.7276357827476038
2023-11-01,1.08000722439898,-0.003679653679653727,-0.0769240139428281,0.7272364217252395
2023-11-02,1.0823535359879417,0.002172496198131757,-0.07491863487253214,0.7238418530351437
2023-11-03,1.0816496425112532,-0.0006503360069369801,-0.07552024859362094,0.7294329073482427
2023-11-06,1.0762531258566415,-0.004989154013015362,-0.08013262045530156,0.739017571884984
2023-11-07,1.072029764996511,-0.003924133420536213,-0.08374230278183392,0.7368210862619807
2023-11-08,1.0678064041363804,-0.003939592908732692,-0.08735198510836628,0.7346246006389775
2023-11-09,1.0635794071874618,-0.00395857988165682,-0.09096477517915036,0.7352236421725238
2023-11-10,1.039683812197663,-0.022467147096227214,-0.1113882032908523,0.7298322683706068
2023-11-13,1.0468975767228852,0.006938421509106618,-0.10522264008731974,0.7288338658146963
2023-11-14,1.0568165029450658,0.009474590869939625,-0.09674499068246234,0.7288338658146963
2023-11-15,1.0676371497328991,0.010238907849829282,-0.08749664587716333,0.7338258785942491
2023-11-16,1.0658337086015937,-0.0016891891891891442,-0.08903803667804644,0.7266373801916932
2023-11-17,1.041938113611795,-0.022419627749576954,-0.10946146478974839,0.7256389776357827
2023-11-20,1.0293140256926558,-0.012115967113803583,-0.12025120039593062,0.7278354632587859
2023-11-21,1.0396838121976628,0.010074463425317592,-0.11138820329085242,0.7288338658146964
2023-11-22,1.0311174668239613,-0.00823937554206422,-0.11870980959504751,0.7210463258785943
2023-11-23,1.0309371063429658,-0.00017491749174902618,-0.11886396266465626,0.7248402555910544
2023-11-24,1.0402860825752596,0.009068425391590917,-0.11087344625023865,0.7198482428115016
2023-11-27,1.0419858964356767,0.0016339869281045694,-0.10942062508398076,0.715055910543131
2023-11-28,1.036036547924217,-0.005709624796084722,-0.11450549916588293,0.7158546325878595
2023-11-29,1.0428358033658855,0.00656275635767023,-0.1086942145008517,0.7104632587859426
2023-11-30,1.0572842211794309,0.013854930725346382,-0.09634523458766053,0.711261980830671
2023-12-01,1.0538845934585968,-0.003215434083601254,-0.09925087692017598,0.7084664536741215
2023-12-04,1.058984035039848,0.004838709677419395,-0.09489241342140264,0.7036741214057509
2023-12-05,1.0513348726679712,-0.007223113964686889,-0.10143010866956259,0.6904952076677319
2023-12-06,1.0666331974117247,0.014551333872271366,-0.08835471817324292,0.6914936102236424
2023-12-07,1.0640834766210991,-0.0023904382470119057,-0.09053394992262942,0.6896964856230035
2023-12-08,1.070032825132559,0.005591054313099031,-0.08544907584072714,0.6910942492012782
2023-12-11,1.0836313360158958,0.012708498808578161,-0.07382650651066491,0.6958865814696488
2023-12-12,1.0810816152252702,-0.0023529411764705577,-0.07600573826005153,0.6974840255591056
2023-12-13,1.0827814290856872,0.0015723270440251014,-0.07455291709379386,0.6859025559105434
2023-12-14,1.098079753829441,0.014128728414442682,-0.061477526597473964,0.6827076677316296
2023-12-15,1.0887307775971469,-0.00851393188854499,-0.06946804301189169,0.6813099041533549
2023-12-18,1.0827814290856872,-0.005464480874316835,-0.07455291709379386,0.6785143769968054
2023-12-19,1.0827814290856872,0.0,-0.07455291709379386,0.6789137380191695
2023-12-20,1.0912804983877726,0.007849293563579218,-0.06728881126250497,0.6727236421725242
2023-12-21,1.07583026396323,-0.014157894736842147,-0.0804940380925252,0.6789137380191695
2023-12-22,1.0812094152830463,0.0050000000000001155,-0.07589650828298777,0.6801118210862623
2023-12-25,1.0821059405030158,0.0008291873963517382,-0.07513025331473144,0.6819089456869012
2023-12-26,1.0892781422627706,0.006628003314001596,-0.06900021356868158,0.677915335463259
2023-12-27,1.092864243142648,0.003292181069958877,-0.0659351936956567,0.6799121405750801
2023-12-28,1.09017466748274,-0.0024610336341264194,-0.06823395860042536,0.6966853035143772
2023-12-29,1.0874850918228318,-0.002467105263157854,-0.07053272350519413,0.6986821086261983
2024-01-02,1.0847955161629237,-0.002473206924979432,-0.0728314884099629,0.6894968051118212
2024-01-03,1.0677615369835058,-0.015702479338842945,-0.08739033280683128,0.6875000000000001
2024-01-04,1.0623823856636896,-0.005037783375314908,-0.09198786261636871,0.6815095846645368
2024-01-05,1.0642894659771505,0.0017950978284239092,-0.09035789200036859,0.678115015974441
2024-01-08,1.0610947720398263,-0.003001715265866123,-0.0930883786024258,0.668730031948882
2024-01-09,1.0608665796157317,-0.00021505376344088667,-0.09328341335971557,0.670327476038339
2024-01-10,1.056759115982029,-0.0038718003871800466,-0.09679403899093209,0.6671325878594252
2024-01-11,1.056759115982029,0.0,-0.09679403899093209,0.6709265175718853
2024-01-12,1.0601820023434478,0.003239041243791707,-0.0938685176315851,0.6687300319488821
2024-01-15,1.0663431977940017,0.005811450710288435,-0.08860257918476055,0.6679313099041537
2024-01-16,1.0672559674903799,0.0008559811684141216,-0.08782244015560137,0.6723242811501601
2024-01-17,1.056759115982029,-0.009835364549925063,-0.09679403899093209,0.657348242811502
2024-01-18,1.0533362296206101,-0.003239041243791929,-0.09971956035027929,0.6525559105431313
2024-01-19,1.0617461767255214,0.00798410504492042,-0.09253162675022886,0.6539536741214061
2024-01-22,1.1286507303274036,0.06301369863013706,-0.035348688161887076,0.6401757188498407
2024-01-23,1.1839197093898277,0.04896907216494828,0.0,0.6445686900958472
2024-01-24,1.1097429217007846,-0.06265356265356259,-0.06265356265356259,0.6547523961661346
2024-01-25,1.1084778225378578,-0.0011399930003499472,-0.06372213103104052,0.6659345047923326
2024-01-26,1.1086330234010908,0.00014001260113416514,-0.06359104033122176,0.6647364217252401
2024-01-29,1.1086441091770363,9.999500025115182e-06,-0.06358167670980597,0.6587460063897768
2024-01-30,1.108633023401091,-9.999400036098116e-06,-0.06359104033122154,0.6475638977635786
2024-01-31,1.1086108518492008,-1.9999000049897298e-05,-0.06360976757405268,0.6433706070287544
2024-02-01,1.1086441091770365,2.9999100026989467e-05,-0.06358167670980575,0.642571884984026
2024-02-02,1.1086773665048721,2.999820010796128e-05,-0.06355358584555892,0.6365814696485628
2024-02-05,1.1086995380567624,1.999820016185261e-05,-0.0635348586027279,0.640575079872205
2024-02-06,1.108621937625146,-6.999230084681063e-05,-0.063600403952637,0.6611421725239621
2024-02-07,1.1087327953845982,9.999600015997423e-05,-0.06350676773848085,0.6669329073482433
2024-02-08,1.14494593829592,0.032661740558292185,-0.03291926875175866,0.6713258785942497
2024-02-19,1.14494593829592,0.0,-0.03291926875175866,0.6767172523961666
2024-02-20,1.142217711278535,-0.002382843526608336,-0.03522367081192124,0.6791134185303519
2024-02-21,1.1222107131510446,-0.017515923566879033,-0.05212261925311379,0.6886980830670931
2024-02-22,1.16313411841182,0.03646677471636939,-0.01755658835067475,0.6938897763578279
2024-02-23,1.2049669326783907,0.03596559812353406,0.0,0.6944888178913743
2024-02-26,1.1885975705740806,-0.0135849056603774,-0.013584905660377289,0.6875000000000004
2024-02-27,1.1904163885856704,0.0015302218821728886,-0.012075471698113294,0.695686900958467
2024-02-28,1.2131516137305458,0.01909854851031323,0.0,0.688498402555911
2024-02-29,1.2067857506899806,-0.005247376311844132,-0.005247376311844132,0.6994808306709269
2024-03-01,1.246799746944961,0.033157498116051176,0.0,0.7048722044728438
2024-03-04,1.3086395593390219,0.0495988329686361,0.0,0.7042731629392975
2024-03-05,1.2422527019159861,-0.05072967338429457,-0.05072967338429457,0.7100638977635786
2024-03-06,1.240960760596652,-0.001039998800036023,-0.05171691338488471,0.707268370607029
2024-03-07,1.2410228092551685,5.000050000503187e-05,-0.051669498756407584,0.703474440894569
2024-03-08,1.2410103995234651,-9.999600016019627e-06,-0.05167898168210305,0.70547124600639
2024-03-11,1.240923531401542,-6.999790006301243e-05,-0.05174536216197101,0.7150559105431312
2024-03-12,1.2408863022064323,-3.0001200048035415e-05,-0.0517738109390572,0.7160543130990418
2024-03-13,1.2408863022064323,0.0,-0.0517738109390572,0.7118610223642176
2024-03-14,1.2409359411332455,4.000280019611502e-05,-0.05173587923627554,0.7092651757188502
2024-03-15,1.2410724481819815,0.00011000330009891535,-0.05163156705362604,0.7110623003194891
2024-03-18,1.240923531401542,-0.0001199904007679331,-0.05174536216197101,0.7172523961661345
2024-03-19,1.2409359411332455,1.000040001608582e-05,-0.05173587923627554,0.712659744408946
2024-03-20,1.2422431282745214,0.0010533880903490509,-0.05073698910495761,0.7132587859424924
2024-03-21,1.2671898140472475,0.020081967213114726,-0.03167392044354067,0.7128594249201281
2024-03-22,1.2590439574683983,-0.006428284451586941,-0.03789859592481959,0.7066693290734828
2024-03-25,1.261589537649289,0.002021835826931051,-0.03595338483691979,0.7028753993610227
2024-03-26,1.2641351178301792,0.0020177562550443007,-0.03400817374902021,0.705071884984026
2024-03-27,1.270244510264316,0.00483286347160683,-0.02933966713806102,0.6974840255591058
2024-03-28,1.2801722729697886,0.007815631262525047,-0.021753343895252297,0.7008785942492016
2024-03-29,1.3048644007244259,0.01928812885265474,-0.0028847963426252843,0.7040734824281154
2024-04-01,1.312246583249008,0.005657432696059228,0.0,0.7156549520766778
2024-04-02,1.3132648153213642,0.0007759456838021261,0.0,0.7132587859424925
2024-04-03,1.331592992623775,0.01395619306067064,0.0,0.7104632587859429
2024-04-08,1.3629036288487273,0.023513668514624442,0.0,0.7046725239616617
2024-04-09,1.366721999120063,0.0028016436309301618,0.0,0.7034744408945691
2024-04-10,1.3715586014637546,0.003538834047308592,0.0,0.6982827476038342
2024-04-11,1.361376280740193,-0.007423904974016349,-0.007423904974016349,0.697683706070288
2024-04-12,1.4010873315620833,0.029169783096484547,0.0,0.6920926517571889
2024-04-15,1.3789407839883367,-0.015806686046511587,-0.015806686046511587,0.7066693290734829
2024-04-16,1.3878503146214531,0.006461140852870528,-0.009447674418604723,0.7002795527156555
2024-04-17,1.3901413367842548,0.0016507703595012302,-0.007812499999999778,0.7094648562300323
2024-04-18,1.38606840849483,-0.0029298663248489287,-0.01071947674418594,0.710662939297125
2024-04-19,1.3939621650975604,0.0056950699939134495,-0.005085454920628618,0.705071884984026
2024-04-22,1.3573011287119838,-0.02629987908101561,-0.03125158715215981,0.7036741214057511
2024-04-23,1.3370743500164932,-0.014902204284383713,-0.04568807390059082,0.6986821086261985
2024-04-24,1.3374957412393158,0.0003151591553733901,-0.045387313759998604,0.701477635782748
2024-04-25,1.3455021744729476,0.005986137366099653,-0.03967287108874462,0.7034744408945691
2024-04-26,1.3332818290110886,-0.009082367679298486,-0.04839491516592176,0.7134584664536745
2024-04-29,1.318954527435116,-0.01074589127686476,-0.05862075994606053,0.7220447284345053
2024-04-30,1.318067922512391,-0.0006722027972027025,-0.059253557704453175,0.7184504792332274
2024-05-06,1.3180810109183543,9.92999354565427e-06,-0.059244216098353175,0.728434504792333
2024-05-07,1.318198806572022,8.936905447542998e-05,-0.05916014164345362,0.7288338658146972
2024-05-08,1.3182773370078007,5.957404557421775e-05,-0.05910409200685374,0.7230431309904161
2024-05-09,1.3182380717899116,-2.978524835928198e-05,-0.05913211682515351,0.7300319488817899
2024-05-10,1.3185129283151364,0.00020850294882746034,-0.05893594309705452,0.7304313099041542
2024-05-13,1.3184998399091732,-9.926642114854722e-06,-0.05894528470315452,0.7298322683706078
2024-05-14,1.3185652819389886,4.9633703269824636e-05,-0.058898576672654857,0.7286341853035152
2024-05-15,1.318617635562841,3.9704991910083365e-05,-0.05886121024825497,0.7234424920127804
2024-05-16,1.3186438123747672,1.9851707743212543e-05,-0.05884252703605497,0.7258386581469657
2024-05-17,1.3298511460547262,0.00849913644214173,-0.0508435012597932,0.7340255591054322
2024-05-20,1.338951923786495,0.006843455945252375,-0.04434799057551464,0.735623003194889
2024-05-21,1.3093743961582462,-0.022090059473237056,-0.06545840029942007,0.7332268370607037
2024-05-22,1.3082367989417751,-0.0008688097306690512,-0.06627033913495484,0.7348242811501605
2024-05-23,1.2900352434782374,-0.013913043478260834,-0.07926136050351196,0.7274361022364224
2024-05-24,1.2672832991488154,-0.017636684303350747,-0.09550013721420825,0.719249201277956
2024-05-27,1.2659146483908537,-0.0010799880017996468,-0.09647698621364631,0.7252396166134193
2024-05-28,1.2658766736096365,-2.999790014701631e-05,-0.0965040900067945,0.7206469648562307
2024-05-29,1.265851357088825,-1.9999200032039255e-05,-0.09652215920222662,0.7208466453674128
2024-05-30,1.265927306651259,5.9998800024052557e-05,-0.09646795161593047,0.7180511182108633
2024-05-31,1.2659019901304478,-1.9998400127896332e-05,-0.09648602081136248,0.7152555910543137
2024-06-03,1.265889331870042,-9.999400036098116e-06,-0.09649505540907866,0.7162539936102243
2024-06-04,1.2658386988284194,-3.999800009990562e-05,-0.09653119379994268,0.721246006389777
2024-06-05,1.2658766736096365,2.9999700003058294e-05,-0.0965040900067945,0.7186501597444096
2024-06-06,1.265889331870042,9.999600015797583e-06,-0.09649505540907866,0.7186501597444096
2024-06-07,1.2659779396928819,6.999650017514014e-05,-0.09643181322506633,0.714057507987221
2024-06-11,1.2794326354705483,0.010627906976744206,-0.08682877458887683,0.7090654952076683
2024-06-12,1.3145639275045415,0.027458492975734217,-0.0617544689102828,0.7082667731629398
2024-06-13,1.3251850157938883,0.00807955251709136,-0.0541738648679172,0.7056709265175724
2024-06-14,1.353780253495976,0.02157829839704073,-0.0337645462923174,0.7096645367412145
2024-06-17,1.3962646066533633,0.03138201569100785,-0.0034421301228547696,0.7076677316293936
2024-06-18,1.4109707289001512,0.010532475131656005,0.0,0.7098642172523968
2024-06-19,1.3684863757427639,-0.030110017371163922,-0.030110017371163922,0.7078674121405756
2024-06-20,1.4207748103980098,0.03820895522388068,0.0,0.703274760383387
2024-06-21,1.3758394368661577,-0.03162737205290411,-0.031627372052904,0.7020766773162944
2024-06-24,1.3684863757427639,-0.005344418052256494,-0.03680276020701556,0.6986821086261986
2024-06-25,1.3227339954194237,-0.03343283582089551,-0.0690051753881541,0.6944888178913744
2024-06-26,1.3213715794041418,-0.0010299999999999745,-0.0699641000575042,0.6986821086261986
2024-06-27,1.3214772923018812,8.000240007199899e-05,-0.06988969495335562,0.6948881789137386
2024-06-28,1.321530148750751,3.999800010001664e-05,-0.06985249240128133,0.6962859424920133
2024-07-01,1.321530148750751,0.0,-0.06985249240128133,0.6990814696485628
2024-07-02,1.3214905064140987,-2.9997300243000957e-05,-0.06988039431533699,0.6980830670926522
2024-07-03,1.3214772923018812,-9.999400036098116e-06,-0.06988969495335562,0.6968849840255595
2024-07-04,1.3215565769751856,5.999700015002496e-05,-0.0698338911252443,0.6938897763578279
2024-07-05,1.3215565769751856,0.0,-0.0698338911252443,0.6904952076677321
2024-07-08,1.3215565769751856,0.0,-0.0698338911252443,0.6857028753993615
2024-07-09,1.3214112217407943,-0.00010998790133076586,-0.06993619814344842,0.6930910543130995
2024-07-10,1.3140003578843034,-0.005608294930875556,-0.07515227024879123,0.6914936102236426
2024-07-11,1.3451774497091045,0.02372685185185186,-0.05320854517946294,0.7006789137380196
2024-07-12,1.27445868044797,-0.0525720746184285,-0.1029833361903787,0.7026757188498408
2024-07-15,1.2733104232885692,-0.0009009763729627132,-0.10379152701062488,0.7040734824281154
2024-07-16,1.2732978157553672,-9.901382232890832e-06,-0.10380040071327634,0.7090654952076682
2024-07-17,1.273348245888176,3.960592108520622e-05,-0.1037649059026704,0.7100638977635787
2024-07-18,1.273360853421378,9.90108812959356e-06,-0.10375603220001894,0.714257188498403
2024-07-19,1.2735751814858152,0.00016831683168305744,-0.10360517925494384,0.7188498402555916
2024-07-22,1.2735247513530066,-3.95972955046231e-05,-0.10364067406554966,0.7130591054313106
2024-07-23,1.2736003965522198,5.939829526901974e-05,-0.1035874318496407,0.6990814696485629
2024-07-24,1.2736382191518263,2.9697383660431953e-05,-0.10356081074168633,0.6946884984025565
2024-07-25,1.2736634342182307,1.9797667834664523e-05,-0.1035430633363833,0.6906948881789143
2024-07-26,1.2738021170834548,0.0001088850174215672,-0.10344545260721694,0.693690095846646
2024-07-29,1.273865154749466,4.9487801257130926e-05,-0.10340108409395943,0.6896964856230038
2024-07-30,1.2739155848822745,3.958828186845231e-05,-0.1033655892833536,0.6851038338658153
2024-07-31,1.2738399396830613,-5.938007204786544e-05,-0.10341883149926256,0.7004792332268376
2024-08-01,1.274029052681094,0.0001484589956253224,-0.10328572595949037,0.695487220447285
2024-08-02,1.2742307732123292,0.0001583327560785719,-0.1031437467170665,0.6882987220447291
2024-08-05,1.274356848544351,9.894230674079019e-05,-0.10305500969055181,0.6805111821086268
2024-08-06,1.274356848544351,0.0,-0.10305500969055181,0.6805111821086268
2024-08-07,1.2744198862103622,4.946625906487867e-05,-0.1030106411772942,0.6791134185303521
2024-08-08,1.274356848544351,-4.9463812274996855e-05,-0.10305500969055181,0.6799121405750806
2024-08-09,1.2745585690755863,0.00015829202900707884,-0.10291303044812783,0.6775159744408953
2024-08-12,1.274608999208395,3.956674415150907e-05,-0.10287753563752189,0.6767172523961669
2024-08-13,1.2746342142747995,1.9782589343098067e-05,-0.10285978823221897,0.6777156549520775
2024-08-14,1.2746594293412037,1.9782197999917983e-05,-0.10284204082691606,0.6729233226837069
2024-08-15,1.2746972519408104,2.9672710008643577e-05,-0.10281541971896158,0.680511182108627
2024-08-16,1.2748863649388433,0.0001483591478250723,-0.10268231417918927,0.6809105431309913
2024-08-19,1.2748989724720456,9.889142710273191e-06,-0.1026734404765377,0.6827076677316303
2024-08-20,1.2749872252044612,6.922331441239216e-05,-0.10261132455797717,0.6795127795527165
2024-08-21,1.2749620101380568,-1.977672082198456e-05,-0.10262907196328008,0.6765175718849848
2024-08-22,1.2751259080696853,0.0001285512276643086,-0.1025137138288108,0.6747204472843459
2024-08-23,1.275176338202494,3.9549139806194233e-05,-0.10247821901820486,0.6775159744408954
2024-08-26,1.2817783412790602,0.005177325581395499,-0.09783145654166803,0.6777156549520776
2024-08-27,1.2808525353265292,-0.0007222824124233362,-0.09848307701364956,0.6743210862619817
2024-08-28,1.2794638263977327,-0.0010842067220817597,-0.09946050772162185,0.6703274760383396
2024-08-29,1.2810839868146622,0.0012662807525327668,-0.09832017189565401,0.6683306709265185
2024-08-30,1.2780751174689367,-0.0023486901535682003,-0.10043793842959381,0.6773162939297134
2024-09-02,1.2709001213368218,-0.005613908004346357,-0.10548799708745027,0.6653354632587868
2024-09-03,1.2732146362181493,0.0018211619012931113,-0.10385894590749645,0.6677316293929721
2024-09-04,1.2644194796691055,-0.0069078349391020755,-0.11004934039132042,0.6635383386581479
2024-09-05,1.2734460877062819,0.007138934651290452,-0.10369604078950123,0.6649361022364227
2024-09-06,1.2769178600282731,0.0027262813522357376,-0.10125246401957055,0.6593450479233237
2024-09-09,1.2676598005029638,-0.007250317201377587,-0.10776866873938529,0.6511581469648573
2024-09-10,1.275992054075742,0.006572941391272513,-0.1019040844915522,0.6511581469648573
2024-09-11,1.282704147231591,0.005260293850897879,-0.09717983606968672,0.6497603833865825
2024-09-12,1.280158180862131,-0.001984843016961446,-0.09897179236763576,0.6475638977635793
2024-09-13,1.2986742999127494,0.014463930573133332,-0.08593938292800651,0.6445686900958477
2024-09-18,1.298211396936484,-0.0003564427018356575,-0.08626519316399728,0.6465654952076688
2024-09-19,1.2961283335432892,-0.0016045640934213568,-0.08773133922595566,0.6519568690095857
2024-09-20,1.3107097772956515,0.011250000000000204,-0.07746831679224742,0.6537539936102247
2024-09-23,1.3218194487260226,0.008476072752957808,-0.06964887112846985,0.6555511182108636
2024-09-24,1.3185791278921644,-0.002451409560497275,-0.07192954278040498,0.6843051118210873
2024-09-25,1.328531541881872,0.007547832192382087,-0.06492462270660415,0.6936900958466464
2024-09-26,1.3310775082513322,0.0019163763066203376,-0.063132666408655,0.7268370607028765
2024-09-27,1.3211250942616248,-0.007476960528603693,-0.07013758648245572,0.7725638977635794
2024-09-30,1.320893642773492,-0.0001751927119831853,-0.07030049160045104,0.845247603833867
2024-10-08,1.3225138031904213,0.0012265638689330505,-0.06916015577448342,0.8809904153354646
2024-10-09,1.3053863930685992,-0.012950647532376736,-0.08121513450614049,0.8031150159744422
2024-10-10,1.3137186466413777,0.006382978723404431,-0.07535055025830717,0.8158945686900971
2024-10-11,1.3283000903937396,0.0110993657505285,-0.06508752782459926,0.7941293929712472
2024-10-14,1.3421871796817035,0.010454783063251538,-0.05531322074487721,0.8067092651757201
2024-10-15,1.3421871796817035,0.0,-0.05531322074487721,0.7849440894568702
2024-10-16,1.3618605561729855,0.014657699603379815,-0.041466285715271334,0.7799520766773175
2024-10-17,1.3667210374237728,0.0035690006798096974,-0.038045278237368696,0.7713658146964868
2024-10-18,1.375979096949082,0.006773920406435208,-0.031529073517554074,0.8019169329073496
2024-10-21,1.3933379585590364,0.01261564339781307,-0.019311189667901907,0.8019169329073496
2024-10-22,1.392875055582771,-0.00033222591362125353,-0.01963699990389267,0.8067092651757202
2024-10-23,1.4016702121318148,0.006314390162844852,-0.013446605420068702,0.8097044728434517
2024-10-24,1.3875516713557183,-0.010072655217965631,-0.023383817617785962,0.800918530351439
2024-10-25,1.3882460258201166,0.000500417014178467,-0.02289510226379976,0.8067092651757202
2024-10-28,1.3926436040946386,0.0031677225741915116,-0.019799905021887776,0.8079073482428129
2024-10-29,1.4044476299894078,0.008475984709988227,-0.011491744004124227,0.8013178913738032
2024-10-30,1.4211121371349644,0.011865524060646004,0.0,0.7929313099041546
2024-10-31,1.4125484320740533,-0.006026058631921849,-0.006026058631921849,0.7929313099041546
2024-11-01,1.4005129546911514,-0.008520399803375378,-0.014495114006514598,0.7945287539936114
2024-11-04,1.3900976377251786,-0.007436787307882997,-0.02182410423452763,0.8051118210862632
2024-11-05,1.3900976377251786,0.0,-0.02182410423452763,0.8260782747603845
2024-11-06,1.3873202198675858,-0.0019980019980020414,-0.02377850162866446,0.8208865814696498
2024-11-07,1.3563057204578,-0.02235568902235563,-0.0456026058631922,0.8482428115015987
2024-11-08,1.3651008770068436,0.006484641638225153,-0.039413680781759,0.8374600638977648
2024-11-11,1.366721037423773,0.0011868429976265027,-0.03827361563517895,0.8416533546325892
2024-11-12,1.3440387915867655,-0.016596104995766248,-0.0542345276872962,0.8324680511182121
2024-11-13,1.3426815033320267,-0.0010098579469840488,-0.05518961646549436,0.837659744408947
2024-11-14,1.342734448186259,3.943217665614007e-05,-0.05515236053554429,0.8234824281150172
2024-11-15,1.3427873930404912,3.943062182076851e-05,-0.05511510460559432,0.8097044728434517
2024-11-18,1.3428271016811655,2.9571800331140707e-05,-0.05508716265813174,0.8063099041533559
2024-11-19,1.3428535741082819,1.9713950577315842e-05,-0.055068534693156534,0.8103035143769981
2024-11-20,1.3430124086709787,0.00011828137166958186,-0.05495676690330631,0.8123003194888191
2024-11-21,1.343078589738769,4.927807618382296e-05,-0.054910196990868854,0.8132987220447297
2024-11-22,1.3433433140099305,0.00019710259189897883,-0.05472391734111848,0.7893370607028766
2024-11-25,1.3432109518743498,-9.853187506148053e-05,-0.05481705716599361,0.7849440894568702
2024-11-26,1.3432771329421402,4.9270792274347386e-05,-0.05477048725355593,0.7833466453674133
2024-11-27,1.3252678864178562,-0.013406947890818977,-0.06744313007581171,0.7961261980830683
2024-11-28,1.3263778260212213,0.0008375209380235837,-0.0666620941713526,0.7903354632587872
2024-11-29,1.3297076448313163,0.002510460251045954,-0.06431898645797529,0.798921725239618
2024-12-02,1.3297076448313163,0.0,-0.06431898645797529,0.8049121405750811
2024-12-03,1.3297076448313163,0.0,-0.06431898645797529,0.8057108626198096
2024-12-04,1.3341474032447764,0.0033388981636059967,-0.061194842840138874,0.8015175718849854
2024-12-05,1.3530163765019825,0.014143094841930326,-0.04791723246433355,0.8001198083067106
2024-12-06,1.3330374636414117,-0.014766201804757961,-0.06197587874459776,0.8101038338658163
2024-12-09,1.3330374636414117,0.0,-0.06197587874459776,0.8095047923322699
2024-12-10,1.3252678864178562,-0.00582847626977534,-0.06744313007581171,0.8156948881789151
2024-12-11,1.3239426185314382,-0.001,-0.06837568694573604,0.8136980830670941
2024-12-12,1.35048783394059,0.020050125313283207,-0.04969650272409665,0.8220846645367427
2024-12-13,1.3582301884349257,0.005733005733005614,-0.044248407326118566,0.8027156549520781
2024-12-16,1.3759269987076934,0.013029315960912058,-0.0317956178450256,0.7979233226837075
2024-12-17,1.3925177583384132,0.012057877813504758,-0.020121127706501096,0.8001198083067106
2024-12-18,1.4002601128327492,0.005559968228753043,-0.014673032308522793,0.8035143769968064
2024-12-19,1.3648664922872136,-0.025276461295418717,-0.03957861127070872,0.8047124600638991
2024-12-20,1.335003124951918,-0.021880064829821633,-0.06059269352005292,0.8023162939297136
2024-12-23,1.3836693532020292,0.036454018227009,-0.026347522447047522,0.8031150159744421
2024-12-24,1.3825633025599813,-0.0007993605115906854,-0.027125821789615867,0.8125000000000011
2024-12-25,1.3850607111074495,0.0018063610851263298,-0.025368459733372206,0.8130990415335474
2024-12-26,1.396689019316374,0.008395522388059629,-0.01718591881695475,0.8132987220447295
2024-12-27,1.3876447795983216,-0.006475485661424529,-0.023550117307501672,0.8121006389776368
2024-12-30,1.3915208823346294,0.0027932960893852776,-0.020822603668696038,0.8158945686900969
2024-12-31,1.3501757864806756,-0.029712163416898862,-0.04991608248262536,0.803115015974442
2025-01-02,1.3036625536449775,-0.034449760765550286,-0.08264624614829574,0.7805511182108636
2025-01-03,1.302384961996024,-0.0009800017998381474,-0.08354525447815864,0.7725638977635794
2025-01-06,1.3022417154073291,-0.00010998790133076586,-0.08364605341228326,0.7693690095846656
2025-01-07,1.3022938050759454,4.0000000000040004e-05,-0.08360939925441979,0.7747603833865825
2025-01-08,1.3023458947445614,3.9998400063856465e-05,-0.08357274509655643,0.7735623003194898
2025-01-09,1.3023068274930993,-2.999760019195552e-05,-0.08360023571495401,0.771964856230033
2025-01-10,1.3023589171617156,3.999800010001664e-05,-0.08356358155709054,0.7633785942492023
2025-01-13,1.3021896257387127,-0.00012998830105293013,-0.08368270757014695,0.7603833865814706
2025-01-14,1.3020984688186343,-7.00028001119346e-05,-0.08374685234640789,0.7799520766773174
2025-01-15,1.3023068274930993,0.00016001760193606884,-0.08360023571495401,0.7753594249201288
2025-01-16,1.302267760241637,-2.999850007501248e-05,-0.08362772633335169,0.7757587859424929
2025-01-17,1.2985419172452135,-0.0028610421836229296,-0.08624950606421444,0.7783546325878604
2025-01-20,1.3735974786521772,0.05779987569919198,-0.03343484109465089,0.7821485623003205
2025-01-21,1.3929666557894584,0.014101057579318566,-0.019805250134763308,0.7831469648562311
2025-01-22,1.4647940210068753,0.05156431054461175,0.0,0.7759584664536752
2025-01-23,1.4647940210068753,0.0,0.0,0.7781549520766783
2025-01-24,1.4647940210068753,0.0,0.0,0.7845447284345058
2025-01-27,1.318155228914783,-0.10010881392818294,-0.10010881392818294,0.7801517571884995
2025-02-05,1.316968639234218,-0.0009001896396846334,-0.10091888665072835,0.7761581469648573
2025-02-06,1.3168503486378795,-8.982035928140064e-05,-0.10099964243935244,0.7851437699680521
2025-02-07,1.316902922236252,3.99237456456536e-05,-0.1009637509777418,0.7963258785942503
2025-02-10,1.3169160656358452,9.980537950982082e-06,-0.1009547781123391,0.7971246006389787
2025-02-11,1.3170343562321836,8.982394506773517e-05,-0.1008740223237149,0.7939297124600649
2025-02-12,1.3170080694329973,-1.995908387797396e-05,-0.10089196805452028,0.8015175718849851
2025-02-13,1.3171000732301492,6.985818787841325e-05,-0.10082915799670156,0.7995207667731639
2025-02-14,1.3173497978224193,0.00018960183614424864,-0.10065867355405045,0.8055111821086273
2025-02-17,1.3174286582199781,5.986291392701126e-05,-0.10060483636163442,0.8069089456869022
2025-02-18,1.3172840808244535,-0.00010974210605074752,-0.1007035378810639,0.8011182108626209
2025-02-19,1.3243869364648084,0.005392045454545636,-0.09585449048020644,0.8053115015974452
2025-02-20,1.304759465987913,-0.014820042342978179,-0.10925396521550335,0.8029153354632599
2025-02-21,1.3430797654904232,0.02936962750716332,-0.08309308597039988,0.8136980830670938
2025-02-24,1.3524261800032307,0.00695894224077942,-0.0767123837154966,0.8111022364217264
2025-02-25,1.3243869364648084,-0.020732550103662817,-0.09585449048020644,0.8029153354632599
2025-02-26,1.3757922162852492,0.03881439661256181,-0.060760628078238454,0.8095047923322695
2025-02-27,1.3739229333826877,-0.0013586956521739468,-0.06203676852921913,0.8121006389776368
2025-02-28,1.3234522950135277,-0.03673469387755102,-0.09649256070569678,0.797523961661343
2025-03-03,1.3281255022699316,0.0035310734463278592,-0.09330220957824498,0.7949281150159755
2025-03-04,1.3318640680750546,0.0028149190710766714,-0.09074992867628362,0.7941293929712471
2025-03-05,1.3561647458083539,0.01824561403508773,-0.07416010281353513,0.797523961661343
2025-03-06,1.4000928940185486,0.03239145416953826,-0.044170802215489746,0.808506389776359
2025-03-07,1.3972889696647066,-0.0020026702269692054,-0.04608501289196065,0.8065095846645378
2025-03-10,1.377661499187811,-0.01404682274247504,-0.059484487627257554,0.8033146964856241
2025-03-11,1.3655111603211614,-0.008819538670284843,-0.06777940055863174,0.8057108626198095
2025-03-12,1.3589686701621961,-0.00479123887748123,-0.07224589213706412,0.8037140575079884
2025-03-13,1.3505568971006696,-0.0061898211829435335,-0.07798852416647695,0.7997204472843461
2025-03-14,1.3870079137006184,0.0269896193771626,-0.05310378537235427,0.8198881789137391
2025-03-17,1.3954196867621451,0.006064690026954311,-0.04736115334294122,0.8174920127795539
2025-03-18,1.423458930300567,0.020093770931011168,-0.02821904657823171,0.8192891373801927
2025-03-19,1.4374825505901179,0.009851791288835954,-0.018645263446654403,0.8204872204472853
2025-03-20,1.438962312039255,0.0010294117647060563,-0.017635045335496424,0.8138977635782756
2025-03-21,1.4319862937790382,-0.004847950639048082,-0.02239750214524061,0.8007188498402564
2025-03-24,1.4332546607354413,0.0008857395925598865,-0.021531600907105264,0.8041134185303523
2025-03-25,1.4319862937790382,-0.0008849557522123686,-0.02239750214524061,0.8045127795527165
2025-03-26,1.4364255781264488,0.003100088573959159,-0.01936684781176712,0.8013178913738027
2025-03-27,1.4400192845029243,0.002501839587932375,-0.016913460970383598,0.8041134185303523
2025-03-28,1.466654990587388,0.018496770405167284,0.0,0.8003194888178923
2025-03-31,1.4822981830496924,0.010665897953300751,0.0,0.7955271565495217
2025-04-01,1.4915995407299816,0.0062749572162008604,0.0,0.7951277955271575
2025-04-02,1.485891889426168,-0.003826530612244916,-0.003826530612244916,0.7945287539936111
2025-04-03,1.4996325314538674,0.009247403613600769,0.0,0.7905351437699689
2025-04-07,1.4537599265306238,-0.030589230335494877,-0.030589230335494877,0.737819488817892
2025-04-08,1.463906862181848,0.006979787698124129,-0.0238229489709616,0.7448083067092658
2025-04-09,1.482298183049692,0.012563176895306727,-0.011559063997744867,0.7519968051118218
2025-04-10,1.5144301459452358,0.02167712492869378,0.0,0.7645766773162946
2025-04-11,1.5374721456532243,0.015214963707425921,0.0,0.7667731629392978
2025-04-14,1.5488874482608517,0.007424721572941051,0.0,0.7683706070287547
2025-04-15,1.5484646592753841,-0.0002729630135116512,-0.0002729630135115402,0.768969648562301
2025-04-16,1.5860928789820077,0.024300341296928263,0.0,0.77076677316294
2025-04-17,1.599199337531506,0.008263361322137897,0.0,0.7713658146964864
2025-04-18,1.6030044384007152,0.002379378717779268,0.0,0.7733626198083074
2025-04-21,1.6328110618761866,0.018594223921930553,0.0,0.7737619808306717
2025-04-22,1.6873508410015174,0.03340238218539615,0.0,0.7743610223642181
2025-04-23,1.5854586955038061,-0.060385868203457815,-0.060385868203457815,0.7751597444089466
2025-04-24,1.5839208015204618,-0.0009699993999879855,-0.061297293347520654,0.7751597444089466
2025-04-25,1.5839366405700863,9.999900000945416e-06,-0.06128790641432358,0.7751597444089466
2025-04-28,1.5838257672227136,-6.999860002787628e-05,-0.06135361494670377,0.773961661341854
2025-04-29,1.5838416062723384,1.0000500024975878e-05,-0.061344228013506474,0.7725638977635793
2025-04-30,1.584126709165583,0.00018000720028799044,-0.06117526321595712,0.771964856230033
2025-05-06,1.583873284371588,-0.00015997760313546383,-0.0613254541471121,0.779353035143771
2025-05-07,1.5838891234212125,1.0000200003856818e-05,-0.061316067213914915,0.7841453674121416
2025-05-08,1.583873284371588,-1.0000100000850942e-05,-0.0613254541471121,0.7887380191693301
2025-05-09,1.5839841577189606,7.000140002788591e-05,-0.06125974561473191,0.7877396166134194
2025-05-12,1.5838891234212122,-5.999700015002496e-05,-0.06131606721391514,0.7967252396166143
2025-05-13,1.5372894381584514,-0.029421052631578903,-0.08893313660483193,0.7975239616613429
2025-05-14,1.5439515809023667,0.004333694474539573,-0.08498485117300025,0.8077076677316304
2025-05-15,1.5123064028687692,-0.02049622437971954,-0.1037392069742008,0.8009185303514387
2025-05-16,1.5481154201173135,0.02367841409691618,-0.08251717277810555,0.7965255591054322
2025-05-19,1.5356239024724725,-0.008068854222700317,-0.08992020796278999,0.7953274760383395
2025-05-20,1.5631052412911228,0.017895878524945674,-0.07363353055648425,0.7993210862619817
2025-05-21,1.5672690805060698,0.002663825253063301,-0.07116585216158944,0.8025159744408955
2025-05-22,1.5622724734481335,-0.0031880977683315104,-0.07412706623546317,0.8021166134185314
2025-05-23,1.5614397056051441,-0.0005330490405116572,-0.07462060191444209,0.7963258785942502
2025-05-26,1.5739312232499854,0.008000000000000007,-0.06721756672975754,0.792132587859426
2025-05-27,1.571432919721017,-0.0015873015873015817,-0.06869817376669451,0.7879392971246016
2025-05-28,1.5722656875640062,0.0005299417064121847,-0.06820463808771571,0.7871405750798732
2025-05-29,1.5822589016798794,0.006355932203389925,-0.062282209939968025,0.7919329073482438
2025-05-30,1.5597741699191654,-0.014210526315789451,-0.07560767327239992,0.790535143769969
2025-06-03,1.5730984554069962,0.008542445274960064,-0.06771110240873635,0.7901357827476048
2025-06-04,1.5755967589359643,0.0015881418740073538,-0.06623049537179959,0.7935303514377008
2025-06-05,1.5714329197210173,-0.0026427061310781985,-0.0686981737666944,0.7955271565495219
2025-06-06,1.573098455406996,0.0010598834128245915,-0.06771110240873657,0.7959265175718861
2025-06-09,1.568934616192049,-0.0026469031233457008,-0.07017878080363127,0.797723642172525
2025-06-10,1.5581086342331867,-0.006900212314224996,-0.07659474463035787,0.7931309904153365
2025-06-11,1.561823312855242,0.0023840947546530664,-0.07439325900461191,0.7995207667731639
2025-06-12,1.556555780602779,-0.003372681281618939,-0.07751503553410732,0.7999201277955282
2025-06-13,1.539436300782275,-0.010998307952622577,-0.08766080925496722,0.7947284345047934
2025-06-16,1.552605131413432,0.008554319931565413,-0.07985636793122874,0.7967252396166145
2025-06-17,1.5591895467290102,0.004240882103477395,-0.07595414726935967,0.7965255591054322
2025-06-18,1.5539220144765473,-0.0033783783783783994,-0.07907592379885509,0.779552715654953
2025-06-19,1.5447038330347374,-0.0059322033898304705,-0.08453903272547203,0.7733626198083077
2025-06-20,1.5473375991609688,0.0017050298380221207,-0.08297814446072438,0.7743610223642182
2025-06-23,1.542070066908506,-0.0034042553191488967,-0.08609992099021979,0.7769568690095856
2025-06-24,1.5802596757388616,0.024765157984628416,-0.06346704115137813,0.7859424920127804
2025-06-25,1.5755460525289413,-0.002982815598149279,-0.06626054626921274,0.7989217252396176
2025-06-26,1.5682421966562905,-0.004635761589404042,-0.07058913976332903,0.7959265175718859
2025-06-27,1.556764708856411,-0.007318695941450404,-0.0773912152540831,0.7913338658146973
2025-06-30,1.5494608529837604,-0.004691689008042843,-0.08171980874819917,0.7951277955271574
2025-07-01,1.556764708856411,0.00471380471380467,-0.0773912152540831,0.79632587859425
2025-07-02,1.574502644547134,0.011394101876675444,-0.06687891676837232,0.7971246006389784
2025-07-03,1.5724158285835195,-0.001325381047051044,-0.06811565776669126,0.8017172523961669
2025-07-04,1.5734592365653268,0.0006635700066357497,-0.06749728726753168,0.8051118210862629
2025-07-07,1.5828499084015921,0.005968169761273234,-0.061931952775096444,0.801517571884985
2025-07-08,1.5849367243652068,0.0013183915622940745,-0.06069521177677739,0.8083067092651767
2025-07-09,1.5738894788386613,-0.006970149253731294,-0.06724230634543782,0.8077076677316303
2025-07-10,1.5909045002315119,0.010810810810810922,-0.05715843938701004,0.8117012779552726
2025-07-11,1.5975214529953978,0.004159239453356944,-0.05323693556984388,0.8144968051118219
2025-07-14,1.591849779197781,-0.0035502958579881616,-0.0565982245559864,0.8142971246006399
2025-07-15,1.6306062168148294,0.024346793349168783,-0.033629416484012076,0.8142971246006399
2025-07-16,1.6211534271521348,-0.005797101449275366,-0.03923156479424961,0.8125000000000009
2025-07-17,1.6504570751064882,0.018075801749271037,-0.021864905032513038,0.8190894568690106
2025-07-18,1.6504570751064882,0.0,-0.021864905032513038,0.8250798722044738
2025-07-21,1.668417375465608,0.010882016036655173,-0.011220823243061617,0.8300718849840265
2025-07-22,1.6693626544318776,0.0005665722379604166,-0.010660608412037864,0.8388578274760392
2025-07-23,1.6750343282294944,0.003397508493771184,-0.007299319425895234,0.838458466453675
2025-07-24,1.6750343282294944,0.0,-0.007299319425895234,0.8436501597444097
2025-07-25,1.6618004227017218,-0.007900677200902928,-0.01514232706022789,0.8392571884984035
2025-07-28,1.6750343282294944,0.007963594994311762,-0.007299319425895234,0.8414536741214067
2025-07-29,1.6750343282294944,0.0,-0.007299319425895234,0.8456469648562309
2025-07-30,1.668417375465608,-0.003950338600451575,-0.011220823243061617,0.8450479233226846
2025-07-31,1.7081190920489258,0.023796033994334387,0.0,0.8296725239616622
2025-08-01,1.6759796071957638,-0.018815716657443304,-0.018815716657443304,0.8252795527156558
2025-08-04,1.659909864769183,-0.00958826847151717,-0.0282235749861649,0.829073482428116
2025-08-05,1.7090643710151954,0.029612756264236983,0.0,0.8352635782747612
2025-08-06,1.7254307503930641,0.009576221735959067,0.0,0.8374600638977645
2025-08-07,1.7260534247887311,0.00036088054853844476,0.0,0.8372603833865823
2025-08-08,1.720449355227729,-0.0032467532467531646,-0.0032467532467531646,0.8352635782747613
2025-08-11,1.7453563310544062,0.014477017734346731,0.0,0.8390575079872213
2025-08-12,1.7515830750110757,0.0035676061362825973,0.0,0.8442492012779562
2025-08-13,1.7771127252334198,0.014575186633487336,0.0,0.8512380191693301
2025-08-14,1.757809818967745,-0.010861948142957267,-0.010861948142957267,0.8498402555910554
2025-08-15,1.793924933916427,0.020545518951470054,0.0,0.8576277955271575
2025-08-18,1.820077258534438,0.014578271433530077,0.0,0.8640175718849851
2025-08-19,1.8213226073257716,0.0006842285323296338,0.0,0.8596246006389786
2025-08-20,1.8418708623827806,0.011282051282051508,0.0,0.8714057507987231
2025-08-21,1.8250586536997733,-0.009127789046653234,-0.009127789046653234,0.8742012779552726
2025-08-22,1.856815047878787,0.017400204708290845,0.0,0.8943690095846656
2025-08-25,1.8810993493097972,0.013078470824949617,0.0,0.9115415335463269
2025-08-26,1.8810993493097972,0.0,0.0,0.9067492012779563
2025-08-27,1.8480976063394499,-0.01754385964912275,-0.01754385964912275,0.893570287539937
2025-08-28,1.873627256561794,0.01381401617250666,-0.003972194637537285,0.9103434504792342
2025-08-29,1.8717592333747932,-0.0009970089730807485,-0.0049652432969214955,0.9187300319488826
2025-09-01,1.891684814036135,0.010645375914837052,0.0,0.9217252396166141
2025-09-02,1.8424935367784476,-0.02600394996708355,-0.02600394996708355,0.9165335463258794
2025-09-03,1.8345541089703972,-0.0043090668431501325,-0.030200964051639634,0.9083466453674129
2025-09-04,1.759027976994192,-0.04116865869853925,-0.0701262895687701,0.8897763578274768
2025-09-05,1.835772272389368,0.04362880886426579,-0.029557007188460327,0.9093450479233234
2025-09-08,1.8321177821324548,-0.001990710019907027,-0.0314888777779988,0.9095447284345054
2025-09-09,1.845517579741136,0.007313829787233939,-0.024405352283024206,0.9041533546325884
2025-09-10,1.8272451284565705,-0.009900990099009799,-0.03406470523071692,0.9061501597444097
2025-09-11,1.8564810505118756,0.016000000000000014,-0.018609740514408446,0.930511182108627
2025-09-12,1.9027712604327756,0.02493438320209984,0.0,0.9227236421725249
2025-09-15,1.869880848120557,-0.01728553137003852,-0.01728553137003852,0.9243210862619815
2025-09-16,1.845517579741136,-0.013029315960912058,-0.03008962868117815,0.9225239616613427
2025-09-17,1.8280476603408773,-0.009466135458167324,-0.03927093163836348,0.9291134185303522
2025-09-18,1.8046346943244571,-0.012807634354595754,-0.05157559825977076,0.917332268370608
2025-09-19,1.8128980940949584,0.004578987534978429,-0.04723277474633292,0.919329073482429
2025-09-22,1.847328926472047,0.018992149911370104,-0.02913767677367507,0.9223242811501605
2025-09-23,1.86913512031087,0.011804174950298396,-0.017677448057658474,0.9229233226837069
2025-09-24,1.879923447789024,0.005771828564411052,-0.012007650692892446,0.9311102236421734
2025-09-25,1.8698237369584119,-0.005372405372405242,-0.01731554609820518,0.937500000000001
2025-09-26,1.8730372813136067,0.001718634912840633,-0.015626670287423816,0.9287140575079882
2025-09-29,1.8957616306824852,0.012132352941176539,-0.003683905625469719,0.9440894568690105
2025-09-30,1.914124741283599,0.009686402712192788,0.0,0.9466853035143779
2025-10-09,2.0036449054640286,0.04676819762561446,0.0,0.961661341853036
2025-10-10,1.9744934673847607,-0.014549203803413735,-0.014549203803413735,0.9422923322683716
2025-10-13,2.033484960190839,0.029876772843524746,0.0,0.9369009584664547
2025-10-14,2.060341009444968,0.0132069082289199,0.0,0.9275159744408954
2025-10-15,2.1087737136554057,0.02350713012477712,0.0,0.9396964856230041
2025-10-16,2.121857429958699,0.006204419288124541,0.0,0.9426916932907358
2025-10-17,2.19622802789321,0.035049762007788754,0.0,0.9233226837060711
2025-10-20,2.127366363139034,-0.031354515050167064,-0.03135451505016695,0.9265175718849848
2025-10-21,2.178323995057125,0.023953388001726417,-0.008152173913043126,0.9404952076677325
2025-10-22,2.089033369759209,-0.04099051633298201,-0.048808528428093245,0.937500000000001
2025-10-23,2.038261528704745,-0.024303987571206664,-0.07192627413101471,0.9410942492012788
2025-10-24,2.042584458776229,0.0021208907741250282,-0.06995793112811133,0.9524760383386588
2025-10-27,2.0901366895625544,0.023280423280423346,-0.048306158096173,0.963658146964857
2025-10-28,2.0912174220804256,0.0005170630816959676,-0.04781407234544699,0.9588658146964864
2025-10-29,2.1420118504203636,0.02428940568475446,-0.024686042061331293,0.970846645367413
2025-10-30,2.108509142366362,-0.01564076690211902,-0.03994070033383312,0.9630591054313109
2025-10-31,2.1301237927237824,0.01025115325474113,-0.030098985319315763,0.9496805111821096
2025-11-03,2.153899908116945,0.011161846778285245,-0.0192730988033466,0.9510782747603842
2025-11-04,2.085813759491071,-0.031610637230306105,-0.050274501099076274,0.9442891373801926
2025-11-05,2.0663605741693925,-0.00932642487046631,-0.05913204461214183,0.9454872204472854
2025-11-06,2.103096019411898,0.01777784850413744,-0.042405436638859095,0.9594648562300329
2025-11-07,2.0925838243757875,-0.004998437988128712,-0.047191913681588926,0.9574680511182118
2025-11-10,2.074844495252351,-0.008477237048665653,-0.05526909369119548,0.9598642172523971
2025-11-11,2.0452789467132897,-0.014249525015832765,-0.068731060373873,0.9510782747603842
2025-11-12,2.041993885764505,-0.0016061676839062011,-0.0702268344497261,0.9514776357827482
2025-11-13,2.090612787806517,0.023809523809523725,-0.04808937812710057,0.9608626198083074
2025-11-14,2.0321387029181515,-0.02796983029541167,-0.07471415667728531,0.9466853035143776
2025-11-17,2.0262255932103392,-0.0029097963142579175,-0.0774065500138208,0.9404952076677324
2025-11-18,2.004544190948361,-0.010700389105058328,-0.08727865891445119,0.9351038338658155
2025-11-19,2.008486264086902,0.001966568338249708,-0.08548373002342757,0.9378993610223652
2025-11-20,1.9972961263298465,-0.00557142857142856,-0.09057889209901127,0.9337060702875408
2025-11-21,1.8918132080621393,-0.05281285878300812,-0.138608020644873,0.9113418530351447
2025-11-24,1.8897904152540925,-0.0010692349537609882,-0.13952905105808888,0.90994408945687
2025-11-25,1.8899025712066488,5.934835506149483e-05,-0.13947798352269092,0.9179313099041545
2025-11-26,1.889958649182927,2.9672416521631106e-05,-0.13945244975499205,0.9237220447284357
2025-11-27,1.8899399565241677,-9.890512031818233e-06,-0.13946096101089156,0.9229233226837071
2025-11-28,1.8900894977942426,7.912487884009778e-05,-0.13939287096369446,0.9255191693290745
2025-12-01,1.8901455757705206,2.9669481970806544e-05,-0.1393673371959956,0.9359025559105443
2025-12-02,1.8904820436281888,0.00017801161031272272,-0.13921413458980225,0.9317092651757201
2025-12-03,1.890687662874542,0.00010876551144511915,-0.13912051077490606,0.9275159744408956
2025-12-04,1.890425965651911,-0.00013841377810286382,-0.139239668357501,0.929912140575081
2025-12-05,1.8904633509694293,1.9776134161153536e-05,-0.13922264584570188,0.9380990415335475
2025-12-08,1.8831928474340023,-0.003845884413309907,-0.14253309605537412,0.9448881789137391
2025-12-09,1.869962952567287,-0.007025246981339217,-0.14855701283390943,0.9400958466453685
2025-12-10,1.880092090824616,0.005416758788414855,-0.14394495155034326,0.9388977635782758
2025-12-11,1.883192847434002,0.0016492578339746267,-0.14253309605537423,0.9321086261980842
2025-12-12,1.9073787489872163,0.01284302963776085,-0.13152062319461433,0.937300319488819
2025-12-15,1.9330116702914772,0.013438820851847888,-0.11984928443620224,0.931908945686902
2025-12-16,1.9100660713820177,-0.011870388193776171,-0.1302970150989744,0.9225239616613429
2025-12-17,1.9245362688924874,0.007575757575757569,-0.12370835612245157,0.9382987220447294
2025-12-18,1.9261900057508266,0.0008592910848548296,-0.12295536652513472,0.9321086261980841
2025-12-19,1.9251564202143647,-0.0005365958360161738,-0.1234259850234577,0.9361022364217263
2025-12-22,1.9660864074582647,0.021260603457532223,-0.10478949248986447,0.944488817891375
2025-12-23,1.9925461971916953,0.013458101146041512,-0.09274165893279396,0.946485623003196
2025-12-24,1.9931663485135724,0.0003112356053531773,-0.0924592878338002,0.9498801916932919
2025-12-25,1.9774558483593483,-0.007882182119892,-0.09961268900831066,0.9516773162939309
2025-12-26,1.994820085371912,0.008781099728204067,-0.09170629823648313,0.9552715654952088
2025-12-29,1.976835697037471,-0.009015544041450774,-0.09989506010730453,0.9510782747603845
2025-12-30,1.9354922755789854,-0.020913939140437265,-0.11871980004022731,0.9530750798722056
2025-12-31,1.922675814926855,-0.006621809249172217,-0.1245554694194333,0.9490814696485635
2026-01-05,1.9627789337415855,0.02085797226104713,-0.10629547168449838,0.9672523961661353
2026-01-06,1.9797297365395645,0.008636124275934742,-0.09857732831200017,0.9822284345047934
2026-01-07,1.974032204480885,-0.00287793427230043,-0.10117156351267964,0.9786341853035154
2026-01-08,1.9248206772760463,-0.024929444967074277,-0.12357885755493181,0.9710463258785954
2026-01-09,1.93689142923195,0.006271104679208772,-0.11808272882758697,0.9754392971246016
2026-01-12,1.9898170339616819,0.02732502396931924,-0.09398431825384423,0.9810303514377008
2026-01-13,1.9675325688123215,-0.011199253383107566,-0.1041310174427883,0.9776357827476049
2026-01-14,2.0204581735420537,0.026899480887210947,-0.08003260686904545,0.9716453674121415
2026-01-15,2.0232437316857235,0.0013786764705880916,-0.07876426947042758,0.9734424920127804
2026-01-16,1.961032933143758,-0.030748049564020108,-0.10709047137289707,0.9702476038338667
2026-01-19,1.9526762587127477,-0.0042613636363635354,-0.11089548356875123,0.9460862619808316
2026-01-20,1.959175894381311,0.003328578221587941,-0.10793602963864257,0.943290734824282
2026-01-21,2.0191137591061192,0.03059340659340648,-0.08064475388604908,0.9444888178913748
2026-01-22,2.0038785465429574,-0.00754549489569456,-0.08758174420293185,0.9438897763578284
2026-01-23,2.0549613180782655,0.02549194991055459,-0.06432242372867736,0.9392971246006399
2026-01-26,2.163400183969007,0.05276929786306139,-0.014947375002628549,0.9408945686900968
2026-01-27,2.142787837560023,-0.00952775476387746,-0.024332714843117165,0.9404952076677326
2026-01-28,2.2843856954999993,0.06608113759933087,0.0,0.9434904153354642
2026-01-29,2.3256103883179673,0.018046292663789876,0.0,0.9520766773162949
2026-01-30,2.096186010896233,-0.09865125240847794,-0.09865125240847794,0.9406948881789148
2026-02-02,2.0945294216999892,-0.0007902873063901908,-0.09936357688233022,0.9185303514377006
2026-02-03,2.094257562412842,-0.00012979492402009907,-0.09948047491843848,0.9313099041533555
2026-02-04,2.094424860435702,7.988416795656761e-05,-0.09940853766544866,0.9398961661341861
2026-02-05,2.0947594564814214,0.00015975557397163165,-0.09926466315946947,0.9343051118210872
2026-02-06,2.094780368734279,9.98312851296923e-06,-0.0992556710028456,0.9283146964856239
2026-02-09,2.0945712462057045,-9.983028850957254e-05,-0.0993455925690826,0.9438897763578284
2026-02-10,2.094696719722849,5.9904153354661815e-05,-0.0992916396293404,0.9450878594249209
2026-02-11,2.094905842251424,9.983427510329435e-05,-0.0992017180631034,0.9430910543130998
2026-02-12,2.095135877032856,0.00010980674013727487,-0.09910280434024266,0.9438897763578282
2026-02-13,2.095825981377153,0.000329384051823034,-0.09880606317166019,0.9327076677316302
2026-02-24,2.0877732838238843,-0.003842254855518811,-0.10226867995120292,0.9416932907348251
2026-02-25,2.1234786701505635,0.017102137767220915,-0.08691555523777938,0.9484824281150168
2026-02-26,2.1056259769872243,-0.008407286314806028,-0.09459211759449093,0.9454872204472853
2026-02-27,2.1105850584214854,0.0023551577955722713,-0.09245973916207106,0.9434904153354641
2026-03-02,2.099675079266111,-0.005169172932330879,-0.09715097171339493,0.9462859424920137
2026-03-03,1.981648941130699,-0.05621162021728865,-0.14790157840498963,0.9341054313099051
2026-03-04,1.9800231172276286,-0.0008204399221906069,-0.14860067396770182,0.9205271565495218
2026-03-05,1.9797861377096935,-0.00011968522785077429,-0.14870257389002994,0.9293130990415346
2026-03-06,1.9796281513644032,-7.979970274618609e-05,-0.14877050717158213,0.931908945686902
2026-03-09,1.979667647950726,1.9951517811866992e-05,-0.148753523851194,0.9243210862619817
2026-03-10,1.979687396243887,9.97555987813925e-06,-0.1487450321910001,0.9351038338658157
2026-03-11,1.979825634296016,6.9828222572621e-05,-0.14868559056964192,0.9406948881789149
2026-03-12,1.9798848791755,2.9924291542471337e-05,-0.1486601155890599,0.937300319488819
2026-03-13,1.9800823621071126,9.974465368656205e-05,-0.14857519898711968,0.9339057507987231
2026-03-16,1.9800626138139514,-9.973470568303e-06,-0.1485836906473137,0.9345047923322695
2026-03-17,1.9804970762634995,0.00021941854086682255,-0.14839687412304525,0.9277156549520778
2026-03-18,1.9628842403946276,-0.00889313904068012,-0.1559702991289469,0.9309105431309915
2026-03-19,2.0433697019040773,0.04100367197062438,-0.12136198214096594,0.9183306709265187
2026-03-20,1.996519955652308,-0.022927689594356315,-0.1415071218802384,0.91373801916933
2026-03-23,2.1394717454974495,0.07160048134777375,-0.0800386185732277,0.8845846645367421
2026-03-24,2.0661939372575033,-0.03425042111173493,-0.11154768329362807,0.8943690095846656
2026-03-25,1.9905135779277228,-0.03662790697674412,-0.1440898321032219,0.9073482428115025
2026-03-26,1.9887810957255048,-0.0008703694470758574,-0.14483479016280087,0.8961661341853046
2026-03-27,1.9887414382827697,-1.9940577080213018e-05,-0.14485184265058393,0.9001597444089466
2026-03-30,1.9887414382827697,0.0,-0.14485184265058393,0.8985623003194898
2026-03-31,1.9890586978246507,0.00015952779771866155,-0.14471542274831883,0.8911741214057518
2026-04-01,1.9890586978246507,0.0,-0.14471542274831883,0.9053514376996815
2026-04-02,1.9893561286451644,0.00014953345561852238,-0.1445875290899452,0.8963658146964867
2026-04-03,1.990149277499868,0.0003986962632194224,-0.14424647933428203,0.8893769968051128
2026-04-07,1.9898518466793542,-0.00014945151294754044,-0.14437437299265565,0.8877795527156559
2026-04-08,1.9893164712024294,-0.00026905293367351923,-0.14460458157772826,0.9189297124600649
2026-04-09,1.98955441585884,0.00011961126339388173,-0.1445022666510295,0.9129392971246016
2026-04-10,1.9896932169084132,6.976489231291794e-05,-0.14444258294378853,0.9269169329073493
2026-04-13,1.9898121892366187,5.97943075819618e-05,-0.14439142548043904,0.9289137380191704
2026-04-14,1.989950990286192,6.975585450930133e-05,-0.14433174177319785,0.9408945686900969
2026-04-15,1.9899708190075598,9.964426995745512e-06,-0.14432321552930616,0.937300319488819
2026-04-16,1.9898320179579867,-6.975029394773458e-05,-0.14438289923654724,0.9476837060702887
2026-04-17,1.9900699626143978,0.0001195802732409934,-0.14428058430984825,0.9462859424920139
2026-04-20,1.9900897913357656,9.963831292481018e-06,-0.14427205806595667,0.9514776357827487
2026-04-21,1.9901492774998681,2.9891196046349933e-05,-0.14424647933428203,0.9536741214057519
2026-04-22,1.9901889349426032,1.9926868392916575e-05,-0.14422942684649886,0.9606629392971257
2026-04-23,1.9902285923853382,1.992647132076364e-05,-0.1442123743587158,0.9586661341853047
2026-04-24,1.9594099453410192,-0.015484978540772576,-0.15746422737722976,0.9548722044728445
2026-04-27,1.9476769516563426,-0.0059880239520957446,-0.16250935176419246,0.9548722044728445
2026-04-28,1.9210110569184407,-0.013691128148959564,-0.17397554355274414,0.952476038338659
2026-04-29,1.9700763032361799,0.02554136590782896,-0.1528777506618092,0.9626597444089466
2026-04-30,1.9674097137623898,-0.0013535462912831475,-0.15402436984066425,0.9632587859424929
2026-05-06,2.019141549553919,0.0262943887232312,-0.13177995777087426,0.9760383386581478
2026-05-07,2.050607305344643,0.01558372952984688,-0.11824985146038336,0.9808306709265184
2026-05-08,2.02980790744908,-0.010143042912873934,-0.12719348105545358,0.9756389776357837
2026-05-11,2.1050057306099625,0.037046768260641016,-0.09485882021173819,0.9916134185303523
2026-05-12,2.1012725053466563,-0.0017734988598936408,-0.09646408706213538,0.991014376996806
2026-05-13,2.1167043153634575,0.0073440308087290304,-0.08982849148072658,1.0017971246006399
2026-05-14,2.124788482067583,0.003819223424570417,-0.08635234313501317,0.9866214057507995
2026-05-15,2.1072727875419783,-0.008243500317057673,-0.09388399788405866,0.9740415335463267
2026-05-18,2.05337834284781,-0.025575447570332477,-0.11705832018881424,0.968849840255592
2026-05-19,2.047988898378393,-0.002624671916010457,-0.11937575241928988,0.9722444089456878
2026-05-20,2.0655045929039977,0.008552631578947256,-0.11184409767024439,0.9726437699680521
2026-05-21,2.1032307041899156,0.0182648401826484,-0.09562207205691542,0.9600638977635791
2026-05-22,2.1396094543584794,0.017296604740550947,-0.07997940450120533,0.970846645367413
2026-05-25,2.216409038047669,0.035894206549118346,-0.046955995216928725,0.9858226837060714
2026-05-26,2.174640843409689,-0.018844984802431575,-0.06491609500311413,0.9928115015974454
2026-05-27,2.221798482517086,0.021685254027261402,-0.04463856298645308,0.984824281150161
2026-05-28,2.2177563991650233,-0.0018192844147969511,-0.04637663715930984,0.984824281150161
2026-05-29,2.2824297327980254,0.02916160388821387,-0.01856745039360308,0.9830271565495219
2026-06-01,2.37674501101282,0.04132231404958686,0.0,0.972044728434506
2026-06-02,2.3376715386095483,-0.01643990929705208,-0.01643990929705208,0.9856230031948893
2026-06-03,2.2999454273236304,-0.016138328530259427,-0.03231292517006801,0.9914137380191703
2026-06-04,2.2541351493335875,-0.01991798476859985,-0.051587301587301515,0.9836261980830682
2026-06-05,2.252127705988642,-0.0008905603311047941,-0.05243192031402388,0.9670527156549531
2026-06-08,2.2519708772634557,-6.96358047410639e-05,-0.05249790497979989,0.9462859424920137
2026-06-09,2.2519260690562595,-1.989732977847325e-05,-0.05251675774145015,0.9636581469648572
2026-06-10,2.251993281367054,2.984658853488753e-05,-0.05248847859897465,0.9552715654952086
2026-06-11,2.252127705988642,5.969139548533953e-05,-0.05243192031402388,0.9486821086261992
2026-06-12,2.2519932813670533,-5.968783263532451e-05,-0.052488478598974875,0.9620607028754004
2026-06-15,2.25203808957425,1.989713182859454e-05,-0.052469625837324396,0.9822284345047932
2026-06-16,2.2521053018850443,2.9845103910686177e-05,-0.0524413466948489,0.9804313099041544
2026-06-17,2.2521501100922405,1.9896142138042805e-05,-0.05242249393319853,0.9900159744408955
2026-06-18,2.252351747024623,8.953085830243346e-05,-0.05233765650577238,0.9952076677316303
2026-06-22,2.3313000591188295,0.035051502145922675,-0.01912066783917421,1.016573482428116
2026-06-23,2.196096244588326,-0.05799502899751452,-0.07600679315090386,0.9868210862619818
2026-06-24,2.193681748653562,-0.0010994490522505665,-0.07702267660646023,0.9918130990415345
2026-06-25,2.1937035667804383,9.9458943347841e-06,-0.07701349677152824,1.0079872204472855
2026-06-26,2.1940744749373358,0.00016907852205472196,-0.07685743957768598,0.9798322683706082
2026-06-29,2.1939217480492017,-6.960879855200108e-05,-0.0769216984222092,0.9902156549520779
2026-06-30,2.194009020556707,3.977922529951883e-05,-0.0768849790824816,1.0021964856230046
2026-07-01,2.1942490199523466,0.00010938851818331763,-0.07678400089823068,0.9980031948881803
2026-07-02,2.1946199281092444,0.00016903649199573323,-0.07662794370438808,0.9684504792332281
2026-07-03,2.195252653788658,0.00028830763418730143,-0.07636172849136291,0.9736421725239632
2026-07-06,2.195012654393018,-0.0001093265484614081,-0.07646270667561383,0.9738418530351453
2026-07-07,2.195339926296163,0.0001490979573579576,-0.07632500915163531,0.9636581469648576
2026-07-08,2.2127642752690333,0.007936970837253088,-0.06899382768617168,0.9580670926517587
2026-07-09,2.4015455630891887,0.08531468531468533,0.0,0.9816293929712475
2026-07-10,2.2787861464192516,-0.05111683848797244,-0.05111683848797255,0.9642571884984039
2026-07-13,2.2763714890924835,-0.0010596243664910956,-0.05212229820686376,0.9472843450479247
2026-07-14,2.276077395940172,-0.00012919383049758704,-0.05224475815800167,0.9658546325878608
2026-07-15,2.2761000184903497,9.939271053749366e-06,-0.0522353381617604,0.9660543130990429
2026-07-16,2.2761226410405277,9.93917226588259e-06,-0.052225918165518914,0.9490814696485635
2026-07-17,2.276710827345151,0.0002584159104688233,-0.05198099826324276,0.9163338658146978
2026-07-20,2.2764619792931953,-0.00010930156301225402,-0.05208461822189803,0.9285143769968065
2026-07-21,2.2764619792931953,0.0,-0.05208461822189803,0.9558706070287553
2026-07-22,2.2767786949956847,0.00013912628691814533,-0.05195273827451852,0.9514776357827488
2026-07-23,2.276801317545863,9.936209534933127e-06,-0.05194331827827703,0.9558706070287553
2026-07-24,2.2770501655978186,0.00010929721888253141,-0.051839698319621874,0.9386980830670939
2026-07-27,2.281131617290856,0.0017924294135899252,-0.05014018790609165,0.9490814696485637
2026-07-28,2.281131617290856,0.0,-0.05014018790609165,0.9239217252396179
2026-07-29,2.3100692399111913,0.012685643564356308,-0.038090604893761926,0.9299121405750813
2026-07-30,2.3375952711841936,0.01191567369385882,-0.026628806418618867,0.9195287539936118
2026-07-31,2.3319489057948597,-0.0024154589371980784,-0.02897994456736619,0.9291134185303529
2026-08-03,2.318538787995192,-0.0057506053268764346,-0.03456389767064105,0.9183306709265192
2026-08-04,2.284660595659189,-0.014611872146118698,-0.048670726563124767,0.9287140575079889
2026-08-05,2.278308434596189,-0.00278035217794248,-0.05131575698046542,0.9412939297124617
2026-08-06,2.3206561750161923,0.018587360594795488,-0.033682220864860724,0.9402955271565511
2026-08-07,2.316421400974192,-0.0018248175182481452,-0.03544557447642116,0.9486821086261998
2026-08-10,2.3483317865533118,0.013775725593667576,-0.02215813739025052,0.9502795527156567
2026-08-11,2.3019268942553266,-0.01976079043161727,-0.041481065512544046,0.9440894568690112
2026-08-12,2.3446682424245235,0.018567639257294433,-0.023683631715694764,0.9480830670926534
2026-08-13,2.3825248650886692,0.016145833333333304,-0.00792019035277114,0.9442891373801934
2026-08-14,2.3690918699497785,-0.0056381342901077325,-0.013513669546066809,0.943690095846647
