date,nav,ret,drawdown,nav_csi300
2019-01-02,1.0,0.0,0.0,0.9862700228832951
2019-01-03,1.010427035600987,0.010427035600986956,0.0,0.9862700228832951
2019-01-04,1.0051423753729485,-0.0052301255230123855,-0.0052301255230124966,1.0114416475972539
2019-01-07,1.0009146471905177,-0.004206098843322792,-0.009414225941422383,1.0156914024190913
2019-01-08,0.9963346083262175,-0.004575853572685751,-0.013947001394699954,1.0156914024190913
2019-01-09,0.9924591908256558,-0.0038896746817538297,-0.01778242677824249,1.0232101994115723
2019-01-10,0.9945730549168712,0.0021299254526090383,-0.0156903765690376,1.0241909120627655
2019-01-11,0.9882314626432249,-0.006376195536663021,-0.021966527196652597,1.0317097090552467
2019-01-14,0.9889360840069634,0.0007130124777183777,-0.02126917712691756,1.022883295194508
2019-01-15,0.986822219915748,-0.002137513359458443,-0.023361227336122448,1.0421706440013077
2019-01-16,0.9875268412794865,0.000714030703320212,-0.02266387726638741,1.022883295194508
2019-01-17,0.9865096904104104,-0.0010299982001079613,-0.02367053171370359,1.0173259235044132
2019-01-18,0.9865096904104104,0.0,-0.02367053171370359,1.0349787512258908
2019-01-21,0.9864209072017697,-8.99973000809684e-05,-0.02375839872983887,1.0405361229159857
2019-01-22,0.9864209072017697,0.0,-0.02375839872983887,1.0274599542334097
2019-01-23,0.9864406368036898,2.000120007195072e-05,-0.0237388727262533,1.0248447204968945
2019-01-24,0.9864406368036898,0.0,-0.0237388727262533,1.03269042170644
2019-01-25,0.9865096904104105,7.000280011215665e-05,-0.02367053171370348,1.0405361229159857
2019-01-28,0.9864110424008097,-9.99970000900019e-05,-0.023768161731631543,1.039228506047728
2019-01-29,0.98643077200273,2.000140009816853e-05,-0.023748635728045864,1.0438051650866298
2019-01-30,0.98643077200273,0.0,-0.023748635728045864,1.0369401765282773
2019-01-31,0.9837088894854726,-0.0027593244194229474,-0.02644242995697632,1.0467473030402092
2019-02-01,0.9889100291901894,0.005287275290799975,-0.02129496307271661,1.0640732265446224
2019-02-11,0.9847491174264159,-0.0042075736325385416,-0.025412936580124557,1.0787839163125206
2019-02-12,0.9885632865432084,0.0038732394366196576,-0.021638127531667273,1.0866296175220662
2019-02-13,0.9871763159552838,-0.00140301648544372,-0.02301078536746992,1.10918600849951
2019-02-14,0.9857893453673593,-0.0014049877063575522,-0.02438344320327257,1.1104936253677677
2019-02-15,0.9920307130130198,0.006331340133661767,-0.01820648294216054,1.0921869892121614
2019-02-18,0.9972318527177366,0.005242922055225252,-0.01305901605790083,1.1238966982674081
2019-02-19,0.997925338011699,0.0006954102920724292,-0.012372687139999283,1.1209545603138285
2019-02-20,1.0048601909513215,0.006949270326615631,-0.005509397960986262,1.1238966982674081
2019-02-21,0.998618823305661,-0.006211180124223725,-0.011686358222098292,1.1225890813991506
2019-02-22,0.9916839703660384,-0.00694444444444442,-0.018549647401111424,1.1526642693690752
2019-02-25,0.9909904850720762,-0.0006993006993005757,-0.01923597631901275,1.234063419418111
2019-02-26,0.9902969997781139,-0.0006997900629811538,-0.019922305236914073,1.2062765609676371
2019-02-27,0.9892567718371706,-0.0010504201680671121,-0.02095179861376595,1.199738476626349
2019-02-28,0.9823219188975479,-0.007010164738871394,-0.027815087792779192,1.1974501471068981
2019-03-01,0.97989472036868,-0.0024708789269326514,-0.030217239005433827,1.2219679633867282
2019-03-04,0.9653315291954723,-0.014861995753715607,-0.04463014628136175,1.2347172278522398
2019-03-05,0.9604771321377364,-0.005028735632183867,-0.04943444870667091,1.2451781627983005
2019-03-06,0.9653315291954722,0.005054151624548586,-0.04463014628136186,1.2536776724419747
2019-03-07,0.9561003619422788,-0.009562691131498435,-0.05376605310881799,1.23994769532527
2019-03-08,0.9342769730515543,-0.022825416409623656,-0.07536423696753103,1.1967963386727691
2019-03-11,0.9779237508330032,0.04671717171717171,-0.03216786925010506,1.2128146453089246
2019-03-12,1.0003369610450985,0.022919179734619988,-0.009985950692508072,1.2209872507355346
2019-03-13,0.954330897978166,-0.04599056603773577,-0.055517257205470516,1.2137953579601177
2019-03-14,0.9336871517301834,-0.02163164400494444,-0.0759479716664152,1.204968944099379
2019-03-15,0.937226079658409,0.0037902716361339905,-0.07244556347311037,1.2209872507355344
2019-03-18,0.9637680391201008,0.028319697923222087,-0.04617750202332438,1.2585812356979407
2019-03-19,0.9631782177987299,-0.000611995104039087,-0.046761236722208444,1.2494279176201375
2019-03-20,0.9513817913713113,-0.012247397428046591,-0.05843593069989117,1.2494279176201375
2019-03-21,0.9652117650955959,0.014536723163841914,-0.0447486744834551,1.2500817260542663
2019-03-22,0.967896637877503,0.0027816411682892728,-0.04209150807033535,1.2517162471395882
2019-03-25,0.9598420195317818,-0.00832177531206657,-0.050063007309694485,1.22066034651847
2019-03-26,0.9316508553217574,-0.029370629370629397,-0.0779632546474518,1.2079110820529584
2019-03-27,0.9383630372765251,0.007204610951008661,-0.07132033861465248,1.218372016999019
2019-03-28,0.9249386733669898,-0.014306151645207432,-0.08460617068025111,1.215102974828375
2019-03-29,0.9531298375770141,0.030478955007256836,-0.056705923342493914,1.2647924158221637
2019-04-01,0.9920604929146667,0.04084507042253516,-0.018177010352257827,1.2974828375286036
2019-04-02,0.9974302384784808,0.005412719891745521,-0.01286267752601844,1.295194508009153
2019-04-03,1.0054848568242019,0.008075370121130465,-0.0048911782866594145,1.3125204315135661
2019-04-04,1.0136582055418457,0.00812876361306858,0.0,1.3278849297155932
2019-04-08,1.0022362514720995,-0.011268052690049157,-0.011268052690049157,1.3193854200719186
2019-04-09,1.0065798114704536,0.004333868378812111,-0.0069830185684812696,1.327231121281464
2019-04-10,1.004166722582479,-0.002397315007191869,-0.009363593080463417,1.3291925465838503
2019-04-11,0.9871142277741255,-0.016981736622877275,-0.02618631963180451,1.3063092513893424
2019-04-12,0.9845402662936192,-0.0026075619295958807,-0.028725599111252387,1.3017325923504408
2019-04-15,0.9715095862985565,-0.013235294117647123,-0.04158070147595638,1.2935599869238306
2019-04-16,0.9945143670305808,0.023679417122040247,-0.01888589112839234,1.3327884929715585
2019-04-17,0.9962839655484287,0.00177935943060481,-0.017140136486272217,1.3295194508009147
2019-04-18,0.9929056411052644,-0.0033909252381720822,-0.02047294080304729,1.3272311212814638
2019-04-19,1.0012420502127992,0.008395973154362468,-0.01224885791005803,1.346845374305328
2019-04-22,0.9879276612472034,-0.013297872340425565,-0.025383846501679685,1.3131742399476949
2019-04-23,0.9706189555919289,-0.01752021563342321,-0.04245933167078775,1.310885910428244
2019-04-24,0.9826019056609651,0.012345679012345734,-0.030637841938328414,1.3128473357306305
2019-04-25,0.9426587387641778,-0.04065040650406504,-0.07004280771319316,1.2857142857142851
2019-04-26,0.9320072275917012,-0.011299435028248594,-0.08055079858649039,1.2680614579928076
2019-04-29,0.898721255177712,-0.03571428571428559,-0.1133882700655442,1.2729650212487738
2019-04-30,0.8982719799448675,-0.0004999049819464077,-0.11383149168639062,1.2736188296829023
2019-05-06,0.8980385016083661,-0.00025991942497838316,-0.11406182409550536,1.2007191892775413
2019-05-07,0.8981013611605012,6.999650017514014e-05,-0.11399981152382044,1.2118339326577308
2019-05-08,0.8981372809045784,3.9995200576070644e-05,-0.11396437576857199,1.1961425302386395
2019-05-09,0.8983797391770991,0.0002699568069108871,-0.11372518442064516,1.1791435109512909
2019-05-10,0.8982630000088484,-0.00012994412402667077,-0.11384035062520248,1.2160836874795682
2019-05-13,0.898092381224482,-0.0001899430170949623,-0.11400867046263252,1.193854200719189
2019-05-14,0.898056461480405,-3.999560048384421e-05,-0.11404410621788086,1.1879699248120297
2019-05-15,0.898056461480405,0.0,-0.11404410621788086,1.213468453743053
2019-05-16,0.8980025818642893,-5.999580029403262e-05,-0.11409725985075347,1.219352729650212
2019-05-17,0.8981372809045786,0.00014999850001506942,-0.11396437576857188,1.1918927754168025
2019-05-20,0.8980205417363278,-0.00012997920332746826,-0.1140795419731293,1.1788166067342265
2019-05-21,0.8980385016083663,1.9999400017844948e-05,-0.11406182409550514,1.1935272965021244
2019-05-22,0.898092381224482,5.999700015002496e-05,-0.11400867046263252,1.190585158548545
2019-05-23,0.8981103410965205,1.9997800241977615e-05,-0.11399095258500835,1.1716247139588098
2019-05-24,0.8980834012884628,-2.9996100506912704e-05,-0.1140175294014446,1.1735861392611961
2019-05-27,0.8979756420562314,-0.00011998800119983333,-0.11412383666718984,1.1876430205949655
2019-05-28,0.8980205417363277,5.0001000019950226e-05,-0.11407954197312942,1.1932003922850603
2019-05-29,0.897966662120212,-5.9998200053978934e-05,-0.11413269560600203,1.193854200719189
2019-05-30,0.8980564614804049,0.00010000300008994323,-0.11404410621788097,1.1932003922850603
2019-05-31,0.9069370317508855,0.00988865472427125,-0.10528319428333632,1.1873161163779011
2019-06-03,0.9182816228360251,0.012508686587908269,-0.0940914621756922,1.1899313501144162
2019-06-04,0.927735448740308,0.010295126973232538,-0.08476501875265552,1.179143510951291
2019-06-05,0.9337228718130206,0.006453804347826164,-0.07885827125139888,1.1765282772147758
2019-06-06,0.9334077442828779,-0.0003374957813027102,-0.0791691526988334,1.1663942464857795
2019-06-10,0.9305715965115928,-0.0030384875084403795,-0.08196708572574463,1.1814318404707418
2019-06-11,0.9255295560293085,-0.0054182187605824605,-0.0869411888846976,1.2183720169990189
2019-06-12,0.9365590195843054,0.01191692202928163,-0.07606033822448788,1.2092186989212157
2019-06-13,0.9381346572350192,0.001682368775235421,-0.07450593098731517,1.206930369401765
2019-06-14,0.9523153960914437,0.015115888478333783,-0.06051626585276004,1.1997384766263481
2019-06-17,0.9400254224158758,-0.01290536068828585,-0.07264064230270784,1.2007191892775413
2019-06-18,0.946643100548874,0.007039892725444252,-0.06611213190658194,1.2033344230140566
2019-06-19,0.9419161875967325,-0.004993342210386165,-0.07077535361810039,1.2209872507355342
2019-06-20,0.9623994770560124,0.02174640347942458,-0.05056805953485399,1.2562929061784893
2019-06-21,0.9702776653095816,0.008185985592665368,-0.04279602334899002,1.25858123569794
2019-06-24,0.9772104709727225,0.007145177005521308,-0.035956631505429604,1.2605426610003263
2019-06-25,0.9976937604320024,0.020960980328926127,-0.015749337422183207,1.2477933965348147
2019-06-26,0.979416363683722,-0.01831964624131388,-0.03378046137338764,1.248120300751879
2019-06-27,0.9768953434425799,-0.002574002574002532,-0.03626751295286401,1.261850277868584
2019-06-28,0.9797314912138648,0.002903225806451637,-0.03346957992595301,1.2615233736515197
2019-07-01,0.9560969264531572,-0.024123512383403045,-0.05678568848354504,1.2925792742726376
2019-07-02,0.9661810074177257,0.01054713249835193,-0.04683748216563921,1.294540699575024
2019-07-03,0.9932819750100039,0.02804957599478164,-0.020101677686266806,1.2837528604118988
2019-07-04,0.9828827665152927,-0.010469543147208049,-0.030360765451607152,1.2752533507682244
2019-07-05,0.9847735316961493,0.0019236934915036752,-0.028495476766999817,1.2817914351095125
2019-07-08,0.979731491213865,-0.005120000000000013,-0.033469579925952786,1.2523700555737167
2019-07-09,0.9709079203698676,-0.009006111289803775,-0.04217426045412043,1.2494279176201373
2019-07-10,0.9702776653095821,-0.0006491398896460998,-0.042796023348989465,1.2497548218372014
2019-07-11,0.9869794244071489,0.017213380967846748,-0.02631930663495763,1.2500817260542656
2019-07-12,0.9803617462741508,-0.006704980842911823,-0.032847817031083415,1.2602157567832621
2019-07-15,0.9873857580331324,0.007164714235001647,-0.02591844801835297,1.2647924158221637
2019-07-16,0.9905147974071812,0.0031690140845070935,-0.02283156986066459,1.2595619483491334
2019-07-17,0.9852997317837667,-0.005265005265005285,-0.027976366790145146,1.2576005230467469
2019-07-18,0.9741742584538159,-0.011291460832745237,-0.038951933573036945,1.2494279176201368
2019-07-19,0.9856474028253275,0.011777301927194728,-0.02763338032817997,1.2625040863027128
2019-07-22,0.9748696005369376,-0.010934744268077612,-0.03826596064910648,1.2526969597907809
2019-07-23,0.9856474028253275,0.011055634807418002,-0.02763338032817997,1.2556390977443606
2019-07-24,0.9898194553240589,0.004232804232804144,-0.023517542784595613,1.2657731284733567
2019-07-25,0.9978158892799611,0.008078679311556147,-0.01562885415939208,1.2772147760706107
2019-07-26,0.9922531526149857,-0.0055749128919860835,-0.021116637550838036,1.2788492971559327
2019-07-29,0.992537519793815,0.0002865873271148409,-0.020836101984436417,1.2768878718535464
2019-07-30,0.9976389011997581,0.005139736588499755,-0.01580345747166778,1.2827721477607055
2019-07-31,1.001783773592087,0.004154682007031063,-0.011714433805043112,1.2736188296829023
2019-08-01,0.9845666113470288,-0.017186505410566433,-0.028699609035637508,1.2618502778685838
2019-08-02,1.00688515499803,0.022668393782383278,-0.006681789292274476,1.2425629290617843
2019-08-05,1.0425948248396322,0.03546548448385067,0.0,1.2209872507355337
2019-08-06,1.0451455155426037,0.0024464831804280607,0.0,1.208237986270022
2019-08-07,1.0642756958148907,0.018303843807199627,0.0,1.2003922850604765
2019-08-08,1.0719277679238053,0.0071899340922707555,0.0,1.218045112781954
2019-08-09,1.076072640316134,0.00386674598453296,0.0,1.2085648904870865
2019-08-12,1.0683560959019012,-0.0071710255656772795,-0.00717102556567728,1.227852239293886
2019-08-13,1.0945753614133908,0.024541691306918967,0.0,1.2173913043478253
2019-08-14,1.0664607273107092,-0.025685425685425645,-0.025685425685425756,1.2219679633867269
2019-08-15,1.078464728388259,0.011255924170616272,-0.014718614718614464,1.2268715266426928
2019-08-16,1.0800442022142522,0.0014645577035734547,-0.013275613275613107,1.2321019941157232
2019-08-19,1.074673991205875,-0.004972214097689331,-0.018181818181817966,1.2615233736515192
2019-08-20,1.0702514644930934,-0.004115226337448652,-0.022222222222222143,1.2562929061784889
2019-08-21,1.0711991487886894,0.0008854781582054994,-0.02135642135642124,1.2559660019614245
2019-08-22,1.074358096440676,0.0029489826010025144,-0.018470418470418415,1.2585812356979398
2019-08-23,1.07341041214508,-0.000882093501911152,-0.019336219336219318,1.2674076495586784
2019-08-26,1.1119495734993177,0.03590347263095928,0.0,1.2533507682249092
2019-08-27,1.112581363029715,0.0005681818181817455,0.0,1.2664269369074852
2019-08-28,1.1132131525601126,0.0005678591709257219,0.0,1.2625040863027124
2019-08-29,1.126164837933258,0.01163450624290574,0.0,1.258908139915004
2019-08-30,1.108158836316934,-0.015988779803646547,-0.015988779803646547,1.262177182085648
2019-09-02,1.10436809913455,-0.0034207525655644,-0.019354838709677358,1.2762340634194171
2019-09-03,1.1091065206125301,0.004290617848970335,-0.015147265077138594,1.277541680287675
2019-09-04,1.1132131525601128,0.0037026488180005313,-0.011500701262271984,1.2935599869238306
2019-09-05,1.1179515740380928,0.004256526674233818,-0.007293127629733442,1.3056554429552134
2019-09-06,1.0832031498662391,-0.03108222661768867,-0.038148667601682895,1.3144818568159522
2019-09-09,1.1080211869645538,0.022911710606989488,-0.01611100822682543,1.3197123242889826
2019-09-10,1.1020498152982778,-0.005389221556886148,-0.021413403990872437,1.3161163779012741
2019-09-11,1.086789643262239,-0.013847080072245666,-0.03496397094343717,1.3066361556064066
2019-09-12,1.0920975291878177,0.004884004884004867,-0.030250730264284265,1.320039228506047
2019-09-16,1.0947514721506069,0.002430133657351119,-0.027894109924707977,1.3154625694671451
2019-09-17,1.0735199284482921,-0.019393939393939297,-0.04674707264131961,1.291598561621444
2019-09-18,1.0728564427075948,-0.0006180469715698633,-0.04733622772621371,1.2971559333115388
2019-09-19,1.0894435862250282,0.015460729746443969,-0.032607350603860774,1.3033671134357625
2019-09-20,1.086789643262239,-0.0024360535931789995,-0.03496397094343717,1.3053285387381488
2019-09-23,1.0748468999296872,-0.010989010989010839,-0.04556876247153108,1.293886891140895
2019-09-24,1.0753075486010857,0.00042857142857133466,-0.04515972051259021,1.294867603792088
2019-09-25,1.0553660391405806,-0.01854493580599148,-0.06286717220065907,1.2860411899313493
2019-09-26,1.0216188692843413,-0.031976744186046346,-0.09283362890354474,1.2772147760706105
2019-09-27,1.0308226428814975,0.009009009009008917,-0.08466095889366687,1.2801569140241902
2019-09-30,1.017016982485763,-0.013392857142857206,-0.0969199639084839,1.2647924158221635
2019-10-08,1.0200849070181486,0.003016591251885359,-0.09419574057185787,1.2729650212487733
2019-10-09,1.0292886806153048,0.009022556390977376,-0.08602307056197989,1.2765609676364815
2019-10-10,1.0446283032772317,0.014903129657227954,-0.07240195387885007,1.285714285714285
2019-10-11,1.0461622655434244,0.001468428781204123,-0.07103984221053705,1.301405688133376
2019-10-14,1.0615018882053513,0.014662756598240234,-0.05741872552740723,1.3108859104282438
2019-10-15,1.0604297714044129,-0.0010099999000010565,-0.05837073252036751,1.3066361556064066
2019-10-16,1.0604297714044129,0.0,-0.05837073252036751,1.302059496567505
2019-10-17,1.0604297714044129,0.0,-0.05837073252036751,1.3040209218698913
2019-10-18,1.0604297714044129,0.0,-0.05837073252036751,1.2850604772801562
2019-10-21,1.0604297714044129,0.0,-0.05837073252036751,1.2880026152337356
2019-10-22,1.0604297714044129,0.0,-0.05837073252036751,1.2929061784897018
2019-10-23,1.0604403758081709,1.0000100000961964e-05,-0.05836131613352891,1.2860411899313493
2019-10-24,1.0604403758081709,0.0,-0.05836131613352891,1.2876757110166712
2019-10-25,1.0604403758081709,0.0,-0.05836131613352891,1.2955214122262169
2019-10-28,1.0604403758081709,0.0,-0.05836131613352891,1.3030402092186981
2019-10-29,1.0484475604240309,-0.01130927835051554,-0.06901057011498801,1.298790454396861
2019-10-30,1.0471994085663832,-0.0011904761904761862,-0.07011889086485112,1.2902909447531865
2019-10-31,1.0493836743172664,0.002085816448152533,-0.06817932955259087,1.2896371363190575
2019-11-01,1.0568725854631524,0.007136485280999194,-0.06152940505341209,1.316116377901274
2019-11-04,1.0556244336055047,-0.001180986123412997,-0.0626377258032752,1.320366132723111
2019-11-05,1.0490716363528545,-0.006207508128879713,-0.06845640974005662,1.3278849297155924
2019-11-06,1.0337817760966708,-0.014574657941701319,-0.0820333389258796,1.3223275580254976
2019-11-07,1.0393984594560852,0.0054331421672200175,-0.07704589555149566,1.3239620791108198
2019-11-08,1.0200521056625467,-0.018613029120384206,-0.09422486717437373,1.3187316116377894
2019-11-11,1.019115991769311,-0.0009177118384827709,-0.09505610773677109,1.2968290290944746
2019-11-12,1.023230099376111,0.004036937541974318,-0.09140290576471322,1.2951945080091527
2019-11-13,1.0235719737828524,0.00033411293017060473,-0.09109933172721363,1.2942137953579596
2019-11-14,1.02596509463004,0.002338009352037318,-0.08897431346471885,1.2951945080091527
2019-11-15,1.0304094619176745,0.004331889370210007,-0.08502785097722831,1.2889833278849292
2019-11-18,1.03519570361205,0.004644990046450026,-0.08077781445223853,1.2981366459627326
2019-11-19,1.0406656941199075,0.005284015852047519,-0.07592062985225045,1.3112128146453086
2019-11-20,1.0358794524255321,-0.0045992115637319975,-0.08017066637724013,1.2978097417456682
2019-11-21,1.031435085137898,-0.00429042904290422,-0.08411712886473044,1.29127165740438
2019-11-22,1.0334863315783447,0.001988730527013649,-0.08229568463973469,1.2775416802876753
2019-11-25,1.0399819453064254,0.006285147204763364,-0.07652777792724896,1.2866949983654785
2019-11-26,1.0563919168299982,0.015779092702169706,-0.06195622412728441,1.288656423667865
2019-11-27,1.0533150471693282,-0.002912621359223322,-0.06468839046477781,1.2866949983654785
2019-11-28,1.0594687864906682,0.0058422590068161195,-0.059224057789790896,1.2847335730630922
2019-11-29,1.0581012888637038,-0.001290738948047765,-0.060438353939788025,1.270676691729323
2019-12-02,1.0666481490322313,0.008077544426494221,-0.05284900300230655,1.2732919254658384
2019-12-03,1.0543406703895517,-0.011538461538461497,-0.06377766835227983,1.2785223929388687
2019-12-04,1.041691317340131,-0.011997405966277519,-0.07500990773975258,1.2791762013729975
2019-12-05,1.0464775590345063,0.004594683295044311,-0.0707598712147629,1.2886564236678653
2019-12-06,1.045451935814283,-0.0009800718719372714,-0.07167059332726067,1.296502124877411
2019-12-09,1.0550244192030338,0.00915631131458472,-0.06317052027728143,1.2922523700555737
2019-12-10,1.0492125542884352,-0.00550874918988975,-0.06833127891476876,1.2932330827067668
2019-12-11,1.0475031822547298,-0.001629195177582199,-0.06984914910226503,1.2749264465511605
2019-12-12,1.055024419203034,0.007180156657963455,-0.0631705202772812,1.271330500163452
2019-12-13,1.0628875305580794,0.007453013609850956,-0.05618831741479824,1.2971559333115399
2019-12-16,1.0697250186929015,0.006432936635574205,-0.050116836664812925,1.3010787839163125
2019-12-17,1.0806649997086166,0.010226909555768549,-0.040402467464836556,1.3213468453743051
2019-12-18,1.0707506419131247,-0.00917431192660545,-0.04920611455231516,1.3164432821183394
2019-12-19,1.0669900234389726,-0.0035121328224776427,-0.05254542896480696,1.3141549525988885
2019-12-20,1.0786137532681699,0.01089394424863821,-0.042223911689832305,1.3128473357306312
2019-12-23,1.0837418693692864,0.004754358161648264,-0.037670301127343375,1.2958483164432824
2019-12-24,1.088869985470403,0.004731861198738141,-0.033116690564854445,1.3027133050016348
2019-12-25,1.0830581205558043,-0.005337519623233922,-0.03827744920234177,1.3050016345210858
2019-12-26,1.0902374830973673,0.006628787878787845,-0.031902394414857316,1.3144818568159533
2019-12-27,1.0998099664861183,0.008780181875196025,-0.023402321364877965,1.3131742399476958
2019-12-30,1.0974168456389306,-0.0021759403170655833,-0.025527339627372747,1.332134684537431
2019-12-31,1.091604980724332,-0.005295950155763229,-0.030688098264860075,1.3389996730957834
2020-01-02,1.1076730778411636,0.014719699342311321,-0.016420118502394887,1.3563255966001966
2020-01-03,1.112459319535539,0.004320987654320874,-0.012170081977405212,1.3530565544295525
2020-01-06,1.098100594452413,-0.012907191149354569,-0.024920191552374127,1.3478260869565222
2020-01-07,1.1134849427557623,0.014009962640099571,-0.011259359864907559,1.3582870219025829
2020-01-08,1.1004937152996004,-0.011667178385016963,-0.022795173289879456,1.3448839490029423
2020-01-09,1.1247667981782186,0.02205653929791862,-0.001241416627431935,1.359267734553776
2020-01-10,1.150749253090542,0.02310030395136775,0.0,1.3589408303367114
2020-01-13,1.1483561322433544,-0.002079619726678583,-0.002079619726678583,1.3736515201046093
2020-01-14,1.1627148573264805,0.012503721345638485,0.0,1.3677672441974502
2020-01-15,1.1657917269871505,0.002646280505733678,0.0,1.3573063092513893
2020-01-16,1.1763898335961245,0.009090909090909038,0.0,1.3553448839490028
2020-01-17,1.1907485586792508,0.012205754141238145,0.0,1.3569794050343247
2020-01-20,1.1705779686815259,-0.01693942004019533,-0.01693942004019522,1.3667865315462568
2020-01-21,1.161347359699516,-0.007885514018691642,-0.024691358024691468,1.3419418110493626
2020-01-22,1.1761453312363215,0.012742071881606809,-0.012263905201889802,1.346518470088264
2020-01-23,1.13628639143947,-0.03388946819603755,-0.04573775617262876,1.3063092513893428
2020-02-03,1.047370294969571,-0.07825148407987048,-0.12041019295350774,1.19614253023864
2020-02-04,1.0464800459309724,-0.0008499849984998633,-0.12115783109433065,1.2324288983327885
2020-02-05,1.0471392953974357,0.000629968501574929,-0.12060418821006424,1.2445243543641713
2020-02-06,1.0468149028028269,-0.00030978934324654706,-0.12087661566105246,1.2739457338999673
2020-02-07,1.0468253670800722,9.996301368442317e-06,-0.12086782767876258,1.271003595946388
2020-02-10,1.0465532958716905,-0.00025990123752972494,-0.12109631521830111,1.275253350768225
2020-02-11,1.0465532958716905,0.0,-0.12109631521830111,1.28898332788493
2020-02-12,1.0465114387627088,-3.999520057595962e-05,-0.12113146714746081,1.2981366459627335
2020-02-13,1.046490510208218,-1.9998400127896332e-05,-0.12114904311204056,1.291271657404381
2020-02-14,1.0465742244261815,7.999520028789675e-05,-0.12107873925372115,1.3000980712651198
2020-02-17,1.0462916889405545,-0.00026996220529129644,-0.12131601477554954,1.3285387381497227
2020-02-18,1.0086672924320121,-0.03595975855130784,-0.15291327872712168,1.3203661327231127
2020-02-19,0.998677884792602,-0.009903570497784786,-0.161302461788985,1.3206930369401773
2020-02-20,1.004198346909118,0.005527770465912019,-0.15666633430742904,1.350441320693038
2020-02-21,0.9776475529201596,-0.026439790575916278,-0.17896389981396044,1.3550179797319393
2020-02-24,0.9353240100268696,-0.04329120731379399,-0.2145075438392232,1.3442301405688142
2020-02-25,0.9689725410227773,0.03597526700393483,-0.1862492429992626,1.341614906832299
2020-02-26,0.951359638079607,-0.018176885512750873,-0.20104069734517938,1.3305001634521094
2020-02-27,0.938478559807736,-0.013539651837524258,-0.21185832813547678,1.3308270676691736
2020-02-28,0.891686071391552,-0.04985994397759097,-0.2511550277410468,1.2857142857142863
2020-03-02,0.8906874001092272,-0.0011199808030715177,-0.2519937197344535,1.3324615887544953
2020-03-03,0.890731932697929,4.999800007987609e-05,-0.251956320916393,1.3314808761033023
2020-03-04,0.890803184839852,7.999280064785452e-05,-0.2518964828074962,1.3409610983981701
2020-03-05,0.890803184839852,0.0,-0.2518964828074962,1.3729977116704812
2020-03-06,0.8909011565349964,0.00010998130317863009,-0.2518142054077629,1.3471722785223936
2020-03-09,0.8907230261801886,-0.00019994401567569042,-0.2519638006800051,1.3043478260869572
2020-03-10,0.8907230261801886,0.0,-0.2519638006800051,1.3331153971886243
2020-03-11,0.8907497457334098,2.9997600192066542e-05,-0.2519413613891688,1.3112128146453095
2020-03-12,0.8907586522511503,9.998900120988807e-06,-0.25193388162555663,1.2906178489702522
2020-03-13,0.8907141196624483,-4.999400071992177e-05,-0.25197128044361716,1.2713305001634525
2020-03-16,0.8907230261801885,9.999300048857407e-06,-0.25196380068000523,1.2180451127819552
2020-03-17,0.8907230261801885,0.0,-0.25196380068000523,1.20725727361883
2020-03-18,0.8907853718043713,6.999440044808125e-05,-0.2519114423347203,1.1869892121608372
2020-03-19,0.8908477174285541,6.998950157477424e-05,-0.2518590839894356,1.1755475645635833
2020-03-20,0.8909991282301405,0.0001699626082261041,-0.2517319280080297,1.1912389669826744
2020-03-23,0.8908388109108135,-0.0001799298273673644,-0.2518665637530477,1.1526642693690752
2020-03-24,0.8908209978753329,-1.9995800881744685e-05,-0.2518815232802719,1.1804511278195493
2020-03-25,0.8907230261801885,-0.00010997910397037014,-0.25196380068000523,1.2115070284406673
2020-03-26,0.8907319326979288,9.999200063948166e-06,-0.2519563209163932,1.203988231448186
2020-03-27,0.8907764652866308,4.999550040496459e-05,-0.25191892209833255,1.209545603138281
2020-03-30,0.8827338290502168,-0.009028792912513794,-0.2586731912324768,1.1984308597580913
2020-03-31,0.883472930777024,0.0008372871895059308,-0.2580524877922584,1.1994115724092844
2020-04-01,0.8691836307254158,-0.01617401003904062,-0.2700527543031477,1.200719189277542
2020-04-02,0.8728791393594526,0.004251700680272252,-0.26694923710205554,1.217064400130762
2020-04-03,0.8807628911120641,0.009031893875246944,-0.2603284004063925,1.2085648904870876
2020-04-07,0.905645982581244,0.028251748251748143,-0.239431384585706,1.2356979405034327
2020-04-08,0.8970231291018251,-0.00952121871599565,-0.24667292472158753,1.230794377247467
2020-04-09,0.8992404342822472,0.0024718483932986146,-0.24481081440093222,1.2343903236351752
2020-04-10,0.9044141463698984,0.005753424657534145,-0.24046589031940346,1.2304674730304024
2020-04-13,0.9041677791276292,-0.0002724053391446324,-0.24067279146614284,1.2236024844720501
2020-04-14,0.9145152033029319,0.011444141689373355,-0.231982943303085,1.243870545930043
2020-04-15,0.9120515308802407,-0.0026939655172414367,-0.2340519547704798,1.236678653154626
2020-04-16,0.9189498136637758,0.0075634792004322104,-0.2282587226617746,1.2373324615887549
2020-04-17,0.9039214118853602,-0.01635388739946375,-0.24087969261288222,1.2484472049689446
2020-04-20,0.8994868015245162,-0.004905968928863524,-0.24460391325419284,1.2536776724419751
2020-04-21,0.907616920519397,0.009038619556286154,-0.23777617541179008,1.2406015037593991
2020-04-22,0.9051532480967058,-0.002714440825190123,-0.23984518687918488,1.2517162471395888
2020-04-23,0.9211671188441979,0.017691888949374013,-0.2263966123411193,1.249427917620138
2020-04-24,0.9285581361122712,0.00802353570473402,-0.22018957793893512,1.238966982674077
2020-04-27,0.9216598533287361,-0.007429026266914329,-0.22598281004764031,1.2445243543641717
2020-04-28,0.9150079377874702,-0.007217321571772239,-0.23156914100960602,1.2523700555737174
2020-04-29,0.9196889153905834,0.0051157781367798805,-0.22763801922155602,1.2589081399150053
2020-04-30,0.9228916895400817,0.003482453790516926,-0.22494830431394297,1.277541680287676
2020-05-06,0.9216598533287361,-0.0013347570742124892,-0.22598281004764031,1.2808107224583198
2020-05-07,0.9172252429678921,-0.004811547714514863,-0.22970703068895093,1.2785223929388692
2020-05-08,0.9285581361122712,0.012355627182379925,-0.22018957793893512,1.292252370055574
2020-05-11,0.9248626274782346,-0.0039798355001327,-0.22329309514002726,1.2899640405361232
2020-05-12,0.9228916895400817,-0.0021310602024506853,-0.22494830431394297,1.2896371363190586
2020-05-13,0.9256017292050419,0.002936465563267543,-0.2226723916998088,1.2925792742726383
2020-05-14,0.9315145430195005,0.006388075592227871,-0.21770676417806145,1.281791435109513
2020-05-15,0.9445720068597632,0.014017455699550263,-0.20674100340086965,1.2755802549852895
2020-05-18,0.9674841603907903,0.024256651017214415,-0.18749919675409887,1.2795031055900623
2020-05-19,0.9522093913701056,-0.015788133435192253,-0.20032706785194598,1.2889833278849299
2020-05-20,0.9623104483031392,0.010608020698577025,-0.19184412083562763,1.2837528604118995
2020-05-21,0.9534412275814513,-0.009216589861751112,-0.19929256211824853,1.275253350768225
2020-05-22,0.9522093913701059,-0.0012919896640826156,-0.20032706785194576,1.2471395881006866
2020-05-25,0.950484820674222,-0.0018111254851229663,-0.2017753758791222,1.2477933965348156
2020-05-26,0.9549194310350658,0.00466562986003094,-0.1980511552378118,1.2628309905197779
2020-05-27,0.9448183741020324,-0.01057791537667696,-0.20653410225413005,1.2569467146126188
2020-05-28,0.9517166568855674,0.007301173402868288,-0.20074087014542497,1.2585812356979407
2020-05-29,0.9489826992981845,-0.002872659176029967,-0.20303686921882746,1.2638117031709712
2020-06-01,0.9534338376626222,0.004690431519699612,-0.199298768230173,1.2971559333115399
2020-06-02,0.9658970250830486,0.013071895424836555,-0.18883208546193997,1.300751879699248
2020-06-03,0.9694579357745992,0.0036866359447005337,-0.18584160467101618,1.3004249754821837
2020-06-04,0.9694579357745992,0.0,-0.18584160467101618,1.3010787839163125
2020-06-05,0.9712383911203745,0.0018365472910928382,-0.18434636427555418,1.3085975809087937
2020-06-08,0.9756895294848125,0.004582951420714965,-0.1806082632868996,1.3148087610330175
2020-06-09,0.9881527169052388,0.012773722627737127,-0.17014158051866668,1.3236351748937565
2020-06-10,0.996164765961227,0.008108108108108025,-0.16341299873908843,1.3206930369401768
2020-06-11,0.9676774804288238,-0.02859696157283287,-0.18733684506647807,1.308597580908794
2020-06-12,0.95432406533551,-0.013799448022078997,-0.198551148032442,1.3118666230794378
2020-06-15,0.9267270074759941,-0.028917910447761375,-0.22172737416210098,1.293233082706767
2020-06-16,0.9747993018119246,0.05187319884726227,-0.18135588348463072,1.3135011441647597
2020-06-17,0.9747993018119246,0.0,-0.18135588348463072,1.3148087610330175
2020-06-18,0.9658970250830486,-0.0091324200913242,-0.18883208546193997,1.3249427917620138
2020-06-19,0.9703481634474868,0.004608294930875667,-0.1850939844732853,1.3419418110493626
2020-06-22,0.9676774804288238,-0.0027522935779817903,-0.18733684506647807,1.3432494279176201
2020-06-23,0.9739090741390373,0.0064397424103037615,-0.1821035036823614,1.3494606080418436
2020-06-24,0.9739090741390373,0.0,-0.1821035036823614,1.3612291598561617
2020-06-29,0.95432406533551,-0.020109689213894,-0.198551148032442,1.3494606080418434
2020-06-30,0.9858083882278506,0.032991228070175294,-0.17211036617060016,1.3658058188950633
2020-07-01,0.9743090326917888,-0.0116648992576881,-0.1817676153457044,1.396534815299117
2020-07-02,0.9805814084387314,0.006437768240343145,-0.1765000248865568,1.4285714285714284
2020-07-03,0.9952169518482648,0.014925373134328401,-0.16420898048187849,1.4570120954560313
2020-07-06,1.0276242265408029,0.03256302521008414,-0.136993096442948,1.5639097744360901
2020-07-07,1.0516683335707504,0.02339776195320442,-0.116800666349548,1.5482183720169989
2020-07-08,1.0934841718837027,0.03976143141153088,-0.08168339662189583,1.5684864334749917
2020-07-09,1.1238006546605932,0.027724665391969383,-0.05622337606934802,1.5926773455377572
2020-07-10,1.1332092182810076,0.008372093023256033,-0.04832199038062612,1.5642366786531545
2020-07-13,1.1917513919191405,0.051660516605165796,0.0,1.5969271003595946
2020-07-14,1.1750250565939597,-0.014035087719298067,-0.014035087719298067,1.5828702190258253
2020-07-15,1.1541171374374835,-0.017793594306049876,-0.03157894736842104,1.5639097744360901
2020-07-16,1.086166400178936,-0.058876811594202993,-0.08859649122807012,1.489375612945407
2020-07-17,1.0893025880524074,0.002887391722810495,-0.08596491228070169,1.5053939195815627
2020-07-20,1.108119715293236,0.017274472168905985,-0.07017543859649111,1.5452762340634194
2020-07-21,1.1279822384918883,0.017924528301886733,-0.053508771929824506,1.5491990846681922
2020-07-22,1.1426177819014216,0.01297497683039861,-0.0412280701754385,1.5665250081726054
2020-07-23,1.162480305100074,0.01738334858188484,-0.024561403508771784,1.558025498528931
2020-07-24,1.0872117961367598,-0.06474820143884896,-0.08771929824561397,1.4887218045112782
2020-07-27,1.0872117961367598,0.0,-0.08771929824561397,1.4978751225890812
2020-07-28,1.0930432048614933,0.005363636363636349,-0.08282615629984047,1.5093167701863353
2020-07-29,1.0920558126258462,-0.0009033423667569318,-0.08365467829053608,1.552468126838836
2020-07-30,1.0910684203901988,-0.000904159132007365,-0.08448320028123191,1.5410264792415822
2020-07-31,1.0772449290911374,-0.012669683257918618,-0.09608250815097197,1.5527950310559004
2020-08-03,1.075270144619843,-0.0018331805682859637,-0.0977395521323634,1.5773128473357305
2020-08-04,1.0900810281545517,0.01377410468319562,-0.08531172227192763,1.578620464203988
2020-08-05,1.0861314592119626,-0.0036231884057971175,-0.0886258102347105,1.5792742726381173
2020-08-06,1.0841566747406681,-0.0018181818181818299,-0.09028285421610194,1.573389996730958
2020-08-07,1.080207105798079,-0.0036429872495445936,-0.09359694217888492,1.5576985943118666
2020-08-10,1.0871188514476098,0.006398537477148025,-0.08779728824401489,1.5629290617848972
2020-08-11,1.0881062436832571,0.0009082652134424496,-0.08696876625331906,1.5475645635828705
2020-08-12,1.0979801660397295,0.00907441016333932,-0.07868354634636188,1.5371036286368098
2020-08-13,1.1078540883962018,0.008992805755395628,-0.0703983264394048,1.5322000653808439
2020-08-14,1.10489191168926,-0.002673796791443972,-0.07288389241149207,1.561948349133704
2020-08-17,1.0989675582753764,-0.00536193029490617,-0.07785502435566649,1.5943118666230796
2020-08-18,1.0999549505110238,0.0008984725965859308,-0.07702650236497066,1.5920235371036289
2020-08-19,1.0999549505110238,0.0,-0.07702650236497066,1.5671788166067344
2020-08-20,1.0979801660397293,-0.0017953321364452268,-0.0786835463463621,1.5505067015364502
2020-08-21,1.0999549505110238,0.0017985611510791255,-0.07702650236497066,1.5635828702190262
2020-08-24,1.0999549505110238,0.0,-0.07702650236497066,1.5733899967309581
2020-08-25,1.093780682446019,-0.005613200851667831,-0.08220733798796243,1.576332134684538
2020-08-26,1.0781830969565926,-0.014260249554367221,-0.09529529038742113,1.5570447858777383
2020-08-27,1.0785730365938282,0.00036166365280276835,-0.0949680915774348,1.568813337692057
2020-08-28,1.0914410446226048,0.01193058568329719,-0.0841705308478814,1.607388035305656
2020-08-31,1.0875416482502482,-0.0035727045373347144,-0.08744251894774613,1.5933311539718868
2020-09-01,1.086761768975777,-0.0007171029042668531,-0.08809691656771901,1.6044458973520765
2020-09-02,1.086761768975777,0.0,-0.08809691656771901,1.6031382804838188
2020-09-03,1.0848120707895987,-0.0017940437746680749,-0.08973291061765132,1.596600196142531
2020-09-04,1.0770132780448856,-0.007189072609633418,-0.09627688681738067,1.5786204642039887
2020-09-07,1.071944062760822,-0.004706734250543021,-0.10053047134720461,1.546910755148742
2020-09-08,1.0709149930306252,-0.0009600031997439853,-0.10139396497278352,1.5547564563582874
2020-09-09,1.0708507458407062,-5.999280086388392e-05,-0.10144787486569795,1.5184700882641387
2020-09-10,1.0709042851656387,4.999700017993547e-05,-0.10140294995493582,1.5197777051323966
2020-09-11,1.0709257008956117,1.9997800241977615e-05,-0.10138497999063112,1.531546256946715
2020-09-14,1.0708935773006523,-2.9996100506912704e-05,-0.10141193493708822,1.540372670807454
2020-09-15,1.070872161570679,-1.9998000200027732e-05,-0.10142990490139314,1.5518143184047084
2020-09-16,1.0708400379757197,-2.999760019195552e-05,-0.10145685984785036,1.5426610003269052
2020-09-17,1.0708293301107332,-9.999500024893138e-06,-0.10146584483000276,1.5331807780320377
2020-09-18,1.0707864986507871,-3.999840006407851e-05,-0.10150178475861238,1.5727361882968298
2020-09-21,1.0708186222457465,2.999999999997449e-05,-0.10147482981215528,1.5547564563582879
2020-09-22,1.0573370119133,-0.012590003621876122,-0.11278726495916713,1.536122915985617
2020-09-23,1.0569495670573408,-0.0003664345914253797,-0.11311237039523925,1.5406995750245187
2020-09-24,1.0418392176749227,-0.014296187683284556,-0.12579148240205218,1.5155279503105599
2020-09-25,1.039514548539166,-0.002231312755671344,-0.1277421150184851,1.5165086629617532
2020-09-28,1.0402894382510848,0.000745434215430496,-0.12709190414634086,1.5197777051323973
2020-09-29,1.0402894382510848,0.0,-0.12709190414634086,1.5233736515201057
2020-09-30,1.0375773242593687,-0.0026070763500931626,-0.12936764219884578,1.518796992481204
2020-10-09,1.0519127839298676,0.013816280806572045,-0.11733874106417719,1.5491990846681933
2020-10-12,1.0693478024480423,0.016574585635359185,-0.10270899644093157,1.5975809087937245
2020-10-13,1.067410578168245,-0.0018115942028985588,-0.10433452362129225,1.6028113762667549
2020-10-14,1.0629524097178777,-0.0041766200762389785,-0.10807537803152967,1.5949656750572092
2020-10-15,1.0356277354931354,-0.025706394731251248,-0.13100354443437312,1.5910428244524366
2020-10-16,1.0347244404774412,-0.000872219799389562,-0.13176150034851686,1.5864661654135348
2020-10-19,1.0469189231893097,0.011785246617197709,-0.12152909550757851,1.5763321346845385
2020-10-20,1.0399183868176813,-0.006686798964624652,-0.1274032538421913,1.5861392611964706
2020-10-21,1.0396925630637577,-0.00021715526601528978,-0.1275927428207274,1.5881006864988567
2020-10-22,1.02885302287543,-0.010425716768027837,-0.13668821379045049,1.5828702190258264
2020-10-23,1.018239306441026,-0.01031606672519747,-0.14559419578163757,1.56456358287022
2020-10-26,1.0001734061271466,-0.017742293191394976,-0.16075331406450943,1.5527950310559018
2020-10-27,0.9940761647712123,-0.0060961842402348365,-0.16586951648497872,1.5573716900948034
2020-10-28,0.9930920301634132,-0.0009899991999361415,-0.16669530499630092,1.5704478587773794
2020-10-29,0.9931317566254722,4.000280019611502e-05,-0.16666197047508424,1.584831644328213
2020-10-30,0.9933303889357664,0.00020000600017988646,-0.1664952978690012,1.5550833605753527
2020-11-02,0.9931913463185604,-0.00013997620404526678,-0.16661196869325934,1.5642366786531559
2020-11-03,0.9931814147030457,-9.999700009033496e-06,-0.1666203023235635,1.5809087937234405
2020-11-04,0.9932807308581929,9.999800004001358e-05,-0.16653696602052193,1.5930042497548234
2020-11-05,0.9932410043961339,-3.999520057595962e-05,-0.1665703005417386,1.6178489702517178
2020-11-06,0.9933899786288547,0.00014998800095988862,-0.1664452960871763,1.6185027786858464
2020-11-09,0.9931516198565015,-0.00023994481269307144,-0.16664530321447601,1.6502124877410933
2020-11-10,0.9932906624737077,0.00014000140001413364,-0.16652863239021765,1.6413860738803543
2020-11-11,0.997525217403201,0.0042631578947368584,-0.16297541234935486,1.6260215756783274
2020-11-12,1.0020515098381895,0.0045375218150087715,-0.15917739502319128,1.6250408630271342
2020-11-13,0.9950879830151305,-0.006949270326615742,-0.16502049860190426,1.6083687479568498
2020-11-16,1.0149340344608484,0.019944016794961383,-0.1483676534025723,1.625694671461263
2020-11-17,1.0187639742135308,0.0037735849056603765,-0.14515394643428015,1.6227525335076836
2020-11-18,1.023638442989672,0.004784688995215225,-0.141063773929181,1.6204642039882327
2020-11-19,1.0170230925077661,-0.006462585034013646,-0.14661472232895834,1.6341941811049374
2020-11-20,1.0222457376250604,0.005135227661759778,-0.14223239464492343,1.6390977443609034
2020-11-23,1.0375654966357901,0.014986376021798309,-0.12937756677175483,1.6580581889506385
2020-11-24,1.0358246149300254,-0.001677852348993203,-0.13083834266643302,1.6475972540045778
2020-11-25,1.024682972013131,-0.010756302521008454,-0.14018730839237403,1.627329192546585
2020-11-26,1.0218975612839074,-0.0027183146449201168,-0.1425245498238592,1.6296175220660358
2020-11-27,1.0292092644481194,0.007155025553662764,-0.13638929106621045,1.6528277214776081
2020-11-30,1.0198085032369897,-0.009133964817320761,-0.14427748089747316,1.644655116050998
2020-12-01,1.0218975612839074,0.002048480710139966,-0.1425245498238592,1.6809414841451464
2020-12-02,1.0225939139662132,0.0006814310051106443,-0.14194023946598788,1.677345537757438
2020-12-03,1.0138895054373895,-0.008512087163772497,-0.14924411893937917,1.676691729323309
2020-12-04,1.0100595656847071,-0.003777472527472514,-0.15245782590767143,1.6802876757110177
2020-12-07,0.9947398066739774,-0.015167183729748235,-0.16531265378084004,1.6659038901601841
2020-12-08,0.9923025722859068,-0.0024501225061253074,-0.16735774003338955,1.6606734226871538
2020-12-09,0.9787362138874004,-0.013671594508975593,-0.17874128738269013,1.6410591696632897
2020-12-10,0.9651281167959178,-0.013903743315508033,-0.19015985771854582,1.6377901274926456
2020-12-11,0.9546603498024696,-0.010845986984815648,-0.1989433733615117,1.6194834913370393
2020-12-14,0.9619877866978833,0.007675438596491224,-0.19279491241143565,1.633867276887873
2020-12-15,0.9598942332991938,-0.0021762785636560977,-0.19455161554002876,1.638770840143839
2020-12-16,0.9578006799005042,-0.0021810250817884125,-0.19630831866862186,1.6420398823144828
2020-12-17,1.0028120779723313,0.04699453551912569,-0.15853920140386846,1.6652500817260554
2020-12-18,1.021654058560538,0.018789144050104456,-0.14272887324652983,1.6557698594311878
2020-12-21,1.0509638061421929,0.028688524590164022,-0.11813502944622523,1.6704805491990857
2020-12-22,0.9975781944756074,-0.05079681274900405,-0.16293095922535128,1.645308924485127
2020-12-23,1.0067686489055636,0.009212765957446911,-0.15521923806246984,1.658711997384767
2020-12-24,0.9999833505136138,-0.006739679865206405,-0.16091278995421388,1.658711997384767
2020-12-25,1.0110094604005322,0.011026293469041493,-0.15166076813012985,1.6724419745014718
2020-12-28,1.0067686489055636,-0.004194630872483174,-0.15521923806246984,1.6770186335403736
2020-12-29,0.9948943767196513,-0.011794439764111209,-0.16518295387302206,1.6717881660673433
2020-12-30,1.0313653555763818,0.036658141517476484,-0.13458011245489765,1.6927100359594647
2020-12-31,1.0576583868451876,0.025493421052631637,-0.11251759887438917,1.7283425956194844
2021-01-04,1.0966738525988993,0.03688853247794688,-0.07977967549686082,1.7437070938215111
2021-01-05,1.1000665017948743,0.0030935808197989356,-0.0769328995509887,1.7760706113108868
2021-01-06,1.111092611681793,0.010023130300693905,-0.06768087772690445,1.7920889179470425
2021-01-07,1.1336950972471944,0.02034257570229847,-0.048715105403363435,1.8303367113435773
2021-01-08,1.1280256093524057,-0.0050008930166102195,-0.05347237938955851,1.821183393265774
2021-01-11,1.1152692615891313,-0.011308562197092087,-0.06417624585849735,1.8005884275907167
2021-01-12,1.1476663352736376,0.029048656499636838,-0.03699182308024018,1.8528931023210207
2021-01-13,1.1432117376420179,-0.003881439661256203,-0.040729681212250624,1.8457012095456038
2021-01-14,1.122356121457617,-0.01824300389656386,-0.0582296533757537,1.8120300751879708
2021-01-15,1.1189139323786381,-0.0030669312646581792,-0.061117998295943554,1.8064727034978758
2021-01-18,1.116281670141772,-0.002352515381831344,-0.06332673264667699,1.8022229486760386
2021-01-19,1.1010955418521595,-0.013604208235080795,-0.0760694308239851,1.7777051323962085
2021-01-20,1.1071699931680046,0.0055167340934167974,-0.0709723515530617,1.7875122589081407
2021-01-21,1.1010947526926724,-0.005487179487179582,-0.07607009300864243,1.8182412553121943
2021-01-22,1.0932956269491958,-0.007083065035415226,-0.0826143486280273,1.8192219679633876
2021-01-25,1.1138569584547253,0.018806744487678273,-0.0653613110860124,1.840797646289638
2021-01-26,1.0840784783432686,-0.026734563971992364,-0.09034846890548243,1.80156914024191
2021-01-27,1.086205512636944,0.0019620667102682177,-0.08856367191837744,1.804838182412554
2021-01-28,1.0578450553879377,-0.026109660574412552,-0.11236096507977744,1.7603792088917953
2021-01-29,1.0472098839195603,-0.010053619302949013,-0.1212849500153026,1.7482837528604127
2021-02-01,1.0656441811314143,0.01760324983073791,-0.10581670946039257,1.7688787185354697
2021-02-02,1.0812424326183678,0.014637391882900808,-0.0927281982216226,1.7950310559006217
2021-02-03,1.0755703411685666,-0.0052459016393442415,-0.09748765685390248,1.7930696305982357
2021-02-04,1.0713816873507886,-0.0038943560057886897,-0.10100236121773187,1.7894736842105272
2021-02-05,1.0706041970116373,-0.0007256894049345597,-0.1016547542792573,1.7920889179470423
2021-02-08,1.101703810577698,0.029048656499636838,-0.07555903181823365,1.815626021575679
2021-02-09,1.1211410690564858,0.017642907551164377,-0.05924920528009381,1.8607388035305663
2021-02-10,1.1475757405876372,0.023578363384188616,-0.037067841188223705,1.8983327884929724
2021-02-18,1.1102562043083644,-0.0325203252032521,-0.06838270814145231,1.8842759071592032
2021-02-19,1.0931514168470309,-0.01540616246498605,-0.08273535549501543,1.8947368421052642
2021-02-22,1.043392035141334,-0.04551920341394011,-0.12448851143265338,1.8270676691729333
2021-02-23,1.0423695101122152,-0.0009800007999679608,-0.12534651339183056,1.822164105916967
2021-02-24,1.0423590870424981,-9.999400036098116e-06,-0.12535525940193615,1.7741091860085
2021-02-25,1.0424424716002336,7.999600020003328e-05,-0.12528529132109234,1.7907813010787845
2021-02-26,1.0424528946699505,9.998700168933894e-06,-0.12527654531098698,1.7420725727361888
2021-03-01,1.0424007793213659,-4.9993000979853264e-05,-0.12532027536151424,1.7711670480549204
2021-03-02,1.0424424716002336,3.999640032392726e-05,-0.12528529132109234,1.7486106570774769
2021-03-03,1.0425258561579689,7.99896013516932e-05,-0.12521532324024875,1.7829355998692387
2021-03-04,1.0424528946699503,-6.998530308643947e-05,-0.1252765453109872,1.728342595619484
2021-03-05,1.042484163879101,2.999580058782314e-05,-0.12525030728067088,1.7214776070611315
2021-03-08,1.0423590870424977,-0.00011997960346743497,-0.1253552594019366,1.6606734226871531
2021-03-09,1.042296548624196,-5.999700015002496e-05,-0.12540773546256945,1.6276560967636489
2021-03-10,1.0423695101122146,7.00007000069558e-05,-0.12534651339183112,1.6345210853220014
2021-03-11,1.0423695101122146,0.0,-0.12534651339183112,1.6766917293233088
2021-03-12,1.042505010018535,0.00012999220046805426,-0.12523281526045982,1.6809414841451462
2021-03-15,1.0423590870424977,-0.00013997340505311762,-0.1253552594019366,1.6475972540045773
2021-03-16,1.0423799331819317,1.999900005000832e-05,-0.12533776738172553,1.6583850931677024
2021-03-17,1.0423799331819317,0.0,-0.12533776738172553,1.6659038901601835
2021-03-18,1.0423695101122146,-9.999300049079451e-06,-0.12534651339183112,1.6789800588427595
2021-03-19,1.042505010018535,0.00012999220046805426,-0.12523281526045982,1.6335403726708078
2021-03-22,1.0423590870424977,-0.00013997340505311762,-0.1253552594019366,1.6521739130434785
2021-03-23,1.0423695101122148,9.999500025115182e-06,-0.1253465133918309,1.6374632232755806
2021-03-24,1.0423799331819317,9.999400035987094e-06,-0.12533776738172553,1.612618502778686
2021-03-25,1.042296548624196,-7.99944003920805e-05,-0.12540773546256945,1.6113108859104284
2021-03-26,1.0423069716939128,1.0000100000961964e-05,-0.12539898945246408,1.6453089244851262
2021-03-29,1.0423382409030637,2.999999999997449e-05,-0.12537275142214754,1.64857796665577
2021-03-30,1.0422131640664605,-0.00011999640010795787,-0.12547770354341325,1.6629617522066036
2021-03-31,1.0423590870424977,0.00014001260113416514,-0.1253552594019366,1.6508662961752207
2021-04-01,1.0424424716002332,7.999600020003328e-05,-0.12528529132109278,1.6711343576332136
2021-04-02,1.0425050100185347,5.999220101382541e-05,-0.12523281526046004,1.687152664269369
2021-04-06,1.0423695101122143,-0.00012997530469216478,-0.12534651339183134,1.677999346191566
2021-04-07,1.0404105703579938,-0.0018793141349747735,-0.12699026205241892,1.666557698594312
2021-04-08,1.0511694915476144,0.010341034103410252,-0.11796243857969368,1.6701536449820205
2021-04-09,1.0541453633660203,0.0028310104529618574,-0.11546538102340786,1.6469434455704481
2021-04-12,1.0610127598700332,0.006514657980455807,-0.10970294050890261,1.6194834913370384
2021-04-13,1.0587236277020289,-0.0021574973031283085,-0.1116237540137377,1.6171951618175877
2021-04-14,1.0724584207100551,0.01297297297297284,-0.10009887298472675,1.6263484798953909
2021-04-15,1.0616994995204345,-0.010032017075773725,-0.10912669645745199,1.617195161817588
2021-04-16,1.0715427678428535,0.009271237602414883,-0.1008671983866607,1.6224256292906183
2021-04-19,1.0736029867940577,0.0019226660969879905,-0.09913846623230882,1.6636155606407326
2021-04-20,1.057579061618027,-0.014925373134328401,-0.11258416076615507,1.6610003269042173
2021-04-21,1.0495670990300117,-0.007575757575757569,-0.11930700803307803,1.6649231775089899
2021-04-22,1.0591814541356301,0.009160305343511421,-0.11123959131277028,1.6636155606407326
2021-04-23,1.046591227211606,-0.011886751674951346,-0.12180406558936374,1.6802876757110168
2021-04-26,1.0573501484012264,0.010279965004374336,-0.11277624211663861,1.6593658058188951
2021-04-27,1.0658199374228425,0.008010391859709864,-0.10566923214874857,1.6636155606407326
2021-04-28,1.0621573259540356,-0.0034364261168384758,-0.1087425337564848,1.6760379208891796
2021-04-29,1.0651331977724412,0.0028017241379310054,-0.1062454762001992,1.691075514874142
2021-04-30,1.0573501484012262,-0.007307113690092404,-0.11277624211663884,1.676364825106244
2021-05-06,1.0328564342035793,-0.023165187269971854,-0.13332894661837502,1.6544622425629292
2021-05-07,1.030567302035575,-0.002216312056737557,-0.1352497601232101,1.634521085322001
2021-05-10,1.0444724927340552,0.01349275362318847,-0.12358189819095933,1.6341941811049363
2021-05-11,1.034646444893003,-0.009407665505226537,-0.1318269465355043,1.642693690748611
2021-05-12,1.0386496495689872,0.0038691523039042774,-0.12846785276550454,1.652827721477607
2021-05-13,1.023000758562867,-0.015066573230553715,-0.14159885568459485,1.634847989539065
2021-05-14,1.0251843247497676,0.002134471718249875,-0.1397666227191403,1.6760379208891794
2021-05-17,1.0233646862606838,-0.0017749378771744206,-0.14129348352368576,1.6959790781301078
2021-05-18,1.0277318186344848,0.004267425320056972,-0.1376290175927768,1.6966328865642368
2021-05-19,1.0186336261890663,-0.00885269121813026,-0.1452633216155036,1.692056227525335
2021-05-20,1.0026208074851295,-0.01571989996427292,-0.15869969669550288,1.6966328865642368
2021-05-21,1.0044404459742131,0.001814882032667775,-0.15717283589095765,1.6786531546256946
2021-05-24,1.006594623282875,0.0021446540880504248,-0.1553652631679311,1.6878064727034983
2021-05-25,1.0023873312315361,-0.004179728317659337,-0.15889560689554671,1.7414187643020596
2021-05-26,1.0129055613598839,0.01049317943336825,-0.15006974757650726,1.7417456685191242
2021-05-27,1.006857579036084,-0.0059709241952231595,-0.15514461668495483,1.7479568486433479
2021-05-28,0.9992318621930318,-0.007573779054583563,-0.16154336469125852,1.7430532853873817
2021-05-31,1.0065946232828753,0.007368421052631691,-0.15536526316793087,1.7450147106897682
2021-06-01,1.0131685171130926,0.0065308254963427625,-0.14984910109353122,1.7476299444262835
2021-06-02,0.9973911719205711,-0.015572281339216176,-0.16308789007209024,1.7335730630925144
2021-06-03,0.9923950126096059,-0.005009227524387039,-0.16728017324863398,1.7201699901928738
2021-06-04,0.981350870974841,-0.0111287758346581,-0.1765473255336253,1.7309578293559988
2021-06-07,0.9734095848487254,-0.008092198581560295,-0.18321086809792408,1.7289964040536123
2021-06-08,0.9650660741214506,-0.008571428571428563,-0.19021191779994184,1.7152664269369076
2021-06-09,0.965761366682057,0.0007204610951010437,-0.18962849699144024,1.7178816606734229
2021-06-10,0.9935730691063064,0.028797696184305277,-0.1662916646513809,1.7289964040536125
2021-06-11,1.0005259947123688,0.0069979006298110935,-0.160457456566366,1.712978097417457
2021-06-15,0.9887060211820627,-0.011813759555246772,-0.17037561031089132,1.6936907486106574
2021-06-16,0.9435120047426576,-0.04571026722925453,-0.20829796286348767,1.670480549199085
2021-06-17,0.9664566592426631,0.024318349299926156,-0.18904507618293886,1.6740764955867935
2021-06-18,0.9859248509396376,0.020143884892086295,-0.1727092935448974,1.6757110166721154
2021-06-21,0.9935730691063062,0.0077574047954867,-0.16629166465138112,1.6734226871526645
2021-06-22,0.9900704731354163,-0.003525252525252486,-0.16923069706589278,1.6819221967963387
2021-06-23,0.9950834881892665,0.005063291139240533,-0.16502427021559352,1.6920562275253352
2021-06-24,0.978164562382522,-0.01700251889168769,-0.17922096083535366,1.6963059823471724
2021-06-25,0.9994698763613854,0.021780909673286386,-0.16134364672158175,1.7227852239293888
2021-06-28,1.0138822946412047,0.014420062695924774,-0.14925016952697134,1.7257273618829685
2021-06-29,1.0157621752863986,0.001854140914709479,-0.1476727594581091,1.7080745341614907
2021-06-30,1.032681101093143,0.016656384947563163,-0.13347606883834906,1.7182085648904872
2021-07-01,1.023281697867174,-0.009101941747572728,-0.1413631191826601,1.7175547564563582
2021-07-02,0.9988432494796542,-0.02388242498469073,-0.16186945007786901,1.6714612618502782
2021-07-05,1.0276680860392928,0.02885821831869495,-0.13768249568864832,1.6737495913697287
2021-07-06,1.0274822513229354,-0.00018083145607217157,-0.13783842981854955,1.6760379208891794
2021-07-07,1.0342101891257458,0.006547984448536992,-0.1321930092648751,1.6933638443935923
2021-07-08,1.0323179566187055,-0.0018296401707662557,-0.13378078379559588,1.6789800588427588
2021-07-09,1.0308462202243407,-0.0014256619144603633,-0.1350157195417122,1.6711343576332132
2021-07-12,1.0373639099708132,0.006322659596165625,-0.12954671838034015,1.693363844393592
2021-07-13,1.0386253983088403,0.001216051884880498,-0.1284882020265261,1.6985943118666222
2021-07-14,1.0382049021961646,-0.00040485829959524544,-0.1288410408111308,1.6799607714939517
2021-07-15,1.0403073827595428,0.0020251113811260435,-0.1270768468881075,1.702190258254331
2021-07-16,1.0308462202243407,-0.009094583670169909,-0.1350157195417122,1.6855181431840465
2021-07-19,1.024749026590544,-0.005914746073832355,-0.14013188191847947,1.6927100359594636
2021-07-20,1.0260340048966143,0.0012539444027047661,-0.13905365510474688,1.6884602811376264
2021-07-21,1.0775664474214068,0.0502248875562219,-0.09581272174044253,1.7012095456031378
2021-07-22,1.0998715344843768,0.020699500356887945,-0.07709649685141517,1.70284406668846
2021-07-23,1.0998715344843768,0.0,-0.07709649685141517,1.6858450474011113
2021-07-26,1.1137160712820822,0.012587412587412583,-0.06547952967891557,1.6286368094148413
2021-07-27,1.0583379240912603,-0.04972375690607744,-0.11194739836891432,1.5720823798627002
2021-07-28,1.0314179914290553,-0.025436046511627897,-0.1345359456487748,1.575351422033344
2021-07-29,1.0960258298183474,0.06263982102908283,-0.08032343217710969,1.6037920889179467
2021-07-30,1.1075629438164354,0.010526315789473717,-0.07064262620002648,1.592677345537757
2021-08-02,1.1091012256828472,0.001388888888888884,-0.0693518520697487,1.6322327558025493
2021-08-03,1.0863862564243814,-0.020480519480519654,-0.08841200959294371,1.6328865642366783
2021-08-04,1.1141368987360734,0.025543992431409812,-0.06512641286542187,1.6472703497875119
2021-08-05,1.1100256924676746,-0.0036900369003689537,-0.06857613089912873,1.6374632232755801
2021-08-06,1.1161925018702727,0.005555555555555536,-0.06340155384856838,1.6322327558025498
2021-08-09,1.1172203034373722,0.0009208103130753376,-0.06253912434014186,1.6502124877410917
2021-08-10,1.1264705175412697,0.008279668813247598,-0.05477725876430106,1.6688460281137627
2021-08-11,1.135720731645167,0.008211678832116709,-0.047015393188460486,1.660019614253024
2021-08-12,1.1439431441819645,0.007239819004524861,-0.04011595712104665,1.6495586793069632
2021-08-13,1.1429153426148648,-0.0008984725965857088,-0.040978386629473396,1.6407322654462242
2021-08-16,1.128526120675469,-0.01258992805755399,-0.05305239974744769,1.639751552795031
2021-08-17,1.13121777457301,0.002385105535643085,-0.05079382978412128,1.6031382804838183
2021-08-18,1.1244829991736869,-0.005953562214724983,-0.05644498777310236,1.6204642039882313
2021-08-19,1.104952150515649,-0.0173687362747057,-0.0728333459411481,1.6093494606080418
2021-08-20,1.1152788061279448,0.009345794392523477,-0.0641682370247102,1.5799280810722458
2021-08-23,1.1336871922194287,0.016505636070853535,-0.04872173852149475,1.6034651847008825
2021-08-24,1.1500751456911156,0.014455445544554468,-0.03497058741497372,1.620464203988231
2021-08-25,1.1489526831245618,-0.0009759906304899202,-0.03591244707980379,1.6250408630271327
2021-08-26,1.1473812355313862,-0.0013677217663150554,-0.03723105061056631,1.5972540045766588
2021-08-27,1.1482792055846294,0.0007826257092546918,-0.036477562878702074,1.6015037593984958
2021-08-30,1.1570344136037496,0.007624633431084993,-0.02913105749302658,1.5956194834913366
2021-08-31,1.1727488895355043,0.013581684128832094,-0.0159450221854035,1.5949656750572077
2021-09-01,1.1673610692160457,-0.004594180704441064,-0.020465948576588455,1.6178489702517158
2021-09-02,1.16578962162287,-0.0013461538461539968,-0.021784552107350863,1.6165413533834583
2021-09-03,1.1633202039764516,-0.002118236087040093,-0.02385664336997717,1.6077149395227195
2021-09-06,1.1662386066494919,0.0025086839058279242,-0.021407808241418524,1.635174893756129
2021-09-07,1.1673610692160457,0.0009624639076033503,-0.020465948576588455,1.6557698594311863
2021-09-08,1.16578962162287,-0.0013461538461539968,-0.021784552107350863,1.6489048708728336
2021-09-09,1.1595038312501684,-0.005391873676102388,-0.027058966230399828,1.6482510624387048
2021-09-10,1.1556874585238852,-0.0032913843175218505,-0.030261289090822596,1.6642693690748607
2021-09-13,1.149850653177805,-0.005050505050504972,-0.035158959347939556,1.6554429552141219
2021-09-14,1.1252070647188925,-0.021431990659661504,-0.055837423519252694,1.6338672768878715
2021-09-15,1.117495574108483,-0.0068533969010725615,-0.06230814439501453,1.6165413533834583
2021-09-16,1.1131369055025992,-0.003900390039003998,-0.06596550836827142,1.598234717227852
2021-09-17,1.0832967896623187,-0.026807228915662673,-0.09100438480056783,1.6109839816933633
2021-09-22,1.102743157288569,0.01795109873104317,-0.0746869147660375,1.600196142530238
2021-09-23,1.0997256174844956,-0.002736394040741996,-0.07721893597829232,1.6096763648251058
2021-09-24,1.0615034466329003,-0.03475609756097553,-0.10929120466685172,1.6119646943445562
2021-09-27,1.03300445959443,-0.026847757422615248,-0.13320473833814594,1.622425629290617
2021-09-28,1.0320231136231737,-0.0009499919987195895,-0.13402818690125284,1.6194834913370373
2021-09-29,1.0318373290264158,-0.0001800198021782995,-0.13418407897573892,1.6086956521739122
2021-09-30,1.03260111014642,0.0007402146622519368,-0.13354318933618547,1.6132723112128136
2021-10-08,1.0321676127539852,-0.00041981108501176756,-0.13390693750998617,1.636482510624386
2021-10-11,1.0322088982199316,3.9998800036133986e-05,-0.13387229482676688,1.6361556064073215
2021-10-12,1.0322088982199316,0.0,-0.13387229482676688,1.619156587119973
2021-10-13,1.0322295409529045,1.999860009793686e-05,-0.1338549734851574,1.6374632232755792
2021-10-14,1.0322398623193911,9.999100081037327e-06,-0.13384631281435255,1.6286368094148405
2021-10-15,1.032291469151824,4.999500049995831e-05,-0.13380300946032864,1.636482510624386
2021-10-18,1.032198576853445,-8.998650202474145e-05,-0.13388095549757162,1.617522066034651
2021-10-19,1.0319611854242545,-0.0002299862008279252,-0.1340801509260814,1.6328865642366777
2021-10-20,1.032105684555066,0.0001400238040465407,-0.1339589015348147,1.6283099051977759
2021-10-21,1.0321469700210124,4.000120003611052e-05,-0.13392425885159542,1.6355017979731927
2021-10-22,1.032157291387499,9.999900000945416e-06,-0.13391559818079057,1.6462896371363178
2021-10-25,1.0321469700210126,-9.999800003934745e-06,-0.1339242588515952,1.6518470088264128
2021-10-26,1.0321985768534454,4.999950000494913e-05,-0.13388095549757129,1.6462896371363178
2021-10-27,1.0322605050523646,5.999640021592256e-05,-0.13382899147274274,1.6247139588100676
2021-10-28,1.0319921495237145,-0.00025996880374346,-0.13405416891366673,1.6178489702517151
2021-10-29,1.0321676127539858,0.00017002380333241973,-0.1339069375099855,1.6283099051977759
2021-11-01,1.032054077722634,-0.00010999670009892437,-0.13400220488883807,1.6230794377247453
2021-11-02,1.0330036943010608,0.0009201228878646947,-0.1332053804967157,1.6060804184373967
2021-11-03,1.0379529262591916,0.004791107704101183,-0.1290524741173401,1.5995423340961086
2021-11-04,1.0522067142986082,0.01373259584207509,-0.11709210374473833,1.6149068322981357
2021-11-05,1.0650747173897481,0.012229539040451431,-0.10629454715836173,1.6093494606080407
2021-11-08,1.061511270379894,-0.0033457249070631967,-0.10928463975151226,1.608041843739783
2021-11-09,1.0626990860498453,0.0011189854531892252,-0.10828794222046212,1.6073880353056542
2021-11-10,1.0524046835769332,-0.009687034277198303,-0.11692598748956351,1.5992154298790444
2021-11-11,1.043694035330623,-0.008276899924755332,-0.12423510271726457,1.6253677672441964
2021-11-12,1.0432980967739724,-0.00037936267071336793,-0.12456733522761476,1.6247139588100674
2021-11-15,1.056364069143438,0.012523719165085545,-0.1136036623860629,1.6227525335076811
2021-11-16,1.0500290522370306,-0.005997001499250421,-0.11891938255166368,1.6214449166394234
2021-11-17,1.0585417312050156,0.008107088989441902,-0.11177638357913755,1.621118012422359
2021-11-18,1.0609173625449182,0.0022442491116512198,-0.10978298851703738,1.6067342268715255
2021-11-19,1.0755670891409854,0.013808546370591479,-0.09749038563408541,1.6247139588100674
2021-11-22,1.0785366283158642,0.00276090557702946,-0.09499864180645978,1.6289637136319046
2021-11-23,1.0609173625449184,-0.016336270190895785,-0.10978298851703716,1.6299444262830978
2021-11-24,1.0626990860498455,0.0016794178018286754,-0.1082879422204619,1.6335403726708064
2021-11-25,1.0680442565646266,0.005029806259314373,-0.10380280333073633,1.6273291925465827
2021-11-26,1.057155946256739,-0.010194624652455908,-0.11293919736536262,1.613599215429878
2021-11-29,1.053592499246885,-0.003370786516853852,-0.11592928995851293,1.6113108859104273
2021-11-30,1.0484969917888904,-0.004836317135549883,-0.12020493628252438,1.605426610003268
2021-12-01,1.0390753243402098,-0.00898587933247752,-0.12811066856239905,1.6096763648251053
2021-12-02,1.0424402055718816,0.0032383419689119286,-0.12528719274815803,1.6129454069957494
2021-12-03,1.0437861580645502,0.0012911555842478606,-0.12415780242246166,1.6276560967636475
2021-12-06,1.0209049656891829,-0.02192134107027721,-0.1433574379593,1.6260215756783254
2021-12-07,1.0094643695014993,-0.011206328279498967,-0.15295725572771912,1.6351748937561286
2021-12-08,1.0249428231671889,0.015333333333333199,-0.1399692669822109,1.6587119973847653
2021-12-09,1.035037466862204,0.009848982271831952,-0.13149883953948793,1.686171951618175
2021-12-10,1.0417672293255473,0.006501950585175553,-0.1258518879110061,1.6812683883622088
2021-12-13,1.047151039296222,0.0051679586563306845,-0.12133432660822063,1.6855181431840458
2021-12-14,1.0451321105572189,-0.001928020565552746,-0.1230284120967653,1.6753841124550495
2021-12-15,1.0357104431085382,-0.009014810045074095,-0.13093414437663986,1.660346518470087
2021-12-16,1.0451321105572189,0.009096816114360085,-0.1230284120967653,1.6691729323308258
2021-12-17,1.0276347281525262,-0.01674179008370902,-0.13771048633081817,1.645308924485125
2021-12-20,0.9960048445748126,-0.0307793058284217,-0.1642511589846829,1.6207911082052948
2021-12-21,0.9966778208211471,0.0006756756756758353,-0.1636864638218346,1.627656096763647
2021-12-22,1.0000427020528186,0.0033760972316001503,-0.1608629880075937,1.6286368094148405
2021-12-23,1.0020616307918218,0.0020188425302827273,-0.15916890251904903,1.6410591696632875
2021-12-24,0.9785074621701201,-0.023505708529214298,-0.17893323321873567,1.6335403726708064
2021-12-27,0.9764885334311172,-0.0020632737276478075,-0.1806273187072801,1.634847989539064
2021-12-28,0.9890667534840493,0.01288107296942409,-0.17007291941039593,1.6433474991827381
2021-12-29,0.988517780262874,-0.0005550416281221437,-0.17053356348842907,1.6214449166394234
2021-12-30,0.9830280480511215,-0.005553498704183646,-0.17514000426875997,1.6332134684537418
2021-12-31,0.9815641194613208,-0.0014892032762472418,-0.17636838847684833,1.6371363190585146
2022-01-04,0.989249744557774,0.007829977628635243,-0.16991937138438518,1.6312520431513555
2022-01-05,0.9693037175217405,-0.02016278209396971,-0.18665610621958717,1.6158875449493286
2022-01-06,0.942587020757879,-0.027562771380026385,-0.20907411801719722,1.5975809087937223
2022-01-07,0.9493576904857068,0.007183071248301198,-0.20339284105478928,1.601503759398495
2022-01-10,0.9409401010943533,-0.008866615265998301,-0.21045605025129643,1.605753514220332
2022-01-11,0.9334374670716251,-0.007973551147413493,-0.2167515193177486,1.591042824452434
2022-01-12,0.9368767044296342,0.0036844860843207048,-0.21386565119010936,1.6080418437397825
2022-01-13,0.9389323856242139,0.0021941854086671153,-0.21214072667269868,1.5815626021575664
2022-01-14,0.9379045450269241,-0.0010946907498631253,-0.21300318893140402,1.5671788166067326
2022-01-17,0.9340501427870874,-0.004109589041095929,-0.21623742240154897,1.5805818895063732
2022-01-18,0.9325083818911528,-0.0016506189821182682,-0.21753111578960682,1.5956194834913355
2022-01-19,0.931480541293863,-0.0011022320198401658,-0.21839357804831216,1.562602157567831
2022-01-20,0.9440715886106629,0.013517241379310319,-0.20782841537917207,1.5750245178162783
2022-01-21,0.943557668312018,-0.0005443658138268859,-0.2082596465085247,1.5639097744360888
2022-01-24,0.9409880668187935,-0.002723311546841023,-0.210415802155288,1.5645635828702176
2022-01-25,0.9433007081626956,0.0024576734025123503,-0.208475262073201,1.5299117358613912
2022-01-26,0.944071588610663,0.0008172160174340082,-0.20782841537917196,1.5384112455050658
2022-01-27,0.9265982984567367,-0.01850843767011434,-0.22249027377716224,1.5119320039228492
2022-01-28,0.9235147766648674,-0.0033277870216306127,-0.22507766055327816,1.488721804511277
2022-02-07,0.930195740547251,0.0072342793544797335,-0.2194716558716937,1.5122589081399136
2022-02-08,0.9355919036830223,0.005801104972375626,-0.2149437290134908,1.5050670153644967
2022-02-09,0.9399602262215038,0.004669046965119383,-0.21127826441399333,1.517816279830008
2022-02-10,0.9417589472667609,0.001913613996719521,-0.20976895546125895,1.5142203334422997
2022-02-11,0.9366197442803119,-0.00545702592087316,-0.21408126675478556,1.5024517816279814
2022-02-14,0.9520373532396585,0.016460905349794164,-0.20114433287420597,1.4864334749918258
2022-02-15,0.9615448787645889,0.009986504723346723,-0.1931665569811819,1.500163452108531
2022-02-16,0.9486968712984668,-0.01336183858898976,-0.2039473352149982,1.5070284406668832
2022-02-17,0.95743351637543,0.009209100758396538,-0.19661640601600305,1.510297482837527
2022-02-18,0.9661701614523931,0.00912506709608163,-0.1892854768170079,1.5181431840470727
2022-02-21,0.9646284005564585,-0.0015957446808509967,-0.19057917020506587,1.5125858123569778
2022-02-22,0.9767055275746134,0.012519978689397915,-0.1804452386652785,1.4929715593331139
2022-02-23,0.9692536832442623,-0.007629571165482907,-0.1866980900408921,1.5086629617522052
2022-02-24,0.9900674553393806,0.02147401908801716,-0.16923322930210938,1.4808761033017313
2022-02-25,0.978247288470548,-0.011938749026732531,-0.17915154527722055,1.492317750898985
2022-02-28,0.973108085484099,-0.00525348043078544,-0.18346385657074715,1.4942791762013712
2022-03-01,0.9728511253347766,-0.00026406126221278914,-0.18367947213542346,1.5067015364498184
2022-03-02,0.9829334006337006,0.010363636363636242,-0.17521942302846338,1.4952598888525643
2022-03-03,0.9946469413290291,0.01191692202928163,-0.16539057720142758,1.4857796665576968
2022-03-04,0.9913002154160783,-0.003364737550470953,-0.16819881886629484,1.4691075514874123
2022-03-07,0.9846067635901763,-0.006752194463200523,-0.17381530219602948,1.4207257273618814
2022-03-08,0.9568289385126831,-0.028212100611828772,-0.19712370801442847,1.3939195815626007
2022-03-09,0.9377526008088626,-0.019937040923399763,-0.21313068550417225,1.3808434128800247
2022-03-10,0.953147540008437,0.016416845110635236,-0.2002127738457825,1.4004576659038885
2022-03-11,0.959840991834339,0.0070224719101124045,-0.19459629051604788,1.409610983981692
2022-03-14,0.9467887607738303,-0.013598326359832491,-0.20554843300903036,1.3638443935926756
2022-03-15,0.8939104913492049,-0.05585012371862863,-0.24991865131393443,1.2987904543968602
2022-03-16,0.8929276389652783,-0.0010994975374358775,-0.2507433639096913,1.3553448839490014
2022-03-17,0.8930164919071126,9.950743818087915e-05,-0.2506688073012939,1.3828048381824112
2022-03-18,0.8930786889663969,6.96482762052586e-05,-0.25061661767541565,1.3919581562602144
2022-03-21,0.8933541330860837,0.0003084208850685499,-0.25038549218938344,1.3899967309578278
2022-03-22,0.893283050732616,-7.956794605301631e-05,-0.25044513747610153,1.3886891140895705
2022-03-23,0.8933363624977168,5.968070821116278e-05,-0.25040040351106296,1.3968617195161803
2022-03-24,0.8935140683813858,0.0001989238221224987,-0.25025129029426796,1.3880353056554418
2022-03-25,0.8935673801464864,5.966527779155406e-05,-0.2502065563292295,1.3628636809414827
2022-03-28,0.8935229536755692,-4.9718098382167675e-05,-0.25024383463342814,1.3546910755148729
2022-03-29,0.8936740036766878,0.00016904993934097057,-0.2501170883991525,1.3488067996077138
2022-03-30,0.8925747558718332,-0.00123003220450879,-0.25103946853003234,1.3890160183066347
2022-03-31,0.8928158402571412,0.00027009993697668655,-0.25083717433768415,1.3788819875776384
2022-04-01,0.8930122793859107,0.00022002200220017087,-0.25067234203280797,1.395554102647923
2022-04-06,0.8928872726676029,-0.00013998320201569214,-0.2507772353177291,1.3916312520431502
2022-04-07,0.8929408469754492,6.000120002402909e-05,-0.2507322810527629,1.3746322327558016
2022-04-08,0.8930479955911417,0.00011999520019201348,-0.2506423725228304,1.3837855508336048
2022-04-11,0.8929497760267568,-0.00010998240281567817,-0.2507247886752686,1.3406341941811042
2022-04-12,0.8928962017189106,-5.999700015002496e-05,-0.2507697429402348,1.3635174893756123
2022-04-13,0.8929497760267568,6.000060000599383e-05,-0.2507247886752686,1.3530565544295516
2022-04-14,0.8929587050780646,9.999500025115182e-06,-0.25071729629777406,1.367440339980385
2022-04-15,0.8825262069532468,-0.011683068954354114,-0.2594712177914321,1.3667865315462562
2022-04-18,0.8640439827238594,-0.020942408376963373,-0.27497967396333933,1.360248447204968
2022-04-19,0.8767505118815632,0.014705882352941124,-0.2643176103451532,1.3514220333442295
2022-04-20,0.8516262383197397,-0.028656126482213495,-0.2853994179538395,1.3285387381497213
2022-04-21,0.8360318616261943,-0.01831129196337733,-0.2984846778488861,1.3063092513893422
2022-04-22,0.8446954042337196,0.010362694300518172,-0.2912150890183046,1.3095782935599862
2022-04-25,0.8088860947892816,-0.042393162393162265,-0.3212627228513747,1.246485779666557
2022-04-26,0.8081014767334184,-0.0009699981998919629,-0.3219210967884084,1.2366786531546248
2022-04-27,0.8081176392478284,2.0000600017944237e-05,-0.32190753480348466,1.271330500163451
2022-04-28,0.8081580455338537,5.000050000503187e-05,-0.3218736298411752,1.2798300098071254
2022-04-29,0.8082388581059042,9.999600015997423e-05,-0.3218058199165563,1.3125204315135652
2022-05-05,0.8080045016469578,-0.00028995940568321554,-0.3220024686979511,1.3076168682575993
2022-05-06,0.8081176392478284,0.00014002100315035904,-0.32190753480348466,1.2759071592023525
2022-05-09,0.8081014767334184,-2.000020000192393e-05,-0.3219210967884084,1.2654462242562918
2022-05-10,0.8081095579906233,1.0000300008972118e-05,-0.32191431579594665,1.28015691402419
2022-05-11,0.8081014767334183,-1.0000200004078863e-05,-0.3219210967884085,1.2981366459627321
2022-05-12,0.8081095579906232,1.0000300008972118e-05,-0.32191431579594676,1.2915985616214443
2022-05-13,0.7990722268645,-0.011183299389002088,-0.32949755101379696,1.3017325923504406
2022-05-16,0.7914678872569932,-0.009516460905349744,-0.3358783613565154,1.2915985616214443
2022-05-17,0.7968114772514575,0.006751493118670515,-0.3313945486832537,1.3076168682576
2022-05-18,0.7883850468755715,-0.010575187000257946,-0.33846517636032014,1.3030402092186983
2022-05-19,0.7912623645648986,0.0036496350364965124,-0.3360508156901022,1.3059823471722778
2022-05-20,0.7957838637909836,0.005714285714285561,-0.33225682035118864,1.333442301405687
2022-05-23,0.7964004318672679,0.0007747933884296732,-0.33173945735042765,1.3229813664596264
2022-05-24,0.7978390907119314,0.0018064516129032704,-0.33053227701531884,1.2961752206603456
2022-05-25,0.7988667041724052,0.0012879958784131063,-0.3296700053473839,1.3017325923504404
2022-05-26,0.8017440218617321,0.0036017494211473267,-0.32725564467716617,1.3050016345210842
2022-05-27,0.8006662902247716,-0.001344234079173833,-0.328159970566163,1.3082706766917283
2022-05-30,0.79680632877052,-0.004820936639118423,-0.33139886877968694,1.3157894736842095
2022-05-31,0.7979091749003062,0.0013840830449827202,-0.33047346929010857,1.3367113435763311
2022-06-01,0.8003905786923251,0.0031098825155493337,-0.32839132043855745,1.3347499182739446
2022-06-02,0.7954277711082872,-0.006200482259731355,-0.3325556181416598,1.338345864661653
2022-06-06,0.7951520595758407,-0.00034662045060651625,-0.3327869680140544,1.3651520104609338
2022-06-07,0.7992877325625389,0.005201109570041718,-0.3293167199281357,1.3671134357633201
2022-06-08,0.8097647707955077,0.01310796826491889,-0.3205254247771421,1.3808434128800249
2022-06-09,0.8116947515226335,0.0023833844058562814,-0.31890597567038004,1.3697286694998352
2022-06-10,0.8172089821715645,0.006793478260869623,-0.3142789782224886,1.3886891140895703
2022-06-13,0.7935061074109594,-0.029004667444574084,-0.3341680884188988,1.3716900948022213
2022-06-14,0.7935061074109594,0.0,-0.3341680884188988,1.3847662634847975
2022-06-15,0.8001742259606313,0.008403361344537785,-0.32857286227115856,1.4007845701209534
2022-06-16,0.783027635404332,-0.021428571428571463,-0.3429605866510623,1.3919581562602146
2022-06-17,0.7906483423182428,0.009732360097323589,-0.3365660424822162,1.4125531219352716
2022-06-20,0.7916009306824816,0.00120481927710836,-0.33576672446111044,1.419418110493624
2022-06-21,0.8068423445103032,0.01925391095066198,-0.3229776361234181,1.4187643020594953
2022-06-22,0.7944586957751982,-0.015348288075560768,-0.3333687703977931,1.4024190912062753
2022-06-23,0.8049371677818254,0.01318944844124692,-0.3245762721656298,1.4269369074861054
2022-06-24,0.8182734048811692,0.016568047337278013,-0.31338581987014913,1.4426283099051964
2022-06-27,0.8148366565806683,-0.004199999999999981,-0.3162695994266945,1.4583197123242875
2022-06-28,0.8181064665990496,0.0040128410914925805,-0.31352589797977126,1.475318731611636
2022-06-29,0.7978336444850844,-0.02478017585931247,-0.3305368469506962,1.457338999673094
2022-06-30,0.812220808565963,0.0180327868852459,-0.31846456058423334,1.473684210526314
2022-07-01,0.8043732645218474,-0.009661835748792313,-0.32504944405684943,1.468780647270348
2022-07-04,0.8161445805880209,0.014634146341463428,-0.3151721188479252,1.4779339653481511
2022-07-05,0.8122208085659631,-0.004807692307692291,-0.3184645605842332,1.4746649231775073
2022-07-06,0.8076430745402291,-0.005636070853462072,-0.32230574260992584,1.4553775743707076
2022-07-07,0.8266079726468418,0.02348178137651824,-0.30639227421777027,1.4606080418437382
2022-07-08,0.8096049605512581,-0.020569620253164556,-0.3206595217417718,1.4593004249754806
2022-07-11,0.7966409054323027,-0.016012815818381543,-0.331537675698092,1.434455704478586
2022-07-12,0.7765027710198875,-0.025278810408921992,-0.34843560805962737,1.4226871526642677
2022-07-13,0.7892371795453853,0.01639969488939741,-0.33775015083100945,1.4249754821837184
2022-07-14,0.8099676120287537,0.026266416510318802,-0.3203552204588409,1.425302386400783
2022-07-15,0.7936794150775357,-0.02010968921389389,-0.33402266575125905,1.4040536122915968
2022-07-18,0.8046369293901733,0.013805970149253666,-0.32482820255454137,1.4190912062765593
2022-07-19,0.7907179247227687,-0.01729849098270153,-0.3365076558044261,1.4118993135011424
2022-07-20,0.7936794150775356,0.0037453183520599342,-0.33402266575125916,1.4158221641059152
2022-07-21,0.7907179247227686,-0.003731343283582156,-0.3365076558044261,1.401111474338017
2022-07-22,0.7850910930487114,-0.007116104868913897,-0.34122913690544343,1.4020921869892102
2022-07-25,0.7747833337111365,-0.013129380053908402,-0.34987838993545306,1.3962079110820511
2022-07-26,0.7853533655489419,0.013642564802182733,-0.34100906374084805,1.4056881333769187
2022-07-27,0.7927523878354057,0.009421265141319024,-0.3348005354046245,1.397842432167373
2022-07-28,0.799094406938089,0.008000000000000007,-0.32947893968786157,1.3988231448185664
2022-07-29,0.7959233973867473,-0.003968253968253954,-0.33213973754624304,1.3795357960117667
2022-08-01,0.8012084133056501,0.006640106241699861,-0.3277050744489405,1.385420071918926
2022-08-02,0.8012084133056501,0.0,-0.3277050744489405,1.3622098725073535
2022-08-03,0.7897571258358218,-0.014292520247737084,-0.33731386328482993,1.3474991827394556
2022-08-04,0.7951010599884084,0.006766553890768634,-0.33282976182808144,1.357633213468452
2022-08-05,0.8141865391047888,0.02400384061449823,-0.3168151137682659,1.3788819875776381
2022-08-08,0.8199121828397029,0.007032348804500765,-0.3120107193503212,1.3743053285387363
2022-08-09,0.8233475690806514,0.0041899441340782495,-0.3091280826995544,1.3765936580581872
2022-08-10,0.8244926978276342,0.0013908205841446364,-0.3081672038159654,1.3618829682902893
2022-08-11,0.8355622757151349,0.013425925925925952,-0.29887870794127236,1.3906505393919564
2022-08-12,0.8279280840685826,-0.009136592051164905,-0.3052845671651987,1.390977443609021
2022-08-15,0.832508599056514,0.0055325034578146415,-0.3014410516308429,1.3877084014383771
2022-08-16,0.8374708236267728,0.0059605685465382585,-0.2972772431352909,1.3844393592677333
2022-08-17,0.8389976619560832,0.001823154056517673,-0.29599607129050576,1.3978424321673735
2022-08-18,0.8416696290323765,0.0031847133757962887,-0.2937540205621314,1.3857469761359906
2022-08-19,0.8283097936509102,-0.015873015873015928,-0.3049642742040024,1.3759398496240585
2022-08-22,0.8332720182211691,0.005990783410138256,-0.3008004657084503,1.3847662634847975
2022-08-23,0.8367074044621177,0.0041227668346313084,-0.2979178290576835,1.3801896044458961
2022-08-24,0.8065523474582366,-0.036040145985401506,-0.3232209729921922,1.355017979731937
2022-08-25,0.8034986707996157,-0.003786086133459543,-0.32578331668176264,1.3667865315462555
2022-08-26,0.8004449941409948,-0.0038004750593824133,-0.32834566037133317,1.364825106243869
2022-08-29,0.8034986707996158,0.003814973772055419,-0.3257833166817625,1.3566525008172592
2022-08-30,0.7996815749763397,-0.004750593824227933,-0.32898624629372564,1.3537103628636795
2022-08-31,0.7733436137957347,-0.032935560859188695,-0.35108646061627125,1.3537103628636795
2022-09-01,0.7695265179724587,-0.004935834155972207,-0.35428939022823425,1.3425956194834898
2022-09-02,0.7688185554228432,-0.000919997599928001,-0.35488344243947234,1.3350768224910083
2022-09-05,0.7687954920193506,-2.999850007501248e-05,-0.3549027949685727,1.3344230140568796
2022-09-06,0.7687416774112015,-6.999860002787628e-05,-0.3549479508698069,1.3439032363517474
2022-09-07,0.7687339896100372,-1.00005000250869e-05,-0.3549544017128403,1.3465184700882624
2022-09-08,0.7687416774112015,1.0000600036086382e-05,-0.3549479508698069,1.3406341941811033
2022-09-09,0.7687186140077089,-3.0001500075038656e-05,-0.35496730339890725,1.3595946387708384
2022-09-13,0.7686647993995597,-7.000560044811976e-05,-0.35501245930014147,1.3641712978097402
2022-09-14,0.7686878628030522,3.0004500675140378e-05,-0.354993106771041,1.3491337038247777
2022-09-15,0.7687493652123656,8.000960115217559e-05,-0.3549415000267735,1.3370382477933949
2022-09-16,0.7687878042181866,5.0002000080207054e-05,-0.354909245811606,1.307616868257599
2022-09-19,0.7687263018088731,-7.999920000811844e-05,-0.35496085255587373,1.3040209218698906
2022-09-20,0.7686878628030523,-5.000350024497724e-05,-0.354993106771041,1.3046747303040196
2022-09-21,0.7687263018088731,5.000600072002648e-05,-0.35496085255587373,1.2948676037920874
2022-09-22,0.7687493652123656,3.000210014691973e-05,-0.3549415000267735,1.2853873814972199
2022-09-23,0.7687032384053806,-6.000240009595981e-05,-0.3549802050849742,1.2827721477607046
2022-09-26,0.7686340481949031,-9.000900090005981e-05,-0.35503826267227523,1.2745995423340946
2022-09-27,0.7686494237972316,2.0003800722312448e-05,-0.3550253609862082,1.2909447531873146
2022-09-28,0.7687801164170224,0.0001700289049137993,-0.3549156966546395,1.2726381170317083
2022-09-29,0.7686878628030523,-0.00012000000000000899,-0.354993106771041,1.2729650212487729
2022-09-30,0.7693720771066634,0.0008901068128175371,-0.3544189817410637,1.2644655116050985
2022-10-10,0.7740938618051001,0.006137192704202988,-0.35045692662583283,1.238640078457011
2022-10-11,0.7724684678695513,-0.0020997375328084544,-0.3518207965961724,1.237659365805818
2022-10-12,0.7745002102889872,0.002630194634402949,-0.3501159591332481,1.2579274272638108
2022-10-13,0.7755160814987053,0.0013116474291712255,-0.34926354040178575,1.2471395881006857
2022-10-14,0.7747033845309309,-0.0010479434110558516,-0.34994547538695553,1.275907159202353
2022-10-17,0.7704367254501153,-0.0055074744295831035,-0.35352563405909665,1.2755802549852886
2022-10-18,0.7724684678695514,0.002637130801687926,-0.35182079659617227,1.2732919254658377
2022-10-19,0.770639899692059,-0.002367175170962632,-0.3533551503128042,1.254004576659038
2022-10-20,0.7669827633370743,-0.004745583970471978,-0.356423857746068,1.2500817260542652
2022-10-21,0.7661700663692999,-0.001059602649006619,-0.35710579273123777,1.2428898332788485
2022-10-24,0.7653732516454018,-0.0010399972001959848,-0.35777440090681945,1.2108532200065374
2022-10-25,0.7652890631133769,-0.00010999670009892437,-0.3578450436034387,1.205622752533507
2022-10-26,0.7652814096104654,-1.000080006408055e-05,-0.35785146566676784,1.2147760706113104
2022-10-27,0.7653120236221109,4.00036003240789e-05,-0.3578257774134517,1.206276560967636
2022-10-28,0.7654038656570472,0.00012000600029993258,-0.3577487126535034,1.1781627983000977
2022-10-31,0.7652967166162881,-0.0001399902006860021,-0.3578386215401098,1.1654135338345861
2022-11-01,0.765212528084263,-0.00011000770053903874,-0.3579092642367292,1.2105263157894732
2022-11-02,0.7653043701191995,0.00012002160388879801,-0.3578321994767808,1.221641059169663
2022-11-03,0.7653196771250221,2.000120007195072e-05,-0.35781935535012277,1.211833932657731
2022-11-04,0.7653196771250221,0.0,-0.35781935535012277,1.2533507682249097
2022-11-07,0.7814897770681558,0.02112855637513167,-0.34425100539661935,1.2533507682249097
2022-11-08,0.7895463727080336,0.010309278350515427,-0.33749070648318247,1.2458319712324284
2022-11-09,0.8032425852958262,0.0173469387755103,-0.3259981983303397,1.2327558025498524
2022-11-10,0.7967973087839239,-0.008024072216649913,-0.3314064374610892,1.2258908139915
2022-11-11,0.8370802869833133,0.05055611729019205,-0.2976049428939047,1.257927427263811
2022-11-14,0.8362746274193256,-0.0009624639076033503,-0.29828097278524834,1.2585812356979398
2022-11-15,0.8378859465473012,0.0019267822736031004,-0.29692891300256086,1.2830990519777696
2022-11-16,0.8467482017511668,0.01057692307692304,-0.28949258419778034,1.273618829682902
2022-11-17,0.8523878186990814,0.006660323501427312,-0.28476037495837436,1.2680614579928073
2022-11-18,0.8491651804431303,-0.003780718336483968,-0.2874644945237491,1.2638117031709701
2022-11-21,0.8499708400071179,0.000948766603415363,-0.2867884646324056,1.253023864007845
2022-11-22,0.8483595208791422,-0.0018957345971564177,-0.2881405244150931,1.252370055573716
2022-11-23,0.8604444143389591,0.014245014245014342,-0.2780000760449377,1.2533507682249092
2022-11-24,0.8676953504148492,0.008426966292134797,-0.27191580702284446,1.2474664923177499
2022-11-25,0.8749462864907395,0.008356545961002881,-0.2658315380007511,1.2543314808761024
2022-11-28,0.8693066695428248,-0.006445672191528695,-0.2705637472401571,1.2396207911082042
2022-11-29,0.8612500739029468,-0.009267840593141785,-0.2773240461535941,1.2775416802876747
2022-11-30,0.8564161165190202,-0.005612722170252549,-0.2813802255016561,1.2785223929388678
2022-12-01,0.8685010099788371,0.01411100658513642,-0.2712397771315007,1.293233082706766
2022-12-02,0.8604444143389591,-0.00927643784786647,-0.2780000760449377,1.2857142857142847
2022-12-05,0.8564161165190202,-0.004681647940074973,-0.2813802255016561,1.308924485125857
2022-12-06,0.8475538613151546,-0.010348071495766553,-0.2888165543064366,1.3164432821183385
2022-12-07,0.8362746274193256,-0.013307984790874583,-0.29828097278524834,1.3125204315135655
2022-12-08,0.8403029252392644,0.00481695568400764,-0.29490082332852996,1.3154625694671453
2022-12-09,0.8475538613151546,0.0086289549376799,-0.2888165543064366,1.3265773128473348
2022-12-12,0.8435255634952157,-0.004752851711026684,-0.2921967037631551,1.31284733573063
2022-12-13,0.8483595208791425,0.005730659025787954,-0.28814052441509286,1.3092513893429216
2022-12-14,0.8612500739029472,0.015194681861348647,-0.27732404615359374,1.3125204315135657
2022-12-15,0.8572217760830083,-0.004677268475210328,-0.2807041956103121,1.311866623079437
2022-12-16,0.8362746274193258,-0.024436090225563922,-0.2982809727852481,1.3131742399476947
2022-12-19,0.8354049004687168,-0.0010400016000638992,-0.29901076169634677,1.2942137953579593
2022-12-20,0.8354049004687168,0.0,-0.29901076169634677,1.273618829682902
2022-12-21,0.8354633834903913,7.000560044789772e-05,-0.2989616885238118,1.2726381170317087
2022-12-22,0.8352879344253676,-0.0002100021000209784,-0.299108908041417,1.275253350768224
2022-12-23,0.8353881910339526,0.00012002640580921486,-0.2990247826027854,1.2719843085975802
2022-12-26,0.8352879344253676,-0.00012001200120015376,-0.299108908041417,1.2749264465511596
2022-12-27,0.8353631268818064,9.001980435696666e-05,-0.29904581396244323,1.2902909447531865
2022-12-28,0.8353464174470423,-2.000260033796497e-05,-0.29905983486888177,1.2860411899313493
2022-12-29,0.8352378061210752,-0.00013001950292546027,-0.2991509707607327,1.2821183393265765
2022-12-30,0.8355887042511225,0.0004201176329372558,-0.2988565317255223,1.2873488067996068
2023-01-03,0.8368316944131681,0.0014875621890549926,-0.2978135372130142,1.2909447531873153
2023-01-04,0.8198043497625774,-0.02034739454094303,-0.31210120221265025,1.2925792742726374
2023-01-05,0.8114983279818015,-0.010131712259371817,-0.31907079489539947,1.3170970905524673
2023-01-06,0.8048535105571808,-0.008188331627430934,-0.3246464690415989,1.3223275580254976
2023-01-09,0.8094218225366075,0.005675954592363253,-0.3208131930660868,1.3305001634521076
2023-01-10,0.8011158007558317,-0.01026167265264244,-0.3277827857488361,1.3324615887544937
2023-01-11,0.8098371236256463,0.010886469673405896,-0.3204647134319494,1.3324615887544937
2023-01-12,0.8218808552077713,0.014871794871794908,-0.31035880404196303,1.3344230140568802
2023-01-13,0.830602178077586,0.010611419909045017,-0.3030407317250763,1.354691075514873
2023-01-16,0.8260338660981593,-0.005499999999999949,-0.30687400770058837,1.3543641712978087
2023-01-17,0.8273132711431015,0.0015488530161426048,-0.30580045741684847,1.3530565544295512
2023-01-18,0.830818835851335,0.004237288135593209,-0.30285893393132657,1.3501144164759715
2023-01-19,0.832922174676275,0.0025316455696202667,-0.3010940198400135,1.359267734553775
2023-01-20,0.844841094684269,0.014309764309764494,-0.2910928399892392,1.3667865315462562
2023-01-30,0.849748885275796,0.0058091286307053736,-0.28697470710950856,1.3746322327558018
2023-01-31,0.828715497026395,-0.024752475247524774,-0.30462384802263964,1.3595946387708393
2023-02-01,0.8413355299760354,0.015228426395939021,-0.2940343634747611,1.3697286694998358
2023-02-02,0.839933304092742,-0.0016666666666667052,-0.2952109728689699,1.3664596273291916
2023-02-03,0.8252099323181614,-0.017529215358931483,-0.30756537150816154,1.3524027459954224
2023-02-06,0.8104865605435807,-0.017841971112999233,-0.3199197701473533,1.3337692056227517
2023-02-07,0.8092963528129027,-0.001468510137761835,-0.3209184748593833,1.3370382477933958
2023-02-08,0.809336708267262,4.986486621261221e-05,-0.3208846125499848,1.3314808761033012
2023-02-09,0.8092963528129027,-4.986237983162223e-05,-0.3209184748593833,1.3491337038247788
2023-02-10,0.8094819879029556,0.00022937838457770532,-0.32076270823615005,1.3412880026152332
2023-02-13,0.8094739168120837,-9.970686182581012e-06,-0.3207694806980297,1.351748937561294
2023-02-14,0.8095223433573149,5.982471358922936e-05,-0.32072884592675144,1.3546910755148738
2023-02-15,0.8095788409934179,6.979132394135945e-05,-0.32068143869359345,1.3455377574370704
2023-02-16,0.8095707699025461,-9.969493350303615e-06,-0.3206882111554732,1.3360575351422028
2023-02-17,0.8097402628108551,0.00020936144758465502,-0.3205459894559993,1.3170970905524677
2023-02-20,0.8097241206291114,-1.9935011861260676e-05,-0.3205595343797588,1.35142203334423
2023-02-21,0.8127090661437305,0.0036863734679163382,-0.31805486307426756,1.3530565544295519
2023-02-22,0.815041923168901,0.002870470039469053,-0.31609735999016053,1.3399803857469759
2023-02-23,0.8112510305029992,-0.0046511627906976605,-0.3192783025018342,1.3399803857469759
2023-02-24,0.8083349592215361,-0.0035945363048167644,-0.3217251813569679,1.327231121281464
2023-02-27,0.8030860309149028,-0.00649350649350644,-0.32612956329620824,1.322327558025498
2023-02-28,0.8095013877341214,0.007988380537400142,-0.3207464298149144,1.3308270676691722
2023-03-01,0.8153335302970474,0.007204610951008661,-0.3158526721046472,1.3468453743053281
2023-03-02,0.8115426376311455,-0.004649499284692382,-0.31903361461632074,1.3452108532200062
2023-03-03,0.8103762091185603,-0.0014372978799855884,-0.32001236615837425,1.3481529911735857
2023-03-06,0.813000673271877,0.0032385750269880997,-0.317810175188754,1.3399803857469759
2023-03-07,0.8131861995861658,0.000228199459592183,-0.31765449983939276,1.321346845374305
2023-03-08,0.8046074442912187,-0.010549558390578806,-0.3248529435358858,1.3161163779012746
2023-03-09,0.8046074442912187,0.0,-0.3248529435358858,1.3128473357306307
2023-03-10,0.810193610529789,0.006942722539052815,-0.3201655848497972,1.2948676037920888
2023-03-13,0.8157797767683594,0.006894853484363583,-0.3154782261637086,1.3092513893429223
2023-03-14,0.8263535914342247,0.012961604304230878,-0.30660572579361234,1.3010787839163123
2023-03-15,0.8257550736229493,-0.0007242877836793893,-0.3071079427956932,1.3007518796992479
2023-03-16,0.8327377814211622,0.008456148828219323,-0.3012487444380826,1.2857142857142854
2023-03-17,0.8375259239113653,0.005749880210828895,-0.29723100842143524,1.2925792742726379
2023-03-20,0.8632621897962071,0.030728918532634486,-0.2756356773319558,1.285387381497221
2023-03-21,0.8550824463754433,-0.00947538710422935,-0.2824993096937284,1.2994442628309901
2023-03-22,0.8425135723386602,-0.01469902006532886,-0.2930458667374276,1.3053285387381492
2023-03-23,0.8484987504514141,0.007103954534690926,-0.2880236967166184,1.3177508989865965
2023-03-24,0.8528878810674336,0.005172819186456623,-0.28434077203469166,1.3161163779012746
2023-03-27,0.8471022088917716,-0.006783625730994114,-0.28919553638814055,1.3092513893429223
2023-03-28,0.8429125842128437,-0.004945831370702036,-0.29271105540270714,1.3066361556064072
2023-03-29,0.8459051732692207,0.0035502958579882726,-0.2901999703923025,1.3066361556064072
2023-03-30,0.8475012207659551,0.0018867924528302993,-0.28886072505342,1.3206930369401766
2023-03-31,0.8540849166899844,0.007768361581920846,-0.2833363380305298,1.3239620791108206
2023-04-03,0.8421145604644767,-0.01401541695865438,-0.29338067807214807,1.3337692056227528
2023-04-04,0.8434335611147851,0.0015662959794694462,-0.292273903069197,1.3403072899640407
2023-04-06,0.8585462785067737,0.017918088737201465,-0.27959280406275755,1.336384439359268
2023-04-07,0.868621423434766,0.011735121542330251,-0.27113873805846467,1.3458646616541357
2023-04-10,0.8434335611147852,-0.028997514498757315,-0.29227390306919687,1.3409610983981697
2023-04-11,0.8383959886507891,-0.005972696245733711,-0.2965009360713432,1.3376920562275254
2023-04-12,0.8441532143239276,0.006866952789699621,-0.2916700412117472,1.3363844393592679
2023-04-13,0.8225636180496584,-0.025575447570332477,-0.30978589693523195,1.3282118339326578
2023-04-14,0.8506300932062084,0.034120734908136496,-0.2862352844947018,1.3350768224910103
2023-04-17,0.8535087060427776,0.0033840947546530664,-0.2838198370649039,1.3550179797319386
2023-04-18,0.8434335611147853,-0.01180438448566612,-0.29227390306919676,1.3573063092513895
2023-04-19,0.8411927889832351,-0.0026567263088137496,-0.2941541376103469,1.3465184700882642
2023-04-20,0.8400760378528227,-0.001327580484566826,-0.2950912048023676,1.3412880026152338
2023-04-21,0.8353298455485695,-0.005649717514124242,-0.2990737403684559,1.3174239947695328
2023-04-24,0.8339339066355539,-0.0016711229946523298,-0.3002450743584819,1.3007518796992483
2023-04-25,0.8400760378528228,0.007365249414127861,-0.2950912048023675,1.2945406995750248
2023-04-26,0.8417511645484416,0.001994017946161497,-0.2936856040143364,1.2915985616214454
2023-04-27,0.8439846668092666,0.002653399668325118,-0.2918114696302948,1.3030402092186995
2023-04-28,0.8540354269829793,0.011908699966920233,-0.2833778649021078,1.315789473684211
2023-05-04,0.8738577595478015,0.02321019941157232,-0.266744922243739,1.315789473684211
2023-05-05,0.8816750174606893,0.008945686900958538,-0.2601854518995935,1.3105590062111807
2023-05-08,0.9070811056775744,0.028815706143128672,-0.23886717328112073,1.3252696959790788
2023-05-09,0.8964719699386553,-0.011695906432748648,-0.24776931160531812,1.3138280483818248
2023-05-10,0.8774872007216423,-0.021177203363438202,-0.26369945386967153,1.3036940176528282
2023-05-11,0.8755328862434205,-0.002227171492204749,-0.2653393214557077,1.3020594965675063
2023-05-12,0.8719034450695798,-0.004145408163265252,-0.2683847898297752,1.2853873814972219
2023-05-15,0.8699491305913578,-0.0022414345180916673,-0.2700246574158117,1.3059823471722791
2023-05-16,0.8643653749392951,-0.006418485237484006,-0.27470999337591573,1.3004249754821844
2023-05-17,0.8607359337654544,-0.004198966408268667,-0.2777554617499832,1.2915985616214454
2023-05-18,0.8685531916783422,0.009082062925721779,-0.2711959914058376,1.291271657404381
2023-05-19,0.8565481170264075,-0.013821922211507576,-0.281269463720061,1.2893102321019945
2023-05-22,0.8511172131442201,-0.006340453938584733,-0.2858265415795983,1.2958483164432824
2023-05-23,0.8556869699933165,0.005369127516778427,-0.2819920532122405,1.2772147760706116
2023-05-24,0.8431201386583012,-0.01468624833110821,-0.2925368962224747,1.2598888525661984
2023-05-25,0.8556869699933164,0.01490514905149043,-0.28199205321224063,1.2569467146126188
2023-05-26,0.8591142876301388,0.004005340453938633,-0.27911618693672224,1.2585812356979407
2023-05-29,0.88996014636154,0.03590425531914887,-0.25323339045705673,1.2533507682249103
2023-05-30,0.891102585573814,0.0012836970474967568,-0.25227476836521723,1.254658385093168
2023-05-31,0.8876752679369917,-0.0038461538461538325,-0.2551506346407356,1.2428898332788496
2023-06-01,0.8865328287247175,-0.0012870012870013214,-0.25610925673257523,1.2455050670153647
2023-06-02,0.8979572208474587,0.012886597938144284,-0.24652303581418056,1.2628309905197779
2023-06-05,0.9025269776965551,0.0050890585241729624,-0.24268854744682278,1.2569467146126188
2023-06-06,0.9036694169088292,0.0012658227848101333,-0.24172992535498328,1.2448512585812357
2023-06-07,0.9070967345456515,0.0037926675094817064,-0.2388540590794649,1.2409284079764629
2023-06-08,0.8865328287247173,-0.02267002518891692,-0.25610925673257534,1.2513893429225236
2023-06-09,0.9013845384842808,0.01675257731958757,-0.2436471695386624,1.2566198103955541
2023-06-12,0.9116664913947479,0.011406844106463865,-0.23501957071210722,1.2579274272638117
2023-06-13,0.932230397215682,0.022556390977443552,-0.21776437305899687,1.2674076495586792
2023-06-14,0.9333728364279561,0.001225490196078427,-0.21680575096715737,1.2674076495586792
2023-06-15,0.9390850324893267,0.006119951040391758,-0.2120126405079601,1.2886564236678655
2023-06-16,0.9482245461875197,0.009732360097323589,-0.2043436637732443,1.3007518796992483
2023-06-19,0.9438282323824685,-0.00463636363636366,-0.20803261587756838,1.2909447531873162
2023-06-20,0.942967075236134,-0.0009124087591242391,-0.20875521385578233,1.2886564236678655
2023-06-21,0.9472728609678059,0.004566210045662267,-0.20514222396471282,1.2706766917293235
2023-06-26,0.9395224466507965,-0.00818181818181829,-0.211645605768638,1.25629290617849
2023-06-27,0.926605089455781,-0.013748854262144783,-0.2224845754418464,1.2647924158221644
2023-06-28,0.9386612895044623,0.013011152416356975,-0.21236820374685172,1.2674076495586792
2023-06-29,0.9464117038214716,0.008256880733944927,-0.20586482194292677,1.2615233736515201
2023-06-30,0.9472728609678059,0.0009099181073703999,-0.20514222396471282,1.2690421706440014
2023-07-03,0.9627736896018245,0.016363636363636358,-0.1921354603568627,1.2837528604118993
2023-07-04,0.9576067467238183,-0.00536672629695889,-0.19647104822614614,1.28604118993135
2023-07-05,0.9577932340592019,0.00019474313022704946,-0.1963145664828495,1.2772147760706112
2023-07-06,0.9589361854124945,0.0011933174224343368,-0.19535551465287682,1.268061457992808
2023-07-07,0.9543643799993241,-0.004767580452920139,-0.1991917219727677,1.2644655116050996
2023-07-10,0.9463637205262759,-0.008383233532934131,-0.20590508478257685,1.26969597907813
2023-07-11,0.9509355259394464,0.004830917874396157,-0.20206887746268587,1.2781954887218046
2023-07-12,0.9520784772927391,0.0012019230769231282,-0.20110982563271307,1.2719843085975808
2023-07-13,0.9680797962388354,0.01680672268907557,-0.18768310001309485,1.2925792742726383
2023-07-14,0.9715086502987132,0.0035419126328217754,-0.18480594452317667,1.2919254658385095
2023-07-17,0.9760804557118836,0.004705882352941115,-0.1809697372032858,1.2827721477607064
2023-07-18,0.9863670178915169,0.01053864168618257,-0.17233827073353125,1.28081072245832
2023-07-19,1.0035187484005275,0.01738879159369533,-0.157946233413239,1.280156914024191
2023-07-20,0.98971281549046,-0.013757523645743786,-0.169530808018044,1.271003595946388
2023-07-21,0.9733182701597548,-0.016564952048823134,-0.18328749036124992,1.2716574043805167
2023-07-24,0.9767697533872716,0.0035460992907800915,-0.18039134671004875,1.266100032690422
2023-07-25,0.9733182701597547,-0.0035335689045936647,-0.18328749036125003,1.3027133050016346
2023-07-26,0.9759068825803925,0.0026595744680852906,-0.18111538262284899,1.299771167048055
2023-07-27,0.9845355906491846,0.008841732979663952,-0.17387502349484596,1.2984635501797974
2023-07-28,0.9784954950010301,-0.00613496932515345,-0.17894327488444817,1.3298463550179798
2023-07-31,0.9914385571042184,0.013227513227513255,-0.1680827361924434,1.3350768224910101
2023-08-01,0.9948900403317353,0.003481288076588429,-0.16518659254124202,1.329192546583851
2023-08-02,0.9810841074216679,-0.013876843018213347,-0.17677116714604701,1.3197123242889834
2023-08-03,0.9646895620909629,-0.016710642040457246,-0.19052784948925283,1.331480876103302
2023-08-04,0.9733182701597548,0.008944543828264484,-0.18328749036124992,1.3383458646616542
2023-08-07,0.9646895620909629,-0.008865248226950118,-0.19052784948925283,1.3282118339326576
2023-08-08,0.9664153037047213,0.0017889087656528524,-0.18907977766365225,1.3233082706766917
2023-08-09,0.965552432897842,-0.0008928571428572507,-0.1898038135764526,1.3206930369401764
2023-08-10,0.9569237248290497,-0.00893655049151032,-0.19704417270445584,1.3223275580254983
2023-08-11,0.957786595635929,0.0009017132551849549,-0.1963201367916554,1.2912716574043803
2023-08-14,0.9517464999877744,-0.006306306306306464,-0.2013883881812577,1.2824452435436415
2023-08-15,0.969866786932238,0.01903898458748876,-0.18618363401245108,1.281137626675384
2023-08-16,0.9675962494431167,-0.0023410818059902408,-0.18808884470028164,1.2713305001634518
2023-08-17,0.9831886688611796,0.01611459265890791,-0.1750052271574034,1.275580254985289
2023-08-18,0.9944498606631137,0.011453744493391982,-0.16555594782088034,1.259235044132069
2023-08-21,1.0148066304589178,0.020470383275261295,-0.14847455825101163,1.2422360248447202
2023-08-22,0.9840549143844051,-0.030303030303030387,-0.17427835951613257,1.2497548218372012
2023-08-23,0.9831886688611794,-0.0008802816901407606,-0.17500522715740363,1.2317750898986592
2023-08-24,0.9901186330469851,0.007048458149779835,-0.16919028602723551,1.2392938868911405
2023-08-25,1.0109085256044021,0.0209973753280841,-0.15174546263673117,1.2370055573716896
2023-08-28,1.0208703491214977,0.009854327335047097,-0.14338648476211469,1.254331480876103
2023-08-29,1.0273671905456903,0.0063640220619429755,-0.13793497745258232,1.2615233736515197
2023-08-30,1.0252015767376261,-0.002107925801011712,-0.13975214655575974,1.2611964694344553
2023-08-31,1.0273671905456903,0.0021123785382339832,-0.13793497745258232,1.2549852893102316
2023-09-01,1.016539121505369,-0.010539629005059004,-0.14702082296846986,1.2625040863027128
2023-09-04,0.9979148427560162,-0.018321261184490956,-0.16264847725579668,1.2814645308924482
2023-09-05,1.0087429117963378,0.010850694444444642,-0.1535626317399088,1.2726381170317094
2023-09-06,1.0243353312144006,0.01545727780163153,-0.14047901419703057,1.2693690748610655
2023-09-07,1.0256346994992391,0.0012684989429174731,-0.1393887127351241,1.2520431513566523
2023-09-08,1.0065772979882734,-0.01858108108108114,-0.15537980084308634,1.2451781627983
2023-09-11,1.0165391215053692,0.009896729776248003,-0.14702082296846974,1.2543314808761032
2023-09-12,1.005277929703435,-0.011077971878994397,-0.1564701023049927,1.252696959790781
2023-09-13,1.006705132465931,0.0014197096348439473,-0.15527253478195613,1.244524354364171
2023-09-14,1.0144371227306463,0.007680491551459223,-0.14878461262206333,1.243543641712978
2023-09-15,1.0047169063978616,-0.009581881533100911,-0.1569408576230713,1.2379862700228832
2023-09-18,0.9994149702163426,-0.00527704485488123,-0.161389718532712,1.2422360248447204
2023-09-19,1.007146960481058,0.007736516357206069,-0.1549017963728192,1.2406015037593985
2023-09-20,1.0148789507457732,0.007677122175915763,-0.1484138742129264,1.2347172278522394
2023-09-21,1.011786154639887,-0.0030474531998259113,-0.15100904307688368,1.2232755802549853
2023-09-22,1.0075887884961845,-0.004148471615720517,-0.1545310579636825,1.2477933965348154
2023-09-25,1.0120070686474503,0.004385003288752465,-0.1508236738723152,1.2386400784570122
2023-09-26,1.0113443266247604,-0.0006548788474132206,-0.15137978148602038,1.2317750898986597
2023-09-27,0.9965430881180196,-0.014635211882918386,-0.16379951819210092,1.235044132069304
2023-09-28,0.9799745375507726,-0.01662602527155843,-0.1777022085347284,1.2304674730304022
2023-10-09,0.9731262033163105,-0.0069882777276825125,-0.18344865387634768,1.227198430859758
2023-10-10,0.9605341048852026,-0.012939841089670945,-0.1940146985367447,1.2183720169990193
2023-10-11,0.9620805029381458,0.0016099356025760514,-0.192717114104766,1.2209872507355346
2023-10-12,0.9698124932028609,0.008036739380022695,-0.1862291919448733,1.232755802549853
2023-10-13,0.9731262033163104,0.003416856492027387,-0.1834486538763478,1.2213141549525992
2023-10-16,0.9852764737322914,0.012485811577752415,-0.1732533476250877,1.20725727361883
2023-10-17,0.9896947538835573,0.004484304932735439,-0.16954596353372042,1.2111801242236029
2023-10-18,0.9991940562087788,0.009598214285714057,-0.1615750877372809,1.2020268061457997
2023-10-19,0.9983031299929361,-0.000891644831458537,-0.16232266497686598,1.1768551814318409
2023-10-20,0.9982736319245027,-2.954820790124213e-05,-0.16234741684091536,1.1709709055246815
2023-10-23,0.9983031299929361,2.9549081023594326e-05,-0.16232266497686598,1.1585485452762343
2023-10-24,0.9983031299929361,0.0,-0.16232266497686598,1.1601830663615562
2023-10-25,0.9981851377192024,-0.00011819283160474647,-0.1624216724330635,1.1667211507028443
2023-10-26,0.9981753050297246,-9.850566900060365e-06,-0.16242992305441328,1.1709709055246815
2023-10-27,0.9983129626824139,0.00013790929508639138,-0.1623144143555163,1.1886237332461593
2023-10-30,0.9983916241982363,7.879444499159227e-05,-0.16224840938471796,1.1938542007191897
2023-10-31,0.9984801184035366,8.863676653070307e-05,-0.16217415379256983,1.1912389669826746
2023-11-01,0.998725935640482,0.00024619141875192874,-0.16196788825882502,1.1905851585485459
2023-11-02,0.9998969380029961,0.001172496198131757,-0.16098529879389611,1.1850277868584511
2023-11-03,0.9992466690209867,-0.0006503360069369801,-0.16153094026443993,1.1941811049362543
2023-11-06,0.9942612734922484,-0.004989154013015362,-0.16571419153860878,1.2098725073553456
2023-11-07,0.9903596596001926,-0.003924133420536213,-0.1689880403618712,1.2062765609676371
2023-11-08,0.9864580457081368,-0.003939592908732692,-0.17226188918513363,1.2026806145799287
2023-11-09,0.9799553558880436,-0.0065919578114700395,-0.17771830389057108,1.2036613272311218
2023-11-10,0.9871083146901463,0.007299270072992803,-0.1717162477145897,1.194834913370383
2023-11-13,0.9836402134527633,-0.003513394817742599,-0.17462633555748963,1.1932003922850611
2023-11-14,0.987975339999492,0.004407227853679974,-0.1709887257538647,1.1932003922850611
2023-11-15,0.9920937102188844,0.0041684949539271265,-0.16753299644042097,1.2013729977116712
2023-11-16,0.9912968836392221,-0.0008031767276163162,-0.16820161456418847,1.1896044458973527
2023-11-17,0.9913749123999627,7.871381624258156e-05,-0.16813614053892645,1.1879699248120308
2023-11-20,0.9915407235165367,0.00016725369433912007,-0.16799700823524444,1.1915658711997392
2023-11-21,0.991530969921444,-9.836807365881661e-06,-0.1680051924884023,1.1932003922850611
2023-11-22,0.9915797378969068,4.9184520647616026e-05,-0.16796427122261348,1.1804511278195495
2023-11-23,0.9916285058723698,4.918210164972514e-05,-0.16792334995682456,1.186662307943773
2023-11-24,0.9918625921545916,0.00023606247786900347,-0.1677269278810385,1.178489702517163
2023-11-27,0.991784563393851,-7.866892184238417e-05,-0.16779240190630051,1.1706440013076174
2023-11-28,0.9917748097987585,-9.834388891016843e-06,-0.16780058615945814,1.1719516181758751
2023-11-29,0.9917748097987585,0.0,-0.16780058615945814,1.1631252043151363
2023-11-30,0.9896456785557044,-0.0021467889908256535,-0.16958714269926256,1.1644328211833939
2023-12-01,0.98396458970062,-0.00574052812858783,-0.17435415106493846,1.1598561621444923
2023-12-04,0.9851008074716368,0.0011547344110853786,-0.1734007493918034,1.1520104609349466
2023-12-05,0.973738629761468,-0.011534025374855816,-0.18293476612315507,1.1304347826086962
2023-12-06,0.9873732430136705,0.014002333722286986,-0.17149394604553303,1.1320693036940184
2023-12-07,0.9782835008455354,-0.009205983889528202,-0.17912115943061446,1.1291271657404387
2023-12-08,0.9930543318687549,0.015098722415795685,-0.16672693767985713,1.1314154952598894
2023-12-11,1.001007856265873,0.008009153318077722,-0.160053125967911,1.139261196469435
2023-12-12,1.011233816205025,0.010215664018161208,-0.15147251090969438,1.14187643020595
2023-12-13,1.0225959939151938,0.011235955056179803,-0.1419384941783426,1.122915985616215
2023-12-14,1.0360213789970034,0.01312872841444268,-0.13067323770552242,1.1176855181431846
2023-12-15,1.0272007635411464,-0.00851393188854499,-0.13807462654858704,1.115397188623734
2023-12-18,1.021587644614692,-0.005464480874316835,-0.14278460126690073,1.1108205295848324
2023-12-19,1.021587644614692,0.0,-0.14278460126690073,1.1114743380189611
2023-12-20,1.0296063859381983,0.007849293563579218,-0.13605606595502395,1.1013403072899648
2023-12-21,1.0191820222176402,-0.010124610591900396,-0.1448031618604637,1.1114743380189611
2023-12-22,1.0239932670117438,0.00472069236821393,-0.14076604067333787,1.1134357633213476
2023-12-25,1.03201200833525,0.007830853563038476,-0.13403750536146108,1.116377901274927
2023-12-26,1.0352195048646524,0.0031080031080030768,-0.13134609123671037,1.109839816933639
2023-12-27,1.0376251272617045,0.0023237800154920496,-0.12932753064314717,1.113108859104283
2023-12-28,1.036823253129354,-0.0007727975270479526,-0.1300003841743348,1.1405688133376928
2023-12-29,1.0280026376734972,-0.008507347254446906,-0.1374017730173992,1.1438378555083368
2024-01-02,1.0336157565999515,0.005460218408736228,-0.1326917982990855,1.1288002615233743
2024-01-03,1.0215876446146923,-0.011636927851047196,-0.1427846012669005,1.1255312193527303
2024-01-04,1.0111632808941342,-0.010204081632653184,-0.15153169717234027,1.115724092840798
2024-01-05,1.0087576584970825,-0.0023790642347342184,-0.15355025776590314,1.1101667211507034
2024-01-08,1.013568903291186,0.004769475357710551,-0.1495131365787773,1.0948022229486767
2024-01-09,1.0344176307323023,0.020569620253164667,-0.13201894476789766,1.097417456685192
2024-01-10,1.0239932670117442,-0.010077519379845024,-0.14076604067333742,1.0921869892121616
2024-01-11,1.0344176307323025,0.01018010963195004,-0.13201894476789744,1.0983981693363851
2024-01-12,1.040536862000134,0.005915629322268302,-0.12688429058639283,1.094802222948677
2024-01-15,1.0891333637968437,0.04670329670329676,-0.0861069085533398,1.0934946060804192
2024-01-16,1.0426808253146949,-0.042650918635170565,-0.1250852884378758,1.1006864988558358
2024-01-17,1.0319610087418911,-0.010281014393420218,-0.13408029918046116,1.0761686825760057
2024-01-18,1.034104972056452,0.0020775623268698418,-0.13228129703194402,1.06832298136646
2024-01-19,1.0433954797528815,0.00898410504492042,-0.12448562105503702,1.070611310885911
2024-01-22,1.1091436880660768,0.06301369863013706,-0.06931622183384756,1.0480549199084674
2024-01-23,1.1634574253682815,0.04896907216494828,-0.023741500738082455,1.0552468126838843
2024-01-24,1.0905626726732172,-0.06265356265356259,-0.084907573787662,1.0719189277541685
2024-01-25,1.0026601767762278,-0.08060288335517696,-0.15866666187686096,1.0902255639097749
2024-01-26,1.0017979016588556,-0.0008599873988658349,-0.1593901979458926,1.0882641386073886
2024-01-29,1.0018079191369984,9.999500025115182e-06,-0.15938179226815585,1.0784570120954564
2024-01-30,1.0017979016588556,-9.999400036098116e-06,-0.1593901979458926,1.0601503759398498
2024-01-31,1.0017778667025703,-1.9999000049897298e-05,-0.15940700930136587,1.0532853873814976
2024-02-01,1.0018079191369984,2.9999100026989467e-05,-0.15938179226815585,1.05197777051324
2024-02-02,1.0018379715714265,2.999820010796128e-05,-0.15935657523494584,1.042170644001308
2024-02-05,1.0018580065277118,1.999820016185261e-05,-0.15933976387947257,1.0487087283425962
2024-02-06,1.001787884180713,-6.999230084681063e-05,-0.15939860362362912,1.0823798627002292
2024-02-07,1.00188805896214,9.999600015997423e-05,-0.15931454684626256,1.091860084995097
2024-02-08,1.0025992999102702,0.0007099006139139608,-0.15871774372696024,1.0990519777705139
2024-02-19,1.0015967006103599,-0.001,-0.15955902598323335,1.1078783916312525
2024-02-20,0.9992100523960382,-0.002382843526608336,-0.16156166531766558,1.1118012422360253
2024-02-21,0.981707965491012,-0.017515923566879033,-0.1762476871035027,1.1274926446551166
2024-02-22,1.017507688705838,0.03646677471636939,-0.14620809708701787,1.135992154298791
2024-02-23,1.0541029613254382,0.03596559812353406,-0.11550096062572213,1.1369728669499843
2024-02-26,1.0397830720395078,-0.0135849056603774,-0.12751679663231608,1.1255312193527303
2024-02-27,1.0413741708490556,0.0015302218821728886,-0.12618170374269455,1.1389342922523706
2024-02-28,1.0612629059684036,0.01909854851031323,-0.1094930426224251,1.1271657404380522
2024-02-29,1.055694060134986,-0.005247376311844132,-0.11416586773610071,1.1451454723765941
2024-03-01,1.0906982339450382,0.033157498116051176,-0.0847938241644266,1.153971886237333
2024-03-04,1.1447955934696645,0.0495988329686361,-0.03940066591729385,1.1529911735861398
2024-03-05,1.0867204869211688,-0.05072967338429457,-0.08813155638848036,1.1624713958810073
2024-03-06,1.1097914196596124,0.021229868228404003,-0.06877270948896785,1.1578947368421055
2024-03-07,1.0867204869211688,-0.02078853046594975,-0.08813155638848036,1.151683556717882
2024-03-08,1.1384311982314734,0.04758418740849191,-0.04474103747577984,1.1549525988885259
2024-03-11,1.1209291113264472,-0.015373864430468176,-0.059427059261616955,1.1706440013076171
2024-03-12,1.1440000440648908,0.02058197303051812,-0.04006821236210445,1.172278522392939
2024-03-13,1.1264979571598646,-0.015299026425591111,-0.05475423414794156,1.1654135338345868
2024-03-14,1.140817846445795,0.012711864406779627,-0.04273839814134772,1.1611637790127496
2024-03-15,1.1288846053741863,-0.010460251046024993,-0.05275159481350922,1.1641059169663293
2024-03-18,1.1187688868007384,-0.008960808328230208,-0.06123970621160724,1.1742399476953256
2024-03-19,1.1210708803949785,0.002057613168724215,-0.05930810066883285,1.1667211507028443
2024-03-20,1.1233728739892186,0.002053388090349051,-0.05737649512605836,1.1677018633540375
2024-03-21,1.1459324112127725,0.020081967213114726,-0.03844676080686871,1.1670480549199085
2024-03-22,1.1385660317112039,-0.006428284451586941,-0.044627898543746936,1.1569140241909122
2024-03-25,1.1408680253054442,0.002021835826931051,-0.04269629300097244,1.1507028440666887
2024-03-26,1.1431700188996843,0.0020177562550443007,-0.04076468745819806,1.154298790454397
2024-03-27,1.1486948035258606,0.00483286347160683,-0.03612883415553936,1.1418764302059499
2024-03-28,1.1576725785433974,0.007815631262525047,-0.028595572538718916,1.1474338018960446
2024-03-29,1.1800019164075275,0.01928812885265474,-0.009858998773806471,1.1526642693690752
2024-04-01,1.186677697830824,0.005657432696059228,-0.004257342699760636,1.1716247139588105
2024-04-02,1.1875984952685201,0.0007759456838021261,-0.0034847004826508154,1.1677018633540377
2024-04-03,1.2041728491470496,0.01395619306067064,0.0,1.1631252043151359
2024-04-08,1.2324873703562043,0.023513668514624442,0.0,1.1536449820202683
2024-04-09,1.2359403607475645,0.0028016436309301618,0.0,1.151683556717882
2024-04-10,1.240314148576621,0.003538834047308592,0.0,1.1431840470742074
2024-04-11,1.23110617419966,-0.007423904974016349,-0.007423904974016349,1.1422033344230142
2024-04-12,1.2670172742698071,0.029169783096484547,0.0,1.133050016345211
2024-04-15,1.2469899299999174,-0.015806686046511587,-0.015806686046511587,1.1569140241909122
2024-04-16,1.2550469075797581,0.006461140852870528,-0.009447674418604612,1.1464530892448515
2024-04-17,1.2571187018145744,0.0016507703595012302,-0.007812499999999889,1.1614906832298137
2024-04-18,1.2534355120637901,-0.0029298663248489287,-0.01071947674418594,1.1634521085322003
2024-04-19,1.2594206954088145,0.0047750229568410685,-0.00599563953488369,1.154298790454397
2024-04-22,1.2347893639504444,-0.01955766770243106,-0.025436046511627897,1.1520104609349462
2024-04-23,1.2044030485064738,-0.02460850111856816,-0.049418604651162656,1.1438378555083362
2024-04-24,1.217064013274795,0.010512232415902156,-0.03942587209302306,1.1484145145472378
2024-04-25,1.217294212634219,0.000189143181388296,-0.039244186046511476,1.1516835567178818
2024-04-26,1.2267323863706039,0.007753403933434155,-0.03179505813953465,1.1680287675711016
2024-04-29,1.2186754087907632,-0.006567836367048274,-0.03815406976744162,1.182085648904871
2024-04-30,1.2168338139153712,-0.001511144692104227,-0.03960755813953454,1.1762013729977119
2024-05-06,1.2677232139466983,0.04182115869017611,0.0,1.1925465838509322
2024-05-07,1.2615989472126563,-0.004830917874396157,-0.004830917874396157,1.193200392285061
2024-05-08,1.2478193470610617,-0.01092233009708743,-0.01570048309178751,1.1837201699901934
2024-05-09,1.2661921472631876,0.014723926380368013,-0.0012077294685991502,1.1951618175874474
2024-05-10,1.2983445476169082,0.025392986698911768,0.0,1.1958156260215762
2024-05-13,1.3105930810849924,0.009433962264151052,0.0,1.1948349133703828
2024-05-14,1.309062014401482,-0.001168224299065379,-0.001168224299065379,1.1928734880679965
2024-05-15,1.2998756143004189,-0.007017543859649145,-0.008177570093457986,1.1843739784243221
2024-05-16,1.3243726812365868,0.018845700824499323,0.0,1.188296829029095
2024-05-17,1.3381522813881814,0.010404624277456698,0.0,1.2016999019287353
2024-05-20,1.3459717152925124,0.005843455945252375,0.0,1.2043151356652504
2024-05-21,1.316239120052406,-0.022090059473237056,-0.022090059473236945,1.2003922850604776
2024-05-22,1.3150955586970172,-0.0008688097306690512,-0.022939677145284554,1.2030075187969926
2024-05-23,1.296798577010798,-0.013913043478260834,-0.03653355989804574,1.1909120627656098
2024-05-24,1.273927349903024,-0.017636684303350747,-0.053525913338997255,1.1775089898659694
2024-05-27,1.2945114543000205,0.01615798922800704,-0.03823279524214096,1.1873161163779014
2024-05-28,1.293367892944632,-0.0008833922261483051,-0.03908241291418846,1.17979731938542
2024-05-29,1.2750709112584124,-0.014146772767462457,-0.05267629566694976,1.1801242236024845
2024-05-30,1.253343245506027,-0.01704035874439458,-0.06881903143585377,1.175547564563583
2024-05-31,1.2544868068614154,0.0009124087591239061,-0.06796941376380639,1.170970905524681
2024-06-03,1.2298482458038478,-0.019640350877192958,-0.08627482150576105,1.1726054266100032
2024-06-04,1.2367189063949309,0.005586592178770999,-0.08117021157003901,1.1807780320366132
2024-06-05,1.2085491979714906,-0.022777777777777897,-0.10209911230649926,1.176528277214776
2024-06-06,1.2209163870354398,0.010233086981239259,-0.09291081442219984,1.176528277214776
2024-06-07,1.227787047626523,0.00562746201463149,-0.08780620448647769,1.1690094802222948
2024-06-11,1.2037397355577326,-0.019585898153329562,-0.10567233926150466,1.1608368747956848
2024-06-12,1.207175065853274,0.0028538812785388057,-0.10312003429364369,1.1595292579274272
2024-06-13,1.204426801616841,-0.0022766078542970636,-0.10516187826793244,1.15527950310559
2024-06-14,1.197556141025758,-0.0057045065601823985,-0.11026648820365448,1.1618175874468781
2024-06-17,1.1776312253116175,-0.01663798049340226,-0.12506985701724826,1.1585485452762343
2024-06-18,1.1888569656811618,0.009532475131656004,-0.11672960718732905,1.1621444916639427
2024-06-19,1.1530604617926727,-0.030110017371163922,-0.14332489405835347,1.1588754494932987
2024-06-20,1.1971176973477362,0.03820895522388068,-0.1105922332940158,1.1513566525008174
2024-06-21,1.1592560105426035,-0.03162737205290411,-0.13872186363836847,1.1493952271984311
2024-06-24,1.1530604617926727,-0.005344418052256494,-0.14332489405835347,1.1438378555083364
2024-06-25,1.1145103806819923,-0.03343283582089551,-0.17196597222714882,1.1369728669499841
2024-06-26,1.171647108042465,0.051266213712167996,-0.12951580279839858,1.1438378555083364
2024-06-27,1.15719082762596,-0.01233842538190355,-0.14025620711169684,1.1376266753841127
2024-06-28,1.1778426567923959,0.01784651992861397,-0.12491277237841358,1.1399150049035633
2024-07-01,1.181973022625683,0.003506721215663422,-0.12184408543175695,1.144491663942465
2024-07-02,1.1815934752803319,-0.00032111337406670517,-0.12212607304044065,1.142857142857143
2024-07-03,1.2032373177718982,0.01831750339213012,-0.1060456144054962,1.1408957175547567
2024-07-04,1.2104519319357538,0.005996002664890199,-0.10068546152718139,1.1359921542987907
2024-07-05,1.2256827840594489,0.012582781456953684,-0.08936958322851662,1.130434782608696
2024-07-08,1.2441201313670796,0.01504251144538915,-0.07567141476171213,1.1225890813991504
2024-07-09,1.2569461121028227,0.010309278350515427,-0.06614225408915242,1.1346845374305332
2024-07-10,1.2409136361831439,-0.012755102040816313,-0.07805370492985197,1.1320693036940181
2024-07-11,1.2465250027550312,0.004521963824289266,-0.0738846971356073,1.1471068976789804
2024-07-12,1.1960227036080429,-0.04051446945337622,-0.11140576728381102,1.1503759398496245
2024-07-15,1.233699022019288,0.03150134048257369,-0.08341385780816701,1.1526642693690752
2024-07-16,1.2303271964426425,-0.0027331022530329143,-0.0859189814584903,1.1608368747956852
2024-07-17,1.217511288146365,-0.01041666666666663,-0.09544065873496443,1.1624713958810071
2024-07-18,1.1972194333439257,-0.016666666666666607,-0.1105166477560483,1.1693363844393596
2024-07-19,1.1790635632575326,-0.015165031222122982,-0.12400569056438648,1.1768551814318409
2024-07-22,1.1769275785414863,-0.0018115942028985588,-0.12559263677713217,1.1673749591369733
2024-07-23,1.1865395097636944,0.008166969147005432,-0.11845137881977663,1.1444916639424652
2024-07-24,1.166247654961255,-0.017101710171017026,-0.1335273678408605,1.1372997711670485
2024-07-25,1.1342078842205612,-0.027472527472527486,-0.1573315610320457,1.1307616868257604
2024-07-26,1.1342078842205612,0.0,-0.1573315610320457,1.1356652500817264
2024-07-29,1.1566357237390468,0.0197740112994349,-0.14066862579821615,1.1291271657404383
2024-07-30,1.155548486158732,-0.000940000000000051,-0.14147639728996597,1.121608368747957
2024-07-31,1.1554213834514169,-0.00010999340039596905,-0.14157082922034825,1.1467799934619156
2024-08-01,1.1555138217840097,8.000400020002907e-05,-0.14150215145279743,1.1386073880353056
2024-08-02,1.1555947053250286,6.999790006312345e-05,-0.1414420584061904,1.1268388362209871
2024-08-05,1.155536931367158,-4.999500050006933e-05,-0.14148498201090975,1.1140895717554755
2024-08-06,1.15551382178401,-1.9999000049897298e-05,-0.1415021514527972,1.1140895717554755
2024-08-07,1.155536931367158,1.9999400017844948e-05,-0.14148498201090975,1.1118012422360248
2024-08-08,1.1555484861587322,9.999500025115182e-06,-0.14147639728996575,1.1131088591042826
2024-08-09,1.1556062601166026,4.999700017993547e-05,-0.1414334736852466,1.1091860084995098
2024-08-12,1.155536931367158,-5.9993400725932844e-05,-0.14148498201090975,1.1078783916312522
2024-08-13,1.1622450814802243,0.005805223468824728,-0.1365011104801409,1.1095129127165744
2024-08-14,1.158423303718689,-0.003288271830471312,-0.1393405295541924,1.1016672115070287
2024-08-15,1.1556631308909133,-0.0023826979472142407,-0.1413912211076741,1.114089571755476
2024-08-16,1.157786340758433,0.0018372221201543582,-0.1398137660665344,1.114743380189605
2024-08-19,1.1705255999635507,0.011003117549972519,-0.13034903581969626,1.1176855181431846
2024-08-20,1.1705255999635507,0.0,-0.13034903581969626,1.1124550506701543
2024-08-21,1.1756213036455978,0.004353346635225908,-0.1265631437209609,1.1075514874141883
2024-08-22,1.1726488098310703,-0.0025284450063211006,-0.12877158077855655,1.1046093494606086
2024-08-23,1.1686147110827831,-0.0034401593336954583,-0.1317687453567219,1.1091860084995102
2024-08-26,1.17583362463235,0.006177325581395499,-0.12640539821684682,1.1095129127165748
2024-08-27,1.174984340685342,-0.0007222824124233362,-0.12703638023330277,1.1039555410264799
2024-08-28,1.17371041476483,-0.0010842067220817597,-0.12798285325798675,1.097417456685192
2024-08-29,1.175196661672094,0.0012662807525327668,-0.1268786347291888,1.094148414514548
2024-08-30,1.1724364888443184,-0.0023486901535682003,-0.1289293262826705,1.1088591042824458
2024-09-02,1.1658545382550076,-0.005613908004346357,-0.13381943691020348,1.0892448512585817
2024-09-03,1.1679777481225273,0.0018211619012931113,-0.13224198186906377,1.0931677018633545
2024-09-04,1.1599095506259527,-0.0069078349391020755,-0.1382363110253947,1.0863027133050023
2024-09-05,1.168190069109279,0.007138934651290452,-0.13208423636494993,1.0885910428244532
2024-09-06,1.1713748839105587,0.0027262813522357376,-0.1297180538032403,1.07943772474665
2024-09-09,1.1628820444404802,-0.007250317201377587,-0.13602787396779903,1.0660346518470096
2024-09-10,1.1616726475794101,-0.0010399996000040037,-0.1369264046332872,1.0660346518470096
2024-09-11,1.1616842646543981,1.0000300008972118e-05,-0.13691777363840374,1.0637463223275587
2024-09-12,1.161649413429434,-3.0000600012014544e-05,-0.13694366662305435,1.0601503759398503
2024-09-13,1.1619049890791708,0.0002200110005499134,-0.13675378473561706,1.0552468126838843
2024-09-18,1.161661030504422,-0.0002099643060680112,-0.1369350356281709,1.0585158548545284
2024-09-19,1.1616029451294818,-5.000200007998501e-05,-0.1369781906025883,1.0673422687152672
2024-09-20,1.1617772012543024,0.00015001350121512935,-0.1368487256793357,1.0702844066688468
2024-09-23,1.161661030504422,-9.999400035998196e-05,-0.1369350356281709,1.0732265446224265
2024-09-24,1.1614403060796492,-0.00019000760030396524,-0.13709902453095757,1.1203007518797001
2024-09-25,1.1614751573046131,3.0006901587276147e-05,-0.13707313154630718,1.135665250081727
2024-09-26,1.1625395056194954,0.0009163763066203376,-0.13628236580970998,1.1899313501144175
2024-09-27,1.153847243623036,-0.007476960528603693,-0.14274034846840966,1.2647924158221653
2024-09-30,1.1536450979952113,-0.0001751927119831853,-0.14289053411163533,1.383785550833607
2024-10-08,1.155060117389984,0.0012265638689330505,-0.14183923460905623,1.442301405688135
2024-10-09,1.1401013409309606,-0.012950647532376736,-0.15295297220774895,1.3148087610330188
2024-10-10,1.1473785835326478,0.006382978723404431,-0.14754628905162803,1.3357306309251404
2024-10-11,1.1601137580856,0.0110993657505285,-0.13808459352841662,1.3000980712651207
2024-10-14,1.1722424957550786,0.010454783063251538,-0.12907345493488187,1.320693036940178
2024-10-15,1.1722424957550786,0.0,-0.12907345493488187,1.2850604772801582
2024-10-16,1.1894248741201727,0.014657699603379815,-0.11630767526070795,1.2768878718535481
2024-10-17,1.1936699323044901,0.0035690006798096974,-0.11315377675297089,1.2628309905197788
2024-10-18,1.2017557574174758,0.006773920406435208,-0.10714635102394776,1.312847335730632
2024-10-21,1.2169166795043234,0.01261564339781307,-0.09588242778202971,1.312847335730632
2024-10-22,1.2165123882486741,-0.00033222591362125353,-0.09618279906848082,1.3206930369401777
2024-10-23,1.2241939221060105,0.006314390162844852,-0.0904757446259088,1.3255966001961437
2024-10-24,1.2118630388087077,-0.010072655217965631,-0.09963706886266888,1.3112128146453101
2024-10-25,1.2124694756921817,0.000500417014178467,-0.0991865119329921,1.3206930369401777
2024-10-28,1.2163102426208499,0.0031677225741915116,-0.09633298471170615,1.322654462242564
2024-10-29,1.2266196696399063,0.008475984709988227,-0.08867351690720182,1.3118666230794387
2024-10-30,1.2411741548432802,0.011865524060646004,-0.07786015059496043,1.298136645962734
2024-10-31,1.2336947666137685,-0.006026058631921849,-0.08341701939430679,1.298136645962734
2024-11-01,1.2231831939668873,-0.008520399803375378,-0.09122667284203667,1.300751879699249
2024-11-04,1.2140866407147786,-0.007436787307882997,-0.09798502678718768,1.3180778032036622
2024-11-05,1.2140866407147786,0.0,-0.09798502678718768,1.352402745995424
2024-11-06,1.2116608931808828,-0.0019980019980020414,-0.09978725450589476,1.3439032363517496
2024-11-07,1.1845733790523814,-0.02235568902235563,-0.1199121306981219,1.3886891140895725
2024-11-08,1.1922549129097175,0.006484641638225153,-0.11420507625554999,1.3710362863680947
2024-11-11,1.1936699323044901,0.0011868429976265027,-0.11315377675297089,1.3779012749264472
2024-11-12,1.1738596607776757,-0.016596104995766248,-0.12787196978907733,1.3628636809414847
2024-11-13,1.1716360588716046,-0.0018942655415877807,-0.12952401186455864,1.3713631905851593
2024-11-14,1.1387437550768735,-0.02807382339052411,-0.15396160102116496,1.3481529911735868
2024-11-15,1.1092664858951393,-0.025885779000161757,-0.17586196404278176,1.3255966001961432
2024-11-18,1.0926855219804137,-0.014947683109118093,-0.1881809182424412,1.3200392285060485
2024-11-19,1.1098191846922967,0.01568032372281225,-0.17545133223612652,1.3265773128473364
2024-11-20,1.1210573935678327,0.010126162018592177,-0.16710181883413522,1.3298463550179802
2024-11-21,1.1201362289059036,-0.0008216926869351049,-0.1677862051785607,1.3314808761033023
2024-11-22,1.075920325133302,-0.03947368421052633,-0.200636749710986,1.2922523700555741
2024-11-25,1.0731568311475146,-0.0025684931506848585,-0.20268990874426251,1.2850604772801575
2024-11-26,1.065787513852081,-0.006866952789699621,-0.20816499949966671,1.2824452435436422
2024-11-27,1.0862373693469092,0.01918755401901473,-0.19297162265342005,1.3033671134357638
2024-11-28,1.0852902806522189,-0.0008718984647523289,-0.19367526945664015,1.2938868911408963
2024-11-29,1.08530097369405,9.852702103518851e-06,-0.19366732497927142,1.3079437724746656
2024-12-02,1.0854292901960236,0.00011823126034515852,-0.19357199125084623,1.3177508989865974
2024-12-03,1.0854827554051796,4.925720140303014e-05,-0.1935322688640022,1.3190585158548551
2024-12-04,1.0856110719071532,0.000118211460601092,-0.19343693513557703,1.3121935272965028
2024-12-05,1.0855896858234908,-1.9699581384036158e-05,-0.19345282409031472,1.309905197777052
2024-12-06,1.085600378865322,9.849984732523964e-06,-0.19344487961294599,1.3262504086302722
2024-12-09,1.0856752301581398,6.89492139789305e-05,-0.1933892682713647,1.3252696959790788
2024-12-10,1.0856431510326463,-2.9547625848280745e-05,-0.19341310170347104,1.335403726708075
2024-12-11,1.085696616241802,4.9247498226989705e-05,-0.19337337931662724,1.3321346845374311
2024-12-12,1.106379272833416,0.019050125313283206,-0.1780070411115786,1.3458646616541359
2024-12-13,1.1127221515474486,0.005733005733005614,-0.17329455076578115,1.314154952598889
2024-12-16,1.1272201600366663,0.013029315960912058,-0.1625231442611007,1.3063092513893433
2024-12-17,1.1408120429953077,0.012057877813504758,-0.1524249506629628,1.3099051977770515
2024-12-18,1.1471549217093404,0.005559968228753043,-0.14771246031716512,1.3154625694671462
2024-12-19,1.1181589047309053,-0.025276461295418717,-0.1692552733265259,1.3174239947695328
2024-12-20,1.0936935154053506,-0.021880064829821633,-0.18743202180317398,1.3135011441647597
2024-12-23,1.1335630387506987,0.036454018227009,-0.15781065391530313,1.3148087610330175
2024-12-24,1.1326569132201227,-0.0007993605115906854,-0.15848386682184556,1.3301732592350441
2024-12-25,1.1426242940564597,0.008799999999999919,-0.15107852484987794,1.3311539718862373
2024-12-26,1.1510745976042953,0.0073955223880596286,-0.14480030707470037,1.331480876103302
2024-12-27,1.1436208305522786,-0.006475485661424529,-0.15033814042389293,1.3295194508009154
2024-12-30,1.146815302146,0.0027932960893852776,-0.14796478327423912,1.335730630925139
2024-12-31,1.1127409384796376,-0.029712163416898862,-0.17328059287054787,1.3148087610330175
2025-01-02,1.0744072793549801,-0.034449760765550286,-0.20176087866639503,1.2778685845047402
2025-01-03,1.0573700975217992,-0.015857284440039532,-0.21441878346454923,1.2647924158221644
2025-01-06,1.056333858132968,-0.0009800157875278206,-0.21518866545913928,1.259561948349134
2025-01-07,1.0564182964465845,7.993525244542887e-05,-0.21512593136699076,1.2683883622098728
2025-01-08,1.0567666044902528,0.00032970656116049213,-0.21486715323687777,1.2664269369074865
2025-01-09,1.0566399470198278,-0.00011985377839041078,-0.21496125437510083,1.2638117031709715
2025-01-10,1.0567349401226465,8.990110878026591e-05,-0.21489067852143362,1.2497548218372023
2025-01-13,1.0565660634954133,-0.0001598098263067005,-0.21501614670573088,1.2448512585812364
2025-01-14,1.0564816251817968,-7.991768478465833e-05,-0.2150788807978794,1.2768878718535477
2025-01-15,1.0566821661766364,0.00018981967131237454,-0.2149298873290263,1.2693690748610664
2025-01-16,1.0565871730738177,-8.989751683086133e-05,-0.2150004631826935,1.2700228832951952
2025-01-17,1.0566716113874344,7.991608810753448e-05,-0.21493772909054487,1.2742726381170326
2025-01-20,1.1166904275691056,0.05679987569919198,-0.17034628968676235,1.2804838182412561
2025-01-21,1.1324369435865314,0.014101057579318566,-0.15864729494674012,1.2821183393265783
2025-01-22,1.1908302738178183,0.05156431054461175,-0.11526352278582475,1.2703497875122598
2025-01-23,1.1908302738178183,0.0,-0.11526352278582475,1.273945733899968
2025-01-24,1.1908302738178183,0.0,-0.11526352278582475,1.284406668846029
2025-01-27,1.071617667516143,-0.10010881392818294,-0.20383344215873478,1.277214776070612
2025-02-05,1.0706530083941421,-0.0009001896396846334,-0.20455014304556673,1.2706766917293242
2025-02-06,1.0705568419562626,-8.982035928140064e-05,-0.20462159063750862,1.285387381497222
2025-02-07,1.07059958259532,3.99237456456536e-05,-0.20458983615220117,1.3036940176528287
2025-02-10,1.0706102677550844,9.980537950982082e-06,-0.2045818975308744,1.3050016345210862
2025-02-11,1.0707064341929642,8.982394506773517e-05,-0.2045104499389323,1.2997711670480558
2025-02-12,1.0706850638734355,-1.995908387797396e-05,-0.20452632718158592,1.312193527296503
2025-02-13,1.0707598599917862,6.985818787841325e-05,-0.20447075683229787,1.3089244851258588
2025-02-14,1.0709628780273102,0.00018960183614424864,-0.2043199230270869,1.318731611637791
2025-02-17,1.0710269889858965,5.986291392701126e-05,-0.2042722912991256,1.3210199411572419
2025-02-18,1.070909452228488,-0.00010974210605074752,-0.20435961613372133,1.311539718862374
2025-02-19,1.0766838446726068,0.005392045454545636,-0.20006948701844207,1.3184047074207266
2025-02-20,1.0607273445045582,-0.014820042342978179,-0.21192449109226907,1.3144818568159535
2025-02-21,1.0918805114993195,0.02936962750716332,-0.18877900694813088,1.3321346845374311
2025-02-24,1.099478844912676,0.00695894224077942,-0.18313376691297523,1.327884929715594
2025-02-25,1.0766838446726066,-0.020732550103662817,-0.2000694870184423,1.3144818568159533
2025-02-26,1.118474678446067,0.03881439661256181,-0.16902066682508599,1.3252696959790784
2025-02-27,1.1169550117633957,-0.0013586956521739468,-0.17014971483211716,1.3295194508009156
2025-02-28,1.075924011331271,-0.03673469387755102,-0.20063401102195788,1.3056554429552145
2025-03-03,1.0797231780379493,0.0035310734463278592,-0.19781139100437994,1.301405688133377
2025-03-04,1.0827625114032917,0.0028149190710766714,-0.1955532949903177,1.3000980712651196
2025-03-05,1.1025181782780185,0.01824561403508773,-0.180875670898913,1.3056554429552143
2025-03-06,1.1382303453207938,0.03239145416953826,-0.15434304273368127,1.3236351748937565
2025-03-07,1.135950845296787,-0.0020026702269692054,-0.15603661474422792,1.3203661327231122
2025-03-10,1.1199943451287384,-0.01404682274247504,-0.1678916188180548,1.3151356652500819
2025-03-11,1.1101165116913752,-0.008819538670284843,-0.17523043086375711,1.319058515854855
2025-03-12,1.1047976783020257,-0.00479123887748123,-0.17918209888836611,1.3157894736842108
2025-03-13,1.0979591782300049,-0.0061898211829435335,-0.18426281492000618,1.3092513893429227
2025-03-14,1.1275926785420949,0.0269896193771626,-0.16224637878289916,1.3422687152664272
2025-03-17,1.134431178614116,0.006064690026954311,-0.15716566275125887,1.3383458646616546
2025-03-18,1.1572261788541849,0.020093770931011168,-0.14022994264579214,1.341288002615234
2025-03-19,1.1686269296422336,0.009851791288835954,-0.13175966748434786,1.3432494279176204
2025-03-20,1.1698299279521596,0.0010294117647060563,-0.13086589067146404,1.332461588754495
2025-03-21,1.1641586502053662,-0.004847950639048082,-0.1350794099322018,1.3108859104282449
2025-03-24,1.1651897916138743,0.0008857395925598865,-0.13431331552115844,1.3164432821183398
2025-03-25,1.1641586502053665,-0.0008849557522123686,-0.1350794099322017,1.3170970905524686
2025-03-26,1.1677676451351438,0.003100088573959159,-0.13239807949355054,1.3118666230794382
2025-03-27,1.1706892124592494,0.002501839587932375,-0.13022747866226136,1.31644328211834
2025-03-28,1.1923431820379142,0.018496770405167284,-0.11413949603035378,1.3102321019941163
2025-03-31,1.2050605927428446,0.010665897953300751,-0.10469099829415385,1.3023864007845707
2025-04-01,1.2126222964052356,0.0062749572162008604,-0.09907297261317016,1.301732592350442
2025-04-02,1.2079821600669503,-0.003826530612244916,-0.10252039746286468,1.3007518796992488
2025-04-03,1.2191528586591187,0.009247403613600769,-0.09422104134322973,1.2942137953579607
2025-04-07,1.1818599110514179,-0.030589230335494877,-0.12192812254262642,1.2079110820529588
2025-04-08,1.1901090423194807,0.006979787698124129,-0.11579936725428064,1.219352729650213
2025-04-09,1.2050605927428444,0.012563176895306727,-0.10469099829415407,1.2311212814645314
2025-04-10,1.2311828417583768,0.02167712492869378,-0.08528327321439233,1.2517162471395886
2025-04-11,1.249915244012936,0.015214963707425921,-0.07136589141377392,1.2553121935272968
2025-04-14,1.2591955166895068,0.007424721572941051,-0.06447104171438478,1.2579274272638121
2025-04-15,1.2588518028866709,-0.0002729630135116512,-0.06472640651806583,1.2589081399150053
2025-04-16,1.2894423313390704,0.024300341296928263,-0.04199893899045026,1.261850277868585
2025-04-17,1.300097459226985,0.008263361322137897,-0.03408263007633694,1.2628309905197783
2025-04-18,1.3031908834525086,0.002379378717779268,-0.0317843468432073,1.2661000326904224
2025-04-21,1.327422706552443,0.018594223921930553,-0.013781128183691482,1.2667538411245511
2025-04-22,1.3717617871182808,0.03340238218539615,0.0,1.2677345537757445
2025-04-23,1.2889267606348165,-0.060385868203457815,-0.060385868203457815,1.2690421706440023
2025-04-24,1.3030190265510904,0.01093333333333324,-0.05011275369581569,1.2690421706440023
2025-04-25,1.2940824676773557,-0.006858348720654162,-0.05662741167627172,1.2690421706440023
2025-04-28,1.2829117690851872,-0.00863213811420993,-0.06477073415184176,1.2670807453416157
2025-04-29,1.291848327958922,0.006965840589417294,-0.05825607617138584,1.264792415822165
2025-04-30,1.283942910493695,-0.006119462551549826,-0.06401904284640458,1.263811703170972
2025-05-06,1.3081747335936298,0.018872975505287215,-0.04635429716862949,1.2759071592023545
2025-05-07,1.3183142907772905,0.007750919600630679,-0.038962665998496626,1.2837528604119002
2025-05-08,1.2987226040156412,-0.014861165428236234,-0.05324480080180405,1.2912716574043812
2025-05-09,1.2942543245787739,-0.0034405187243615742,-0.05650212979203206,1.289637136319059
2025-05-12,1.2676165048589878,-0.02058159606957899,-0.07592082184916049,1.304347826086957
2025-05-13,1.2600548011965966,-0.005965292841648706,-0.08143322475570036,1.3056554429552147
2025-05-14,1.250602671618608,-0.007501363884342527,-0.08832372838887492,1.3223275580254992
2025-05-15,1.2136534378137434,-0.029545142228940446,-0.11525933350037576,1.3112128146453097
2025-05-16,1.2334169814768103,0.01628433871424506,-0.10085191681282901,1.3040209218698928
2025-05-19,1.2411505420406195,0.006270029260136756,-0.09521423202204948,1.3020594965675065
2025-05-20,1.2572076568928732,0.012937282229965263,-0.08350876318406308,1.3085975809087946
2025-05-21,1.2606638978740219,0.0027491408934707806,-0.08098919964642481,1.313828048381825
2025-05-22,1.2485670544400012,-0.00959561343385884,-0.08980767202815887,1.3131742399476962
2025-05-23,1.244246753213565,-0.0034602076124568004,-0.09295712645020682,1.3036940176528284
2025-05-26,1.2312858495342571,-0.01041666666666663,-0.10240548971635044,1.2968290290944762
2025-05-27,1.2364702110059802,0.004210526315789442,-0.09862614440989304,1.2899640405361237
2025-05-28,1.2304217892889697,-0.004891684136967278,-0.10303538060076023,1.2886564236678661
2025-05-29,1.2459748737041392,0.012640449438202195,-0.0916973446813879,1.2965021248774118
2025-05-30,1.2295577290436825,-0.013176144244105292,-0.1036652714851698,1.2942137953579609
2025-06-03,1.2433826929682779,0.011243851018974071,-0.09358701733461638,1.293559986923832
2025-06-04,1.2453132290831421,0.001552648372686761,-0.0921796766920987,1.2991173586139269
2025-06-05,1.2381790348999797,-0.005728835136855404,-0.09738042965821647,1.302386400784571
2025-06-06,1.2381790348999797,0.0,-0.09738042965821647,1.3030402092186997
2025-06-09,1.239764411385127,0.001280409731113874,-0.0962247067768569,1.3059823471722791
2025-06-10,1.241746131991561,0.0015984654731457937,-0.09478005317515747,1.2984635501797979
2025-06-11,1.2453132290831423,0.002872646026172987,-0.09217967669209859,1.3089244851258584
2025-06-12,1.2445205408405688,-0.0006365372374282918,-0.0927575381327782,1.3095782935599876
2025-06-13,1.2385753790212668,-0.004777070063694322,-0.09709149893787639,1.3010787839163132
2025-06-16,1.2409534437489875,0.0019199999999999218,-0.0953579146158372,1.3043478260869572
2025-06-17,1.242142476112848,0.0009581603321622278,-0.09449112245481761,1.3040209218698926
2025-06-18,1.232357400513538,-0.007877579092159581,-0.10162434025633238,1.2762340634194187
2025-06-19,1.2110215729423204,-0.017313019390581608,-0.11717793547350108,1.2661000326904224
2025-06-20,1.2221162032793536,0.009161381254404466,-0.10909006596057336,1.2677345537757443
2025-06-23,1.2400382984391767,0.014664804469273873,-0.09602504597815142,1.2719843085975815
2025-06-24,1.2562535273933022,0.013076393668272512,-0.08420431361310321,1.2866949983654794
2025-06-25,1.2647878584217893,0.006793478260869623,-0.07798287552623562,1.3079437724746654
2025-06-26,1.259667259804697,-0.004048582995951455,-0.08171573837835622,1.3030402092186995
2025-06-27,1.2528397949819072,-0.005420054200542035,-0.08669288884785031,1.2955214122262182
2025-06-30,1.2519863618790585,-0.0006811989100816707,-0.08731503265653695,1.301732592350442
2025-07-01,1.256253527393302,0.003408316291751756,-0.08420431361310332,1.3036940176528282
2025-07-02,1.264991946972465,0.006955936352509241,-0.07783409710669353,1.3050016345210858
2025-07-03,1.2780489373176576,0.01032179720704307,-0.068315687665779,1.3125204315135668
2025-07-04,1.2780489373176576,0.0,-0.068315687665779,1.3180778032036617
2025-07-07,1.2765128208064584,-0.0012019230769231282,-0.06943550054118064,1.3121935272965026
2025-07-08,1.2864975781292527,0.007821901323706415,-0.06215671685106949,1.3233082706766923
2025-07-09,1.2788169955732571,-0.005970149253731294,-0.06775578122807813,1.322327558025499
2025-07-10,1.2926420441740492,0.010810810810810922,-0.05767746534946272,1.3288656423667873
2025-07-11,1.2980184519632458,0.004159239453356944,-0.05375812028555682,1.3334423014056884
2025-07-14,1.2934101024296485,-0.0035502958579881616,-0.057117558911761956,1.3331153971886243
2025-07-15,1.3249004909092303,0.024346793349168783,-0.03416139496602688,1.3331153971886243
2025-07-16,1.3172199083532348,-0.005797101449275366,-0.039760459343035404,1.3301732592350446
2025-07-17,1.3410297142768208,0.018075801749271037,-0.022403359774309073,1.34096109839817
2025-07-18,1.3410297142768208,0.0,-0.022403359774309073,1.3507682249101016
2025-07-21,1.3556228211332122,0.010882016036655173,-0.011765137457992902,1.3589408303367116
2025-07-22,1.3563908793888118,0.0005665722379604166,-0.011205231020292028,1.3733246158875452
2025-07-23,1.360999228922409,0.003397508493771184,-0.007845792394086892,1.3726708074534164
2025-07-24,1.360999228922409,0.0,-0.007845792394086892,1.3811703170970906
2025-07-25,1.3502464133440153,-0.007900677200902928,-0.015684482521898913,1.373978424321674
2025-07-28,1.360999228922409,0.007963594994311762,-0.007845792394086892,1.3775743707093824
2025-07-29,1.360999228922409,0.0,-0.007845792394086892,1.3844393592677346
2025-07-30,1.3613920946792115,0.0002886597938144284,-0.0075593973650872615,1.3834586466165415
2025-07-31,1.3386146207656597,-0.016731016731016735,-0.024163937692312287,1.3582870219025827
2025-08-01,1.3316061672537978,-0.005235602094240788,-0.029273027023765996,1.3510951291271658
2025-08-04,1.3316061672537978,0.0,-0.029273027023765996,1.3573063092513895
2025-08-05,1.3473751876554874,0.011842105263157876,-0.0177775760279949,1.3674403399803856
2025-08-06,1.3438709608995563,-0.002600780234070177,-0.020332120693721922,1.3710362863680943
2025-08-07,1.3578878679232804,0.010430247718383301,-0.010113942030814171,1.3707093821510297
2025-08-08,1.355259697856332,-0.001935483870967869,-0.01202985053010941,1.3674403399803858
2025-08-11,1.351755471100401,-0.0025856496444731647,-0.01458439519583643,1.3736515201046096
2025-08-12,1.3535075844783666,0.0012961762799741372,-0.013307122862972864,1.382151029748284
2025-08-13,1.371881702547501,0.013575186633487335,0.0,1.393592677345538
2025-08-14,1.356980394636158,-0.010861948142957267,-0.010861948142957267,1.3913043478260874
2025-08-15,1.3848602610509286,0.020545518951470054,0.0,1.4040536122915988
2025-08-18,1.4050491298340384,0.014578271433530077,0.0,1.4145145472376597
2025-08-19,1.4060105045379958,0.0006842285323296338,0.0,1.4073226544622428
2025-08-20,1.4218731871532966,0.011282051282051508,0.0,1.4266100032690425
2025-08-21,1.4088946286498687,-0.009127789046653234,-0.009127789046653345,1.4311866623079441
2025-08-22,1.433409683600788,0.017400204708290845,0.0,1.4642039882314486
2025-08-25,1.4521564903279611,0.013078470824949617,0.0,1.492317750898987
2025-08-26,1.4521564903279611,0.0,0.0,1.4844720496894415
2025-08-27,1.4266800606730847,-0.01754385964912275,-0.01754385964912275,1.4628963713631908
2025-08-28,1.4463882421042156,0.01381401617250666,-0.003972194637537174,1.4903563255966006
2025-08-29,1.4449461800482792,-0.0009970089730807485,-0.0049652432969214955,1.5040863027133053
2025-09-01,1.460328175311601,0.010645375914837052,0.0,1.508989865969271
2025-09-02,1.4223538745052757,-0.02600394996708355,-0.02600394996708355,1.5004903563255967
2025-09-03,1.4007229436662296,-0.015207840486650914,-0.04081632653061229,1.4870872834259563
2025-09-04,1.3680362037316711,-0.02333562113932741,-0.06319947333772213,1.4566851912389671
2025-09-05,1.4079332539459115,0.029163738580463727,-0.03587886767610282,1.4887218045112782
2025-09-08,1.4194697503934026,0.008193922840559864,-0.027978933508887582,1.4890487087283424
2025-09-09,1.4031263804261234,-0.011513714866237645,-0.039170506912442615,1.4802222948676036
2025-09-10,1.3878309136454388,-0.0109009900990098,-0.04964449970342666,1.4834913370382479
2025-09-11,1.4100362082637659,0.016000000000000014,-0.03443881169868135,1.5233736515201048
2025-09-12,1.4451945914094504,0.02493438320209984,-0.010363139024501478,1.5106243870545932
2025-09-15,1.4202136349638323,-0.01728553137003852,-0.02746953802983987,1.513239620791108
2025-09-16,1.4017092227818932,-0.013029315960912058,-0.04014094470046081,1.5102974828375286
2025-09-17,1.4044848846091842,0.001980198019801982,-0.03824023369986762,1.5210853220006537
2025-09-18,1.3545229717179483,-0.035573122529644285,-0.07245303171054429,1.5017979731938544
2025-09-19,1.3721021632907906,0.012978142076502719,-0.06041519537345441,1.5050670153644983
2025-09-22,1.385055251818148,0.009440323668240103,-0.05154521070401963,1.509970578620464
2025-09-23,1.3721021632907906,-0.009352037408149605,-0.06041519537345441,1.5109512912716574
2025-09-24,1.357438460439884,-0.010687034277198304,-0.07045657038683295,1.524354364171298
2025-09-25,1.3523314684893954,-0.003762227238525151,-0.07395372399711564,1.534815299117359
2025-09-26,1.3482458749290045,-0.0030211480362537513,-0.07675144688534186,1.5204315135665252
2025-09-29,1.368673842730959,0.015151515151515138,-0.06276283244421077,1.5456031382804838
2025-09-30,1.3676524443408613,-0.0007462686567164534,-0.06346226316626735,1.5498528931023208
2025-10-09,1.3921660057032068,0.017923823749066425,-0.04667592583690994,1.5743707093821506
2025-10-10,1.3952302008735002,0.0022010271460015662,-0.04457763367074008,1.5426610003269041
2025-10-13,1.3758236314616432,-0.013909224011713128,-0.057866817389814806,1.5338345864661653
2025-10-14,1.3594812572200794,-0.01187824795842618,-0.06905770894271979,1.5184700882641382
2025-10-15,1.3819520218022294,0.016528925619834656,-0.053670233057475536,1.5384112455050667
2025-10-16,1.3891442795597597,0.005204419288124541,-0.04874513616547349,1.5433148087610327
2025-10-17,1.4378334559528105,0.035049762007788754,-0.015403879579321766,1.5116050997057857
2025-10-20,1.3927508852185044,-0.031354515050167064,-0.04627541345538799,1.5168355671788163
2025-10-21,1.4261119875618913,0.023953388001726417,-0.023430478387098774,1.5397188623733244
2025-10-22,1.3676549208430742,-0.04099051633298201,-0.06346056731306482,1.5348152991173587
2025-10-23,1.3515754706145047,-0.011756949785737936,-0.07447141439552862,1.5406995750245176
2025-10-24,1.3449633602401396,-0.004892150322437283,-0.07899923936401843,1.559333115397188
2025-10-27,1.339553451752023,-0.004022346368715013,-0.0827038234291464,1.5776397515527947
2025-10-28,1.2919162020094392,-0.03556203724478346,-0.1153247442248565,1.569794050343249
2025-10-29,1.2906626561368661,-0.0009702996762664942,-0.11618314433913601,1.5894083033671134
2025-10-30,1.291033198419248,0.0002870946026214405,-0.11592940529017004,1.576659038901602
2025-10-31,1.2908415386180159,-0.0001484545877415977,-0.11606064962584217,1.5547564563582872
2025-11-03,1.2908670932581803,1.979688397057977e-05,-0.11604315038108581,1.5570447858777379
2025-11-04,1.2910587530594122,0.0001484736904620032,-0.11591190604541379,1.5459300424975484
2025-11-05,1.291122639659823,4.9483883099332715e-05,-0.11586815793352301,1.547891467799935
2025-11-06,1.29122485822048,7.917029530513098e-05,-0.11579816095449802,1.5707747629944426
2025-11-07,1.2912504128606443,1.97910069665852e-05,-0.11578066170974166,1.5675057208237986
2025-11-10,1.2911737489401516,-5.937184587068156e-05,-0.1158331594440104,1.5714285714285714
2025-11-11,1.2912504128606443,5.937537109601543e-05,-0.11578066170974166,1.5570447858777376
2025-11-12,1.3190448267564407,0.021525192649673897,-0.09674767010847662,1.5576985943118662
2025-11-13,1.3083395354088523,-0.008115942028985468,-0.10407841365542225,1.5730630925138933
2025-11-14,1.2983989077289486,-0.007597895967270674,-0.11088553266330048,1.5498528931023208
2025-11-17,1.2915169347197846,-0.005300353356890386,-0.11559815351490843,1.5397188623733244
2025-11-18,1.2701063520246076,-0.0165778567199526,-0.1302596406087997,1.5308924485125857
2025-11-19,1.2792823160368263,0.007224563515954241,-0.1239761461399892,1.5354691075514875
2025-11-20,1.280046979704511,0.000597728631201333,-0.12345252160092168,1.528604118993135
2025-11-21,1.2639890426831284,-0.012544802867383464,-0.13444863692134024,1.4919908466819223
2025-11-24,1.2701063520246076,0.00483968542044777,-0.1302596406087997,1.4897025171624716
2025-11-25,1.2708710156922924,0.0006020469596628164,-0.12973601606973229,1.5027786858450478
2025-11-26,1.2697411958437137,-0.0008890122086570021,-0.13050969137620072,1.5122589081399154
2025-11-27,1.2696002857121143,-0.00011097547442007194,-0.13060618347570385,1.5109512912716576
2025-11-28,1.2776321632132897,0.0063263041065482195,-0.12510613380401858,1.5152010460934948
2025-12-01,1.290877715583649,0.01036726590934145,-0.116035876450713,1.5322000653808439
2025-12-02,1.2839731191352703,-0.005348761052286766,-0.12076398932637222,1.5253350768224916
2025-12-03,1.2817185570296772,-0.0017559262510974394,-0.12230786291842421,1.5184700882641389
2025-12-04,1.2772094328184909,-0.0035180299032542273,-0.12539561010252842,1.522392938868912
2025-12-05,1.2873549622936598,0.007943512797881747,-0.11844817893829429,1.5357960117685525
2025-12-08,1.283691298872071,-0.002845884413309907,-0.12095697352537882,1.546910755148742
2025-12-09,1.2746730504496986,-0.007025246981339217,-0.1271324678935869,1.5390650539391963
2025-12-10,1.2815776468980775,0.005416758788414855,-0.12240435501792757,1.5371036286368098
2025-12-11,1.283691298872071,0.0016492578339746267,-0.12095697352537882,1.5259888852566204
2025-12-12,1.3001777842692208,0.01284302963776085,-0.10966739788349822,1.5344883949002948
2025-12-15,1.3176506405875674,0.013438820851847888,-0.09770237754509492,1.5256619810395557
2025-12-16,1.3020096159800152,-0.011870388193776171,-0.10841300058995595,1.510297482837529
2025-12-17,1.311873325191985,0.007575757575757569,-0.10165855362472831,1.5361229159856167
2025-12-18,1.3130006062447812,0.0008592910848548296,-0.10088661682870259,1.5259888852566204
2025-12-19,1.3122960555867835,-0.0005365958360161738,-0.10136907732621869,1.5325269695979085
2025-12-22,1.3401962616434977,0.021260603457532223,-0.08226364162457522,1.5462569467146134
2025-12-23,1.3582327584882425,0.013458101146041512,-0.06991265288815895,1.5495259888852575
2025-12-24,1.358655488883041,0.0003112356053531773,-0.06962317658964934,1.5550833605753522
2025-12-25,1.347946318881474,-0.007882182119892,-0.07695657615189633,1.558025498528932
2025-12-26,1.3597827699358378,0.008781099728204067,-0.06885123979362318,1.5639097744360908
2025-12-29,1.3475235884866754,-0.009015544041450774,-0.07724605245040606,1.5570447858777385
2025-12-30,1.3193415621667615,-0.020913939140437265,-0.09654447235105645,1.5603138280483826
2025-12-31,1.3106051340075884,-0.006621809249172217,-0.10252698252025794,1.5537757437070947
2026-01-05,1.3379416995379045,0.02085797226104713,-0.08380751521662733,1.5835240274599551
2026-01-06,1.3494963303290692,0.008636124275934742,-0.07589516305736066,1.6080418437397848
2026-01-07,1.3411826325646947,-0.006160593087605637,-0.08158819692805241,1.6021575678326256
2026-01-08,1.3401962616434975,-0.000735448623660595,-0.08226364162457533,1.5897352075841786
2026-01-09,1.379747880451685,0.029511811023621992,-0.055179579646692845,1.5969271003595953
2026-01-12,1.3955616097405295,0.011461318051575908,-0.044350692307399964,1.6060804184373987
2026-01-13,1.410716433642339,0.010859301227573281,-0.03397300860724406,1.6005230467473037
2026-01-14,1.4153287713515856,0.0032695002335358936,-0.030814583133283446,1.5907159202353716
2026-01-15,1.4535452837996266,0.027001862197392867,-0.004644772063325586,1.5936580581889512
2026-01-16,1.4331192168015356,-0.014052583862194101,-0.01863208487657897,1.5884275907159209
2026-01-19,1.4344370275756062,0.0009195402298851629,-0.01772967759830446,1.5488721804511285
2026-01-20,1.4390493652848524,0.003215434083601254,-0.01457125212434407,1.544295521412227
2026-01-21,1.4845138369902802,0.03159340659340648,0.0,1.5462569467146134
2026-01-22,1.473312445410682,-0.00754549489569456,-0.00754549489569456,1.54527623406342
2026-01-23,1.5108700524716878,0.02549194991055459,0.0,1.5377574370709388
2026-01-26,1.5905976043029455,0.05276929786306139,0.0,1.540372670807454
2026-01-27,1.575442780401136,-0.00952775476387746,-0.009527754763877572,1.5397188623733253
2026-01-28,1.6795498315526958,0.06608113759933087,0.0,1.544622425629291
2026-01-29,1.7098594793563147,0.018046292663789876,0.0,1.5586793069630602
2026-01-30,1.5411797002753063,-0.09865125240847794,-0.09865125240847794,1.5400457665903895
2026-02-02,1.5399617255213125,-0.0007902873063901908,-0.0993635768823301,1.503759398496241
2026-02-03,1.5397618463061546,-0.00012979492402009907,-0.09948047491843837,1.5246812683883626
2026-02-04,1.539884848900098,7.988416795656761e-05,-0.09940853766544866,1.538738149722132
2026-02-05,1.5401308540879843,0.00015975557397163165,-0.09926466315946947,1.529584831644329
2026-02-06,1.5401462294122275,9.98312851296923e-06,-0.0992556710028456,1.5197777051323969
2026-02-09,1.5399924761697983,-9.983028850957254e-05,-0.09934559256908271,1.54527623406342
2026-02-10,1.5400847281152559,5.9904153354661815e-05,-0.0992916396293404,1.5472376593658062
2026-02-11,1.5402384813576848,9.983427510329435e-05,-0.0992017180631034,1.543968617195162
2026-02-12,1.5404076099243567,0.00010980674013727487,-0.09910280434024266,1.5452762340634196
2026-02-13,1.5409149956243726,0.000329384051823034,-0.09880606317166019,1.5269695979078133
2026-02-24,1.534994407500493,-0.003842254855518811,-0.10226867995120303,1.5416802876757114
2026-02-25,1.5612460933294803,0.017102137767220915,-0.08691555523777938,1.5527950310559009
2026-02-26,1.548120250414987,-0.008407286314806028,-0.09459211759449104,1.547891467799935
2026-02-27,1.551766317891235,0.0023551577955722713,-0.09245973916207106,1.5446224256292906
2026-03-02,1.543744969443489,-0.005169172932330879,-0.09715097171339504,1.5491990846681924
2026-03-03,1.4569685635087817,-0.05621162021728865,-0.14790157840498974,1.5292579274272642
2026-03-04,1.3964438434030615,-0.04154154154154155,-0.1832990603831609,1.507028440666885
2026-03-05,1.3948802658600798,-0.0011196852278507743,-0.18421350836082173,1.5214122262177185
2026-03-06,1.3947689548294977,-7.979970274618609e-05,-0.18427860788035888,1.5256619810395557
2026-03-09,1.3947967825871435,1.9951517811866992e-05,-0.18426233300047445,1.5132396207911083
2026-03-10,1.394810696465966,9.97555987813925e-06,-0.18425419556053257,1.530892448512586
2026-03-11,1.3949080936177254,6.9828222572621e-05,-0.18419723348093742,1.5400457665903895
2026-03-12,1.3949498352541938,2.9924291542471337e-05,-0.184172821161111,1.5344883949002945
2026-03-13,1.3950889740424213,9.974465368656205e-05,-0.18409144676168965,1.5289310232101996
2026-03-16,1.3950750601635984,-9.973470568303e-06,-0.18409958420163186,1.529911735861393
2026-03-17,1.395381165497699,0.00021941854086682255,-0.18392056052290484,1.5187969924812035
2026-03-18,1.3952281128306487,-0.00010968520346610333,-0.1840100723622683,1.524027459954234
2026-03-19,1.4510423605805194,0.04000367197062438,-0.1513674789657149,1.5034324942791768
2026-03-20,1.4177733117488671,-0.022927689594356315,-0.1708246619876651,1.4959136972866953
2026-03-23,1.5192865633121133,0.07160048134777375,-0.111455308664279,1.448185681595293
2026-03-24,1.467250358729273,-0.03425042111173493,-0.14188833851912397,1.4642039882314488
2026-03-25,1.4135080490781426,-0.03662790697674412,-0.17331917263150476,1.4854527623406346
2026-03-26,1.4587198333878237,0.03198551599275801,-0.1468773598068034,1.4671461261850285
2026-03-27,1.4877236195487513,0.019883040935672502,-0.12991468742869294,1.4736842105263164
2026-03-30,1.513315195573099,0.017201834862385246,-0.11494762356565447,1.471068976789801
2026-03-31,1.4672503587292731,-0.030439684329199523,-0.14188833851912375,1.4589735207584182
2026-04-01,1.3708554223708964,-0.06569767441860463,-0.1982642790699023,1.4821837201699908
2026-04-02,1.369689555696986,-0.0008504665443814776,-0.19894612847798898,1.4674730304020929
2026-04-03,1.370235645804613,0.0003986962632194224,-0.19862675129277574,1.4560313828048388
2026-04-07,1.370030862014253,-0.00014945151294754044,-0.19874651773723062,1.4534161490683235
2026-04-08,1.3696622511916048,-0.00026905293367351923,-0.19896209733724957,1.5044132069303702
2026-04-09,1.3698260782238927,0.00011961126339388173,-0.19886628418168573,1.494606080418438
2026-04-10,1.3699216439927273,6.976489231291794e-05,-0.1988103931742734,1.5174893756129462
2026-04-13,1.3700035575088714,5.97943075819618e-05,-0.19876248659649143,1.5207584177835902
2026-04-14,1.3700991232777062,6.975585450930133e-05,-0.198706595589079,1.540372670807454
2026-04-15,1.370112775530397,9.964426995745512e-06,-0.19869861115944865,1.534488394900295
2026-04-16,1.3700172097615622,-6.975029394773458e-05,-0.19875450216686097,1.551487414187644
2026-04-17,1.386037035722063,0.01169315673289184,-0.18938541297917433,1.5491990846681931
2026-04-20,1.3867923692565167,0.0005449591280655142,-0.1889436611606342,1.5576985943118673
2026-04-21,1.3901913701615571,0.002450980392156854,-0.18695577797720442,1.5612945406995757
2026-04-22,1.4192717112380147,0.020918228742189626,-0.16994833296341594,1.5727361882968296
2026-04-23,1.4079417082212131,-0.007982969664715234,-0.17657461024151533,1.5694671461261858
2026-04-24,1.3875477027909702,-0.014484978540772575,-0.1885019093420942,1.563255966001962
2026-04-27,1.3792390339119824,-0.0059880239520957446,-0.1933611793460337,1.563255966001962
2026-04-28,1.3603556955506464,-0.013691128148959564,-0.2044049748095328,1.559333115397189
2026-04-29,1.3951010381355047,0.02554136590782896,-0.18408439115669462,1.5760052304674737
2026-04-30,1.3932127042993712,-0.0013535462912831475,-0.1851887707030444,1.5769859431186668
2026-05-06,1.391819491595072,-0.001,-0.18600358193234134,1.5979078130107882
2026-05-07,1.3630749405863738,-0.02065249925172119,-0.20281464234738733,1.6057535142203339
2026-05-08,1.3584924759328134,-0.0033618581907089995,-0.20549466647152503,1.5972540045766594
2026-05-11,1.3593256513243697,0.0006133088009812049,-0.20500738935804552,1.6234063419418114
2026-05-12,1.3568261251497005,-0.0018387986515475685,-0.20646922069848417,1.622425629290618
2026-05-13,1.3514104851045834,-0.003991403131716309,-0.2096365219361016,1.6400784570120956
2026-05-14,1.3426621434932404,-0.006473489519112308,-0.2147529316276373,1.615233736515201
2026-05-15,1.3426621434932404,0.0,-0.2147529316276373,1.594638770840144
2026-05-18,1.340162617318571,-0.0018616196090598391,-0.21621476296807618,1.5861392611964698
2026-05-19,1.342245555797462,0.0015542430836181786,-0.21499657018437723,1.5916966328865645
2026-05-20,1.3839469945537157,0.031068412613575735,-0.1906077597237934,1.5923504413206935
2026-05-21,1.333061320491927,-0.03676851372345935,-0.22036790941805062,1.571755475645636
2026-05-22,1.3524122106281,0.014516129032257963,-0.20905066939347405,1.5894083033671136
2026-05-25,1.4319658700768119,0.05882352941176472,-0.16252423818132544,1.6139261196469439
2026-05-26,1.4104648810366196,-0.01501501501501501,-0.1750989493197439,1.625367767244198
2026-05-27,1.3696130018602541,-0.02896341463414631,-0.19899090048273915,1.612291598561622
2026-05-28,1.3918306905351194,0.016221873364730355,-0.18599703230637343,1.612291598561622
2026-05-29,1.3215941263371578,-0.05046343975283207,-0.22707442202520722,1.6093494606080423
2026-06-01,1.2570911592165805,-0.0488069414316703,-0.26479855544046293,1.5913697286695003
2026-06-02,1.2558966204870894,-0.0009502403391618,-0.2654971735104933,1.6135992154298793
2026-06-03,1.25605909417615,0.00012936868083746056,-0.26540215184875904,1.6230794377247466
2026-06-04,1.2561965719130475,0.00010945164724729395,-0.26532174890421456,1.6103301732592352
2026-06-05,1.2563340496499449,0.00010943966889520595,-0.2652413459596702,1.58319712324289
2026-06-08,1.2562465638173739,-6.96358047410639e-05,-0.2652925114698348,1.5491990846681924
2026-06-09,1.2562215678652104,-1.989732977847325e-05,-0.2653071301870248,1.5776397515527953
2026-06-10,1.2562590617934553,2.984658853488753e-05,-0.26528520211123996,1.5639097744360906
2026-06-11,1.2563340496499449,5.969139548533953e-05,-0.2652413459596702,1.5531219352729655
2026-06-12,1.2562590617934553,-5.968783263532451e-05,-0.26528520211123996,1.57502451781628
2026-06-15,1.2562840577456187,1.989713182859454e-05,-0.26527058339404985,1.6080418437397843
2026-06-16,1.258618622362524,0.001858309514087498,-0.263905228728891,1.6050997057862049
2026-06-17,1.2601560229598723,0.00122149837133545,-0.26300609016463483,1.620791108205296
2026-06-18,1.2955162366988846,0.0280601870679138,-0.2423259031867412,1.6292906178489703
2026-06-22,1.3354886522299418,0.030854430379746667,-0.21894830051607905,1.6642693690748613
2026-06-23,1.2540064205704788,-0.06101304681504216,-0.2666026444216597,1.6155606407322658
2026-06-24,1.2647682247519174,0.008581937065794909,-0.260308674471866,1.6237332461588756
2026-06-25,1.3288265829747656,0.050648298217179866,-0.2228445676278561,1.6502124877410922
2026-06-26,1.2924414355041876,-0.027381411492479857,-0.24412418031525385,1.6041189931350117
2026-06-29,1.2745050952017902,-0.01387787470261681,-0.25461413023157653,1.6211180124223605
2026-06-30,1.2898791011752737,0.012062726176115701,-0.24562274458901423,1.6407322654462249
2026-07-01,1.2588735772518012,-0.024037542662115996,-0.26375612004928584,1.6338672768878726
2026-07-02,1.1648703537976275,-0.0746724890829693,-0.31873328313730853,1.5854854527623412
2026-07-03,1.1555250040975047,-0.008022652194431545,-0.3241988490583402,1.593984962406016
2026-07-06,1.1542431495330483,-0.0011093265484614081,-0.3249485332165606,1.5943118666230802
2026-07-07,1.154415244828938,0.0001490979573579576,-0.3248478844217517,1.5776397515527958
2026-07-08,1.1544726099275677,4.9691910156912655e-05,-0.3248143348234822,1.5684864334749928
2026-07-09,1.1543349336908557,-0.00011925465838513727,-0.32489485385932937,1.607061131088592
2026-07-10,1.1545299750261975,0.00016896424915269215,-0.3247807852252127,1.5786204642039892
2026-07-13,1.1544611369078415,-5.962436649109559e-05,-0.32482104474313633,1.550833605753515
2026-07-14,1.1543119876514036,-0.00012919383049758704,-0.3249082736986373,1.5812356979405042
2026-07-15,1.1543234606711295,9.939271053749366e-06,-0.3249015637789835,1.5815626021575686
2026-07-16,1.1543349336908557,9.93917226588259e-06,-0.32489485385932937,1.5537757437070945
2026-07-17,1.1546332322037314,0.0002584159104688233,-0.32472039594832736,1.500163452108533
2026-07-20,1.1545070289867456,-0.00010930156301225402,-0.3247942050645205,1.5201046093494615
2026-07-21,1.1545070289867456,0.0,-0.3247942050645205,1.5648904870872842
2026-07-22,1.1546676512629095,0.00013912628691814533,-0.3247002661893654,1.5576985943118673
2026-07-23,1.1546791242826357,9.936209534933127e-06,-0.3246935562697113,1.5648904870872842
2026-07-24,1.1548053274996215,0.00010929721888253141,-0.32461974715351816,1.5367767244197457
2026-07-27,1.1545873401248279,-0.00018876547380120012,-0.32474723562694274,1.5537757437070947
2026-07-28,1.1548053274996215,0.00018880111293273494,-0.32461974715351816,1.5125858123569802
2026-07-29,1.1548512195785254,3.974009974760939e-05,-0.32459290747490255,1.5223929388689124
2026-07-30,1.155115099032223,0.0002284964930754363,-0.32443857932286224,1.5053939195815638
2026-07-31,1.1552527752689348,0.00011918832748980535,-0.3243580602870152,1.5210853220006548
2026-08-03,1.1474541197303154,-0.006750605326876435,-0.32891905236430286,1.5034324942791775
2026-08-04,1.130687666839279,-0.014611872146118698,-0.3387248013708518,1.5204315135665263
2026-08-05,1.1275439569222097,-0.00278035217794248,-0.3405633793095797,1.5410264792415835
2026-08-06,1.1485020230360052,0.018587360594795488,-0.3283061930513935,1.5393919581562614
2026-08-07,1.1464062164246256,-0.0018248175182481452,-0.3295319116772122,1.5531219352729666
2026-08-10,1.1593303571947995,0.011273613650213177,-0.32197331348466407,1.555737169009482
2026-08-11,1.1558373461758336,-0.0030129557095509574,-0.32401617786102843,1.5456031382804853
2026-08-12,1.153741539564454,-0.0018132366273799772,-0.3252418964868471,1.5521412226217735
2026-08-13,1.1432625065075561,-0.009082652134423164,-0.3313704896159402,1.5459300424975497
2026-08-14,1.1512964318511778,0.007027192178429509,-0.3266719015503021,1.5449493298463564
