mom_wins,top_k,rebal_n,abs_thresh,ma_win,trail_stop,start,end,calmar,ann,mdd,sharpe,total,years,dist
"(60,)",1,10,0.0,20,0.1,2024-12-01,2026-01-31,5.685706533011888,0.6553307454736843,0.1152593335003761,1.9830857729323856,0.8016258369600182,1.1680327868852458,0.11429346698811216
"(60,)",1,10,0.03,20,0.1,2024-12-01,2026-01-31,5.685706533011888,0.6553307454736843,0.1152593335003761,1.9830857729323856,0.8016258369600182,1.1680327868852458,0.11429346698811216
"(20, 60)",1,10,0.0,60,0.08,2024-12-01,2026-01-31,6.269875282848518,0.7226616462316022,0.1152593335003761,2.015008226820514,0.8875102827734551,1.1680327868852458,0.469875282848518
"(20, 60)",1,10,0.03,60,0.08,2024-12-01,2026-01-31,6.269875282848518,0.7226616462316022,0.1152593335003761,2.015008226820514,0.8875102827734551,1.1680327868852458,0.469875282848518
"(20, 60)",1,10,0.0,20,0.08,2024-12-01,2026-01-31,6.275434267874753,0.7233023711406612,0.11525933350037554,2.025939227113516,0.8883303124188184,1.1680327868852458,0.4754342678747534
"(20, 60)",1,10,0.03,20,0.08,2024-12-01,2026-01-31,6.275434267874753,0.7233023711406612,0.11525933350037554,2.025939227113516,0.8883303124188184,1.1680327868852458,0.4754342678747534
"(20, 60)",1,10,0.0,20,0.1,2024-12-01,2025-12-31,5.288237797677835,0.6095187639518411,0.11525933350037554,1.8889003509101565,0.6768161869586404,1.0860655737704918,0.5117622023221644
"(20, 60)",1,10,0.03,20,0.1,2024-12-01,2025-12-31,5.288237797677835,0.6095187639518411,0.11525933350037554,1.8889003509101565,0.6768161869586404,1.0860655737704918,0.5117622023221644
"(20, 60)",1,10,0.0,60,0.1,2024-12-01,2025-12-31,5.282654086385708,0.6088751891098549,0.1152593335003761,1.8764604544227217,0.676088009809714,1.0860655737704918,0.5173459136142915
"(20, 60)",1,10,0.03,60,0.1,2024-12-01,2025-12-31,5.282654086385708,0.6088751891098549,0.1152593335003761,1.8764604544227217,0.676088009809714,1.0860655737704918,0.5173459136142915
"(60,)",1,10,0.0,60,0.1,2024-12-01,2026-01-31,6.331029720401041,0.7297102659444943,0.11525933350037576,2.118773952277098,0.8965342510160936,1.1680327868852458,0.5310297204010412
"(60,)",1,10,0.03,60,0.1,2024-12-01,2026-01-31,6.331029720401041,0.7297102659444943,0.11525933350037576,2.118773952277098,0.8965342510160936,1.1680327868852458,0.5310297204010412
"(60, 120)",1,20,0.0,60,0.06,2025-01-01,2026-01-31,5.158636851745354,0.5182398500598147,0.10046061875521928,1.7748514396543549,0.5684156032595262,1.0778688524590163,0.641363148254646
"(60, 120)",1,20,0.03,60,0.06,2025-01-01,2026-01-31,5.158636851745354,0.5182398500598147,0.10046061875521928,1.7748514396543549,0.5684156032595262,1.0778688524590163,0.641363148254646
"(60, 120)",1,20,0.0,20,0.06,2025-01-01,2026-01-31,4.978572556234066,0.500150479517028,0.10046061875521928,1.7349761602481413,0.5482826312382871,1.0778688524590163,0.8214274437659341
"(60, 120)",1,20,0.03,20,0.06,2025-01-01,2026-01-31,4.978572556234066,0.500150479517028,0.10046061875521928,1.7349761602481413,0.5482826312382871,1.0778688524590163,0.8214274437659341
"(60, 120)",1,10,0.0,20,0.06,2025-01-01,2026-01-31,4.890424825637839,0.6344454292266346,0.12973217089455746,1.9185333297056857,0.6981863085250031,1.0778688524590163,0.9095751743621605
"(60, 120)",1,10,0.0,60,0.06,2025-01-01,2026-01-31,4.890424825637839,0.6344454292266346,0.12973217089455746,1.9185333297056857,0.6981863085250031,1.0778688524590163,0.9095751743621605
"(60, 120)",1,10,0.03,20,0.06,2025-01-01,2026-01-31,4.890424825637839,0.6344454292266346,0.12973217089455746,1.9185333297056857,0.6981863085250031,1.0778688524590163,0.9095751743621605
"(60, 120)",1,10,0.03,60,0.06,2025-01-01,2026-01-31,4.890424825637839,0.6344454292266346,0.12973217089455746,1.9185333297056857,0.6981863085250031,1.0778688524590163,0.9095751743621605
"(20, 60)",1,10,0.0,20,0.1,2024-12-01,2026-01-31,4.805828007203612,0.5539165330277263,0.11525933350037554,1.6731419152108198,0.6733770761778977,1.1680327868852458,0.9941719927963879
"(20, 60)",1,10,0.03,20,0.1,2024-12-01,2026-01-31,4.805828007203612,0.5539165330277263,0.11525933350037554,1.6731419152108198,0.6733770761778977,1.1680327868852458,0.9941719927963879
"(20, 60)",1,10,0.0,60,0.1,2024-12-01,2026-01-31,4.800815422712478,0.5533387858801666,0.1152593335003761,1.6641043708142809,0.6726503925032714,1.1680327868852458,0.9991845772875214
"(20, 60)",1,10,0.03,60,0.1,2024-12-01,2026-01-31,4.800815422712478,0.5533387858801666,0.1152593335003761,1.6641043708142809,0.6726503925032714,1.1680327868852458,0.9991845772875214
"(20, 60)",1,10,0.0,20,0.08,2024-12-01,2025-12-31,4.742907217895709,0.5466643247887799,0.11525933350037554,1.7720506930580255,0.6058188423557382,1.0860655737704918,1.0570927821042906
"(20, 60)",1,10,0.03,20,0.08,2024-12-01,2025-12-31,4.742907217895709,0.5466643247887799,0.11525933350037554,1.7720506930580255,0.6058188423557382,1.0860655737704918,1.0570927821042906
"(20, 60)",1,10,0.0,60,0.08,2024-12-01,2025-12-31,4.737541560005358,0.5460458826365495,0.1152593335003761,1.7599202674417391,0.6051214966386491,1.0860655737704918,1.062458439994642
"(20, 60)",1,10,0.03,60,0.08,2024-12-01,2025-12-31,4.737541560005358,0.5460458826365495,0.1152593335003761,1.7599202674417391,0.6051214966386491,1.0860655737704918,1.062458439994642
"(60,)",1,20,0.0,60,0.08,2025-01-01,2026-01-31,4.546822849998382,0.524063771235094,0.1152593335003761,1.863373965170575,0.5749014541423747,1.0778688524590163,1.2531771500016182
"(60,)",1,20,0.03,60,0.08,2025-01-01,2026-01-31,4.546822849998382,0.524063771235094,0.1152593335003761,1.863373965170575,0.5749014541423747,1.0778688524590163,1.2531771500016182
"(60,)",1,10,0.0,60,0.1,2024-12-01,2025-12-31,4.49695405613001,0.5183159272913562,0.11525933350037576,1.730588125320076,0.573878436341982,1.0860655737704918,1.3030459438699902
"(60,)",1,10,0.03,60,0.1,2024-12-01,2025-12-31,4.49695405613001,0.5183159272913562,0.11525933350037576,1.730588125320076,0.573878436341982,1.0860655737704918,1.3030459438699902
"(20, 60)",1,20,0.0,20,0.08,2025-01-01,2026-01-31,4.325895849033958,0.6302230057006046,0.14568612553197358,1.8895029408848745,0.6934580751380934,1.0778688524590163,1.474104150966042
"(20, 60)",1,20,0.0,60,0.08,2025-01-01,2026-01-31,4.325895849033958,0.6302230057006046,0.14568612553197358,1.8895029408848745,0.6934580751380934,1.0778688524590163,1.474104150966042
"(20, 60)",1,20,0.03,20,0.08,2025-01-01,2026-01-31,4.325895849033958,0.6302230057006046,0.14568612553197358,1.8895029408848745,0.6934580751380934,1.0778688524590163,1.474104150966042
"(20, 60)",1,20,0.03,60,0.08,2025-01-01,2026-01-31,4.325895849033958,0.6302230057006046,0.14568612553197358,1.8895029408848745,0.6934580751380934,1.0778688524590163,1.474104150966042
"(60,)",1,10,0.0,20,0.1,2024-12-01,2025-12-31,3.888748766425018,0.4482145909685573,0.1152593335003761,1.5715676316832925,0.4951167128296101,1.0860655737704918,1.9112512335749816
"(60,)",1,10,0.03,20,0.1,2024-12-01,2025-12-31,3.888748766425018,0.4482145909685573,0.1152593335003761,1.5715676316832925,0.4951167128296101,1.0860655737704918,1.9112512335749816
"(20, 60)",1,20,0.0,20,0.1,2025-01-01,2026-01-31,3.7659119657147797,0.6147176700539303,0.16323208711472237,1.907642731911913,0.6761035314525925,1.0778688524590163,2.03408803428522
"(20, 60)",1,20,0.0,60,0.1,2025-01-01,2026-01-31,3.7659119657147797,0.6147176700539303,0.16323208711472237,1.907642731911913,0.6761035314525925,1.0778688524590163,2.03408803428522
"(20, 60)",1,20,0.03,20,0.1,2025-01-01,2026-01-31,3.7659119657147797,0.6147176700539303,0.16323208711472237,1.907642731911913,0.6761035314525925,1.0778688524590163,2.03408803428522
"(20, 60)",1,20,0.03,60,0.1,2025-01-01,2026-01-31,3.7659119657147797,0.6147176700539303,0.16323208711472237,1.907642731911913,0.6761035314525925,1.0778688524590163,2.03408803428522
"(60, 120)",1,10,0.0,20,0.08,2025-01-01,2026-01-31,3.69157835479806,0.5448100771819853,0.14758188092469404,1.7059184372923806,0.5980213621222328,1.0778688524590163,2.1084216452019398
"(60, 120)",1,10,0.0,60,0.08,2025-01-01,2026-01-31,3.69157835479806,0.5448100771819853,0.14758188092469404,1.7059184372923806,0.5980213621222328,1.0778688524590163,2.1084216452019398
"(60, 120)",1,10,0.03,20,0.08,2025-01-01,2026-01-31,3.69157835479806,0.5448100771819853,0.14758188092469404,1.7059184372923806,0.5980213621222328,1.0778688524590163,2.1084216452019398
"(60, 120)",1,10,0.03,60,0.08,2025-01-01,2026-01-31,3.69157835479806,0.5448100771819853,0.14758188092469404,1.7059184372923806,0.5980213621222328,1.0778688524590163,2.1084216452019398
"(60, 120)",1,10,0.0,20,0.06,2025-01-01,2025-12-31,3.596165517180409,0.46653835943996347,0.12973217089455746,1.6564734209794865,0.46423875227903566,0.9959016393442623,2.2038344828195906
"(60, 120)",1,10,0.0,60,0.06,2025-01-01,2025-12-31,3.596165517180409,0.46653835943996347,0.12973217089455746,1.6564734209794865,0.46423875227903566,0.9959016393442623,2.2038344828195906
"(60, 120)",1,10,0.03,20,0.06,2025-01-01,2025-12-31,3.596165517180409,0.46653835943996347,0.12973217089455746,1.6564734209794865,0.46423875227903566,0.9959016393442623,2.2038344828195906
"(60, 120)",1,10,0.03,60,0.06,2025-01-01,2025-12-31,3.596165517180409,0.46653835943996347,0.12973217089455746,1.6564734209794865,0.46423875227903566,0.9959016393442623,2.2038344828195906
"(60, 120)",1,20,0.0,60,0.06,2025-01-01,2025-12-31,3.5240328688908447,0.35402652252250477,0.10046061875521928,1.473841417544491,0.35234567281749274,0.9959016393442623,2.275967131109155
"(60, 120)",1,20,0.03,60,0.06,2025-01-01,2025-12-31,3.5240328688908447,0.35402652252250477,0.10046061875521928,1.473841417544491,0.35234567281749274,0.9959016393442623,2.275967131109155
"(20, 60)",1,20,0.0,20,0.08,2025-01-01,2025-12-31,3.498077354651832,0.5096213366103608,0.14568612553197358,1.7498509578075683,0.5070753265279202,0.9959016393442623,2.301922645348168
"(20, 60)",1,20,0.0,60,0.08,2025-01-01,2025-12-31,3.498077354651832,0.5096213366103608,0.14568612553197358,1.7498509578075683,0.5070753265279202,0.9959016393442623,2.301922645348168
"(20, 60)",1,20,0.03,20,0.08,2025-01-01,2025-12-31,3.498077354651832,0.5096213366103608,0.14568612553197358,1.7498509578075683,0.5070753265279202,0.9959016393442623,2.301922645348168
"(20, 60)",1,20,0.03,60,0.08,2025-01-01,2025-12-31,3.498077354651832,0.5096213366103608,0.14568612553197358,1.7498509578075683,0.5070753265279202,0.9959016393442623,2.301922645348168
"(60, 120)",1,20,0.0,60,0.06,2024-12-01,2026-01-31,3.446933323578057,0.34628105449463376,0.10046061875521861,1.3779398265385467,0.41525524002445047,1.1680327868852458,2.353066676421943
"(60, 120)",1,20,0.03,60,0.06,2024-12-01,2026-01-31,3.446933323578057,0.34628105449463376,0.10046061875521861,1.3779398265385467,0.41525524002445047,1.1680327868852458,2.353066676421943
"(60, 120)",1,10,0.0,20,0.1,2025-01-01,2026-01-31,3.3520312135265224,0.523885233492744,0.1562888887724848,1.5450613350723201,0.574702595612492,1.0778688524590163,2.4479687864734774
"(60, 120)",1,10,0.03,20,0.1,2025-01-01,2026-01-31,3.3520312135265224,0.523885233492744,0.1562888887724848,1.5450613350723201,0.574702595612492,1.0778688524590163,2.4479687864734774
"(60, 120)",1,20,0.0,20,0.06,2025-01-01,2025-12-31,3.3503127607725807,0.3365744929707204,0.10046061875521928,1.4241620163116655,0.3349862831650974,0.9959016393442623,2.449687239227419
"(60, 120)",1,20,0.03,20,0.06,2025-01-01,2025-12-31,3.3503127607725807,0.3365744929707204,0.10046061875521928,1.4241620163116655,0.3349862831650974,0.9959016393442623,2.449687239227419
"(60, 120)",1,10,0.0,60,0.1,2025-01-01,2026-01-31,3.3082443145747935,0.6161191780530602,0.18623750831783703,1.7073408376264216,0.6776716555129623,1.0778688524590163,2.4917556854252063
"(60, 120)",1,10,0.03,60,0.1,2025-01-01,2026-01-31,3.3082443145747935,0.6161191780530602,0.18623750831783703,1.7073408376264216,0.6776716555129623,1.0778688524590163,2.4917556854252063
"(60, 120)",1,20,0.0,20,0.06,2024-12-01,2026-01-31,3.2995208027020206,0.3314719014351606,0.10046061875521861,1.3370789237884855,0.39708831150683555,1.1680327868852458,2.500479197297979
"(60, 120)",1,20,0.03,20,0.06,2024-12-01,2026-01-31,3.2995208027020206,0.3314719014351606,0.10046061875521861,1.3370789237884855,0.39708831150683555,1.1680327868852458,2.500479197297979
"(60, 120)",1,20,0.0,60,0.1,2024-10-01,2026-01-31,3.286103832887981,0.4652882273813679,0.14159267358647365,1.5005730946433282,0.6608257273693172,1.3278688524590163,2.513896167112019
"(60, 120)",1,20,0.03,60,0.1,2024-10-01,2026-01-31,3.286103832887981,0.4652882273813679,0.14159267358647365,1.5005730946433282,0.6608257273693172,1.3278688524590163,2.513896167112019
"(60,)",1,20,0.0,60,0.08,2025-01-01,2025-12-31,3.1723869824028745,0.36564720919702465,0.1152593335003761,1.602135944507023,0.36390416456286356,0.9959016393442623,2.6276130175971253
"(60,)",1,20,0.03,60,0.08,2025-01-01,2025-12-31,3.1723869824028745,0.36564720919702465,0.1152593335003761,1.602135944507023,0.36390416456286356,0.9959016393442623,2.6276130175971253
"(20, 60)",1,20,0.0,60,0.08,2024-10-01,2026-01-31,2.969544306635403,0.394432032586713,0.13282577791661854,1.3654393219595486,0.5550370625975767,1.3278688524590163,2.830455693364597
"(20, 60)",1,20,0.03,60,0.08,2024-10-01,2026-01-31,2.969544306635403,0.394432032586713,0.13282577791661854,1.3654393219595486,0.5550370625975767,1.3278688524590163,2.830455693364597
"(20, 60)",1,20,0.0,20,0.06,2025-01-01,2026-01-31,2.958303699057968,0.5309489580542599,0.1794775019966116,1.7964086998627966,0.582571680341738,1.0778688524590163,2.841696300942032
"(20, 60)",1,20,0.0,60,0.06,2025-01-01,2026-01-31,2.958303699057968,0.5309489580542599,0.1794775019966116,1.7964086998627966,0.582571680341738,1.0778688524590163,2.841696300942032
"(20, 60)",1,20,0.03,20,0.06,2025-01-01,2026-01-31,2.958303699057968,0.5309489580542599,0.1794775019966116,1.7964086998627966,0.582571680341738,1.0778688524590163,2.841696300942032
"(20, 60)",1,20,0.03,60,0.06,2025-01-01,2026-01-31,2.958303699057968,0.5309489580542599,0.1794775019966116,1.7964086998627966,0.582571680341738,1.0778688524590163,2.841696300942032
"(60, 120)",1,20,0.0,20,0.1,2024-10-01,2026-01-31,2.9239198374386484,0.3523673397701055,0.12051197001309688,1.2631832831054821,0.4930575023663797,1.3278688524590163,2.8760801625613515
"(60, 120)",1,20,0.03,20,0.1,2024-10-01,2026-01-31,2.9239198374386484,0.3523673397701055,0.12051197001309688,1.2631832831054821,0.4930575023663797,1.3278688524590163,2.8760801625613515
"(20, 60)",1,10,0.0,20,0.08,2025-01-01,2026-01-31,2.8843290412151594,0.42632147616035154,0.1478061171483901,1.378821567339077,0.4663112109970935,1.0778688524590163,2.9156709587848404
"(20, 60)",1,10,0.0,20,0.1,2025-01-01,2026-01-31,2.8843290412151594,0.42632147616035154,0.1478061171483901,1.378821567339077,0.4663112109970935,1.0778688524590163,2.9156709587848404
"(20, 60)",1,10,0.0,60,0.08,2025-01-01,2026-01-31,2.8843290412151594,0.42632147616035154,0.1478061171483901,1.378821567339077,0.4663112109970935,1.0778688524590163,2.9156709587848404
"(20, 60)",1,10,0.0,60,0.1,2025-01-01,2026-01-31,2.8843290412151594,0.42632147616035154,0.1478061171483901,1.378821567339077,0.4663112109970935,1.0778688524590163,2.9156709587848404
"(20, 60)",1,10,0.03,20,0.08,2025-01-01,2026-01-31,2.8843290412151594,0.42632147616035154,0.1478061171483901,1.378821567339077,0.4663112109970935,1.0778688524590163,2.9156709587848404
"(20, 60)",1,10,0.03,20,0.1,2025-01-01,2026-01-31,2.8843290412151594,0.42632147616035154,0.1478061171483901,1.378821567339077,0.4663112109970935,1.0778688524590163,2.9156709587848404
"(20, 60)",1,10,0.03,60,0.08,2025-01-01,2026-01-31,2.8843290412151594,0.42632147616035154,0.1478061171483901,1.378821567339077,0.4663112109970935,1.0778688524590163,2.9156709587848404
"(20, 60)",1,10,0.03,60,0.1,2025-01-01,2026-01-31,2.8843290412151594,0.42632147616035154,0.1478061171483901,1.378821567339077,0.4663112109970935,1.0778688524590163,2.9156709587848404
"(60, 120)",1,20,0.0,20,0.08,2025-01-01,2026-01-31,2.772999031887538,0.3930561390355627,0.1417440592353959,1.4036602451713887,0.42948396997118987,1.0778688524590163,3.027000968112462
"(60, 120)",1,20,0.03,20,0.08,2025-01-01,2026-01-31,2.772999031887538,0.3930561390355627,0.1417440592353959,1.4036602451713887,0.42948396997118987,1.0778688524590163,3.027000968112462
"(20, 60)",1,20,0.0,20,0.1,2025-01-01,2025-12-31,2.724554299385813,0.4447346847461364,0.16323208711472237,1.6317948301651095,0.44255782224089324,0.9959016393442623,3.075445700614187
"(20, 60)",1,20,0.0,60,0.1,2025-01-01,2025-12-31,2.724554299385813,0.4447346847461364,0.16323208711472237,1.6317948301651095,0.44255782224089324,0.9959016393442623,3.075445700614187
"(20, 60)",1,20,0.03,20,0.1,2025-01-01,2025-12-31,2.724554299385813,0.4447346847461364,0.16323208711472237,1.6317948301651095,0.44255782224089324,0.9959016393442623,3.075445700614187
"(20, 60)",1,20,0.03,60,0.1,2025-01-01,2025-12-31,2.724554299385813,0.4447346847461364,0.16323208711472237,1.6317948301651095,0.44255782224089324,0.9959016393442623,3.075445700614187
"(60, 120)",1,10,0.0,60,0.1,2024-10-01,2026-01-31,2.707469456273364,0.47240633704945467,0.17448260993484588,1.4554189014276768,0.6715474904344598,1.3278688524590163,3.0925305437266357
"(60, 120)",1,10,0.03,60,0.1,2024-10-01,2026-01-31,2.707469456273364,0.47240633704945467,0.17448260993484588,1.4554189014276768,0.6715474904344598,1.3278688524590163,3.0925305437266357
"(20, 60)",1,20,0.0,20,0.08,2024-12-01,2026-01-31,2.53647235208471,0.36952882949419363,0.1456861255319737,1.3637965248833235,0.4438418131309356,1.1680327868852458,3.2635276479152897
"(20, 60)",1,20,0.0,60,0.08,2024-12-01,2026-01-31,2.53647235208471,0.36952882949419363,0.1456861255319737,1.3637965248833235,0.4438418131309356,1.1680327868852458,3.2635276479152897
"(20, 60)",1,20,0.03,20,0.08,2024-12-01,2026-01-31,2.53647235208471,0.36952882949419363,0.1456861255319737,1.3637965248833235,0.4438418131309356,1.1680327868852458,3.2635276479152897
"(20, 60)",1,20,0.03,60,0.08,2024-12-01,2026-01-31,2.53647235208471,0.36952882949419363,0.1456861255319737,1.3637965248833235,0.4438418131309356,1.1680327868852458,3.2635276479152897
"(60, 120)",1,10,0.0,60,0.06,2024-12-01,2026-01-31,2.518841790395865,0.3267748136079911,0.12973217089455813,1.1723262798174487,0.39133329328646904,1.1680327868852458,3.281158209604135
"(60, 120)",1,10,0.03,60,0.06,2024-12-01,2026-01-31,2.518841790395865,0.3267748136079911,0.12973217089455813,1.1723262798174487,0.39133329328646904,1.1680327868852458,3.281158209604135
"(60, 120)",1,20,0.0,20,0.08,2024-12-01,2026-01-31,2.4913210820337066,0.2943603226104845,0.11815430966858487,1.1551951021521871,0.35171190163692856,1.1680327868852458,3.308678917966293
"(60, 120)",1,20,0.0,60,0.08,2024-12-01,2026-01-31,2.4913210820337066,0.2943603226104845,0.11815430966858487,1.1551951021521871,0.35171190163692856,1.1680327868852458,3.308678917966293
"(60, 120)",1,20,0.03,20,0.08,2024-12-01,2026-01-31,2.4913210820337066,0.2943603226104845,0.11815430966858487,1.1551951021521871,0.35171190163692856,1.1680327868852458,3.308678917966293
"(60, 120)",1,20,0.03,60,0.08,2024-12-01,2026-01-31,2.4913210820337066,0.2943603226104845,0.11815430966858487,1.1551951021521871,0.35171190163692856,1.1680327868852458,3.308678917966293
"(60, 120)",1,20,0.0,20,0.1,2024-12-01,2026-01-31,2.4441651886298814,0.2831192612618294,0.11583474905005775,1.1312992908382444,0.338010230761953,1.1680327868852458,3.3558348113701184
"(60, 120)",1,20,0.0,60,0.1,2024-12-01,2026-01-31,2.4441651886298814,0.2831192612618294,0.11583474905005775,1.1312992908382444,0.338010230761953,1.1680327868852458,3.3558348113701184
"(60, 120)",1,20,0.03,20,0.1,2024-12-01,2026-01-31,2.4441651886298814,0.2831192612618294,0.11583474905005775,1.1312992908382444,0.338010230761953,1.1680327868852458,3.3558348113701184
"(60, 120)",1,20,0.03,60,0.1,2024-12-01,2026-01-31,2.4441651886298814,0.2831192612618294,0.11583474905005775,1.1312992908382444,0.338010230761953,1.1680327868852458,3.3558348113701184
"(60, 120)",1,10,0.0,20,0.08,2025-01-01,2025-12-31,2.443789573802948,0.3606590618859955,0.14758188092469404,1.3590383313446326,0.3589427638302478,0.9959016393442623,3.356210426197052
"(60, 120)",1,10,0.0,60,0.08,2025-01-01,2025-12-31,2.443789573802948,0.3606590618859955,0.14758188092469404,1.3590383313446326,0.3589427638302478,0.9959016393442623,3.356210426197052
"(60, 120)",1,10,0.03,20,0.08,2025-01-01,2025-12-31,2.443789573802948,0.3606590618859955,0.14758188092469404,1.3590383313446326,0.3589427638302478,0.9959016393442623,3.356210426197052
"(60, 120)",1,10,0.03,60,0.08,2025-01-01,2025-12-31,2.443789573802948,0.3606590618859955,0.14758188092469404,1.3590383313446326,0.3589427638302478,0.9959016393442623,3.356210426197052
"(60, 120)",1,20,0.0,60,0.1,2024-10-01,2025-12-31,2.4305340211495143,0.3441458102974424,0.14159267358647365,1.2506703014722245,0.44554480993070444,1.2459016393442623,3.3694659788504855
"(60, 120)",1,20,0.03,60,0.1,2024-10-01,2025-12-31,2.4305340211495143,0.3441458102974424,0.14159267358647365,1.2506703014722245,0.44554480993070444,1.2459016393442623,3.3694659788504855
"(60, 120)",1,10,0.0,60,0.1,2025-01-01,2025-12-31,2.404718908556847,0.44784885773441574,0.18623750831783703,1.4288970276005861,0.445654545488678,0.9959016393442623,3.395281091443153
"(60, 120)",1,10,0.03,60,0.1,2025-01-01,2025-12-31,2.404718908556847,0.44784885773441574,0.18623750831783703,1.4288970276005861,0.445654545488678,0.9959016393442623,3.395281091443153
"(60, 120)",1,20,0.0,60,0.08,2024-10-01,2026-01-31,2.378615648837471,0.33679454915352225,0.14159267358647365,1.2125923984537157,0.47027083830270433,1.3278688524590163,3.421384351162529
"(60, 120)",1,20,0.03,60,0.08,2024-10-01,2026-01-31,2.378615648837471,0.33679454915352225,0.14159267358647365,1.2125923984537157,0.47027083830270433,1.3278688524590163,3.421384351162529
"(60, 120)",1,10,0.0,60,0.08,2024-10-01,2026-01-31,2.3680441148539555,0.4131825176005701,0.17448260993484588,1.3435372673535626,0.5828639426316018,1.3278688524590163,3.4319558851460443
"(60, 120)",1,10,0.03,60,0.08,2024-10-01,2026-01-31,2.3680441148539555,0.4131825176005701,0.17448260993484588,1.3435372673535626,0.5828639426316018,1.3278688524590163,3.4319558851460443
"(60, 120)",1,10,0.0,60,0.08,2024-12-01,2026-01-31,2.3261281562156992,0.3247548514019536,0.13961176237610506,1.174379058288134,0.38885942451732247,1.1680327868852458,3.4738718437843006
"(60, 120)",1,10,0.0,60,0.1,2024-12-01,2026-01-31,2.3261281562156992,0.3247548514019536,0.13961176237610506,1.174379058288134,0.38885942451732247,1.1680327868852458,3.4738718437843006
"(60, 120)",1,10,0.03,60,0.08,2024-12-01,2026-01-31,2.3261281562156992,0.3247548514019536,0.13961176237610506,1.174379058288134,0.38885942451732247,1.1680327868852458,3.4738718437843006
"(60, 120)",1,10,0.03,60,0.1,2024-12-01,2026-01-31,2.3261281562156992,0.3247548514019536,0.13961176237610506,1.174379058288134,0.38885942451732247,1.1680327868852458,3.4738718437843006
"(60, 120)",1,10,0.0,20,0.1,2025-01-01,2025-12-31,2.294668904907464,0.3586312532487621,0.1562888887724848,1.2351420688701256,0.3569258070608383,0.9959016393442623,3.505331095092536
"(60, 120)",1,10,0.03,20,0.1,2025-01-01,2025-12-31,2.294668904907464,0.3586312532487621,0.1562888887724848,1.2351420688701256,0.3569258070608383,0.9959016393442623,3.505331095092536
"(60, 120)",1,20,0.0,20,0.1,2025-01-01,2026-01-31,2.2895248092694422,0.3737239131179877,0.16323208711472237,1.31325918624284,0.4081130741372563,1.0778688524590163,3.5104751907305576
"(60, 120)",1,20,0.0,60,0.1,2025-01-01,2026-01-31,2.2895248092694422,0.3737239131179877,0.16323208711472237,1.31325918624284,0.4081130741372563,1.0778688524590163,3.5104751907305576
"(60, 120)",1,20,0.03,20,0.1,2025-01-01,2026-01-31,2.2895248092694422,0.3737239131179877,0.16323208711472237,1.31325918624284,0.4081130741372563,1.0778688524590163,3.5104751907305576
"(60, 120)",1,20,0.03,60,0.1,2025-01-01,2026-01-31,2.2895248092694422,0.3737239131179877,0.16323208711472237,1.31325918624284,0.4081130741372563,1.0778688524590163,3.5104751907305576
"(20, 60)",1,20,0.0,20,0.1,2024-12-01,2026-01-31,2.1901580915309227,0.35750407639178916,0.16323208711472215,1.3693518151420663,0.42904533473634276,1.1680327868852458,3.609841908469077
"(20, 60)",1,20,0.0,60,0.1,2024-12-01,2026-01-31,2.1901580915309227,0.35750407639178916,0.16323208711472215,1.3693518151420663,0.42904533473634276,1.1680327868852458,3.609841908469077
"(20, 60)",1,20,0.03,20,0.1,2024-12-01,2026-01-31,2.1901580915309227,0.35750407639178916,0.16323208711472215,1.3693518151420663,0.42904533473634276,1.1680327868852458,3.609841908469077
"(20, 60)",1,20,0.03,60,0.1,2024-12-01,2026-01-31,2.1901580915309227,0.35750407639178916,0.16323208711472215,1.3693518151420663,0.42904533473634276,1.1680327868852458,3.609841908469077
"(20, 60)",1,20,0.0,20,0.08,2024-10-01,2026-01-31,2.163511266037008,0.3100444723366693,0.14330615107199807,1.1381693056280675,0.4313323202716859,1.3278688524590163,3.6364887339629917
"(20, 60)",1,20,0.03,20,0.08,2024-10-01,2026-01-31,2.163511266037008,0.3100444723366693,0.14330615107199807,1.1381693056280675,0.4313323202716859,1.3278688524590163,3.6364887339629917
"(60,)",1,10,0.0,20,0.08,2025-01-01,2026-01-31,2.149662395035159,0.34909866302608816,0.1623969716511594,1.2829598110065867,0.38092491873638146,1.0778688524590163,3.650337604964841
"(60,)",1,10,0.03,20,0.08,2025-01-01,2026-01-31,2.149662395035159,0.34909866302608816,0.1623969716511594,1.2829598110065867,0.38092491873638146,1.0778688524590163,3.650337604964841
"(60, 120)",1,10,0.0,20,0.1,2024-10-01,2026-01-31,2.1288745737815544,0.3483509864326515,0.16363152189556662,1.203829351696952,0.48717235527076563,1.3278688524590163,3.6711254262184454
"(60, 120)",1,10,0.03,20,0.1,2024-10-01,2026-01-31,2.1288745737815544,0.3483509864326515,0.16363152189556662,1.203829351696952,0.48717235527076563,1.3278688524590163,3.6711254262184454
"(60, 120)",1,10,0.0,20,0.06,2024-12-01,2026-01-31,2.081282296116785,0.2700092705196404,0.1297321708945578,1.0087463886876782,0.3220560025685142,1.1680327868852458,3.7187177038832147
"(60, 120)",1,10,0.03,20,0.06,2024-12-01,2026-01-31,2.081282296116785,0.2700092705196404,0.1297321708945578,1.0087463886876782,0.3220560025685142,1.1680327868852458,3.7187177038832147
"(20, 60)",1,20,0.0,20,0.06,2025-01-01,2025-12-31,2.0483548166745154,0.36763360569946935,0.1794775019966116,1.5494624246687287,0.3658798892623496,0.9959016393442623,3.7516451833254845
"(20, 60)",1,20,0.0,60,0.06,2025-01-01,2025-12-31,2.0483548166745154,0.36763360569946935,0.1794775019966116,1.5494624246687287,0.3658798892623496,0.9959016393442623,3.7516451833254845
"(20, 60)",1,20,0.03,20,0.06,2025-01-01,2025-12-31,2.0483548166745154,0.36763360569946935,0.1794775019966116,1.5494624246687287,0.3658798892623496,0.9959016393442623,3.7516451833254845
"(20, 60)",1,20,0.03,60,0.06,2025-01-01,2025-12-31,2.0483548166745154,0.36763360569946935,0.1794775019966116,1.5494624246687287,0.3658798892623496,0.9959016393442623,3.7516451833254845
"(60, 120)",1,10,0.0,60,0.1,2024-10-01,2025-12-31,2.0112101410333887,0.3509211945349351,0.17448260993484588,1.2229317104980955,0.45462869424758456,1.2459016393442623,3.788789858966611
"(60, 120)",1,10,0.03,60,0.1,2024-10-01,2025-12-31,2.0112101410333887,0.3509211945349351,0.17448260993484588,1.2229317104980955,0.45462869424758456,1.2459016393442623,3.788789858966611
"(60, 120)",1,20,0.0,60,0.06,2024-12-01,2025-12-31,2.002619475187484,0.2011843916085858,0.10046061875521861,1.0021670601530088,0.22028516918716923,1.0860655737704918,3.7973805248125156
"(60, 120)",1,20,0.03,60,0.06,2024-12-01,2025-12-31,2.002619475187484,0.2011843916085858,0.10046061875521861,1.0021670601530088,0.22028516918716923,1.0860655737704918,3.7973805248125156
"(60,)",1,10,0.0,60,0.08,2025-01-01,2026-01-31,2.001436044598992,0.28143233035408,0.1406152003275567,1.0418558386755765,0.30641697791408373,1.0778688524590163,3.7985639554010078
"(60,)",1,10,0.03,60,0.08,2025-01-01,2026-01-31,2.001436044598992,0.28143233035408,0.1406152003275567,1.0418558386755765,0.30641697791408373,1.0778688524590163,3.7985639554010078
"(20, 60)",1,20,0.0,60,0.08,2024-10-01,2025-12-31,1.9841597425704398,0.26354756131775625,0.13282577791661854,1.0640099672471643,0.33836057047176715,1.2459016393442623,3.81584025742956
"(20, 60)",1,20,0.03,60,0.08,2024-10-01,2025-12-31,1.9841597425704398,0.26354756131775625,0.13282577791661854,1.0640099672471643,0.33836057047176715,1.2459016393442623,3.81584025742956
"(60, 120)",1,20,0.0,20,0.1,2024-10-01,2025-12-31,1.9419868655165635,0.2340326629029601,0.12051197001309688,0.9697323453821542,0.2995231756750618,1.2459016393442623,3.8580131344834365
"(60, 120)",1,20,0.03,20,0.1,2024-10-01,2025-12-31,1.9419868655165635,0.2340326629029601,0.12051197001309688,0.9697323453821542,0.2995231756750618,1.2459016393442623,3.8580131344834365
"(60, 120)",1,20,0.0,20,0.08,2024-10-01,2026-01-31,1.9398561897175897,0.23377589096496654,0.12051197001309688,0.9517854713833699,0.32175150556913845,1.3278688524590163,3.86014381028241
"(60, 120)",1,20,0.03,20,0.08,2024-10-01,2026-01-31,1.9398561897175897,0.23377589096496654,0.12051197001309688,0.9517854713833699,0.32175150556913845,1.3278688524590163,3.86014381028241
"(60, 120)",1,10,0.0,20,0.08,2024-12-01,2026-01-31,1.920151476111449,0.268075731608999,0.13961176237610506,1.009416262161505,0.3197053127146867,1.1680327868852458,3.8798485238885507
"(60, 120)",1,10,0.0,20,0.1,2024-12-01,2026-01-31,1.920151476111449,0.268075731608999,0.13961176237610506,1.009416262161505,0.3197053127146867,1.1680327868852458,3.8798485238885507
"(60, 120)",1,10,0.03,20,0.08,2024-12-01,2026-01-31,1.920151476111449,0.268075731608999,0.13961176237610506,1.009416262161505,0.3197053127146867,1.1680327868852458,3.8798485238885507
"(60, 120)",1,10,0.03,20,0.1,2024-12-01,2026-01-31,1.920151476111449,0.268075731608999,0.13961176237610506,1.009416262161505,0.3197053127146867,1.1680327868852458,3.8798485238885507
"(60,)",1,20,0.0,60,0.08,2024-12-01,2026-01-31,1.8873599400722454,0.31901902379384683,0.1690292439828066,1.246216304235421,0.381838154195121,1.1680327868852458,3.9126400599277544
"(60,)",1,20,0.03,60,0.08,2024-12-01,2026-01-31,1.8873599400722454,0.31901902379384683,0.1690292439828066,1.246216304235421,0.381838154195121,1.1680327868852458,3.9126400599277544
"(60, 120)",1,20,0.0,20,0.06,2024-12-01,2025-12-31,1.861226973318912,0.18698001338352066,0.10046061875521861,0.9497288951835061,0.20462097462156859,1.0860655737704918,3.938773026681088
"(60, 120)",1,20,0.03,20,0.06,2024-12-01,2025-12-31,1.861226973318912,0.18698001338352066,0.10046061875521861,0.9497288951835061,0.20462097462156859,1.0860655737704918,3.938773026681088
"(60,)",1,20,0.0,20,0.1,2025-01-01,2026-01-31,1.853767909066285,0.37886029282805156,0.20437309922949187,1.2899479397967872,0.4137888372664742,1.0778688524590163,3.946232090933715
"(60,)",1,20,0.03,20,0.1,2025-01-01,2026-01-31,1.853767909066285,0.37886029282805156,0.20437309922949187,1.2899479397967872,0.4137888372664742,1.0778688524590163,3.946232090933715
"(60,)",1,10,0.0,20,0.08,2025-01-01,2025-12-31,1.8121874406129856,0.29429375241981415,0.1623969716511594,1.2199674575258541,0.29292610369544714,0.9959016393442623,3.987812559387014
"(60,)",1,10,0.03,20,0.08,2025-01-01,2025-12-31,1.8121874406129856,0.29429375241981415,0.1623969716511594,1.2199674575258541,0.29292610369544714,0.9959016393442623,3.987812559387014
"(60, 120)",1,20,0.0,20,0.08,2025-01-01,2025-12-31,1.811059864838316,0.25670697676049037,0.1417440592353959,1.1038477010182735,0.2555306792771388,0.9959016393442623,3.988940135161684
"(60, 120)",1,20,0.03,20,0.08,2025-01-01,2025-12-31,1.811059864838316,0.25670697676049037,0.1417440592353959,1.1038477010182735,0.2555306792771388,0.9959016393442623,3.988940135161684
"(60, 120)",1,10,0.0,20,0.08,2024-10-01,2026-01-31,1.7974347251208547,0.2941169795794649,0.16363152189556662,1.080782924459439,0.40827078566865493,1.3278688524590163,4.002565274879145
"(60, 120)",1,10,0.03,20,0.08,2024-10-01,2026-01-31,1.7974347251208547,0.2941169795794649,0.16363152189556662,1.080782924459439,0.40827078566865493,1.3278688524590163,4.002565274879145
"(20, 60)",1,20,0.0,20,0.08,2024-12-01,2025-12-31,1.7822959700604184,0.25965579442935294,0.1456861255319737,1.1345538824626382,0.2849319412891449,1.0860655737704918,4.017704029939582
"(20, 60)",1,20,0.0,60,0.08,2024-12-01,2025-12-31,1.7822959700604184,0.25965579442935294,0.1456861255319737,1.1345538824626382,0.2849319412891449,1.0860655737704918,4.017704029939582
"(20, 60)",1,20,0.03,20,0.08,2024-12-01,2025-12-31,1.7822959700604184,0.25965579442935294,0.1456861255319737,1.1345538824626382,0.2849319412891449,1.0860655737704918,4.017704029939582
"(20, 60)",1,20,0.03,60,0.08,2024-12-01,2025-12-31,1.7822959700604184,0.25965579442935294,0.1456861255319737,1.1345538824626382,0.2849319412891449,1.0860655737704918,4.017704029939582
"(60,)",1,10,0.0,20,0.08,2024-12-01,2026-01-31,1.742364486965233,0.2811243961342489,0.16134649106852372,1.1030410036868656,0.33558080167932824,1.1680327868852458,4.057635513034767
"(60,)",1,10,0.03,20,0.08,2024-12-01,2026-01-31,1.742364486965233,0.2811243961342489,0.16134649106852372,1.1030410036868656,0.33558080167932824,1.1680327868852458,4.057635513034767
"(60, 120)",1,10,0.0,60,0.08,2024-10-01,2025-12-31,1.679746666678592,0.29308658243143837,0.17448260993484588,1.090806122511207,0.37745372070962935,1.2459016393442623,4.120253333321408
"(60, 120)",1,10,0.03,60,0.08,2024-10-01,2025-12-31,1.679746666678592,0.29308658243143837,0.17448260993484588,1.090806122511207,0.37745372070962935,1.2459016393442623,4.120253333321408
"(20, 60)",1,10,0.0,20,0.08,2025-01-01,2025-12-31,1.6783515657009656,0.24807062813618086,0.1478061171483901,0.9788198146683388,0.24693765486424812,0.9959016393442623,4.1216484342990345
"(20, 60)",1,10,0.0,20,0.1,2025-01-01,2025-12-31,1.6783515657009656,0.24807062813618086,0.1478061171483901,0.9788198146683388,0.24693765486424812,0.9959016393442623,4.1216484342990345
"(20, 60)",1,10,0.0,60,0.08,2025-01-01,2025-12-31,1.6783515657009656,0.24807062813618086,0.1478061171483901,0.9788198146683388,0.24693765486424812,0.9959016393442623,4.1216484342990345
"(20, 60)",1,10,0.0,60,0.1,2025-01-01,2025-12-31,1.6783515657009656,0.24807062813618086,0.1478061171483901,0.9788198146683388,0.24693765486424812,0.9959016393442623,4.1216484342990345
"(20, 60)",1,10,0.03,20,0.08,2025-01-01,2025-12-31,1.6783515657009656,0.24807062813618086,0.1478061171483901,0.9788198146683388,0.24693765486424812,0.9959016393442623,4.1216484342990345
"(20, 60)",1,10,0.03,20,0.1,2025-01-01,2025-12-31,1.6783515657009656,0.24807062813618086,0.1478061171483901,0.9788198146683388,0.24693765486424812,0.9959016393442623,4.1216484342990345
"(20, 60)",1,10,0.03,60,0.08,2025-01-01,2025-12-31,1.6783515657009656,0.24807062813618086,0.1478061171483901,0.9788198146683388,0.24693765486424812,0.9959016393442623,4.1216484342990345
"(20, 60)",1,10,0.03,60,0.1,2025-01-01,2025-12-31,1.6783515657009656,0.24807062813618086,0.1478061171483901,0.9788198146683388,0.24693765486424812,0.9959016393442623,4.1216484342990345
"(20, 60)",1,20,0.0,20,0.06,2025-01-01,,1.677724525115449,0.32944212463777234,0.19636246577196725,1.2686178226942915,0.5800907992590347,1.6065573770491803,4.122275474884551
"(20, 60)",1,20,0.0,60,0.06,2025-01-01,,1.677724525115449,0.32944212463777234,0.19636246577196725,1.2686178226942915,0.5800907992590347,1.6065573770491803,4.122275474884551
"(20, 60)",1,20,0.03,20,0.06,2025-01-01,,1.677724525115449,0.32944212463777234,0.19636246577196725,1.2686178226942915,0.5800907992590347,1.6065573770491803,4.122275474884551
"(20, 60)",1,20,0.03,60,0.06,2025-01-01,,1.677724525115449,0.32944212463777234,0.19636246577196725,1.2686178226942915,0.5800907992590347,1.6065573770491803,4.122275474884551
"(60,)",1,20,0.0,20,0.06,2025-01-01,2026-01-31,1.6459731772076005,0.2675496843568477,0.1625480220830492,1.4441752607694067,0.29116800927532327,1.0778688524590163,4.1540268227923995
"(60,)",1,20,0.03,20,0.06,2025-01-01,2026-01-31,1.6459731772076005,0.2675496843568477,0.1625480220830492,1.4441752607694067,0.29116800927532327,1.0778688524590163,4.1540268227923995
"(60,)",1,20,0.0,20,0.06,2025-01-01,2025-12-31,1.625776559033841,0.26426676401993654,0.1625480220830492,1.3903091944831212,0.26305234418831636,0.9959016393442623,4.174223440966159
"(60,)",1,20,0.03,20,0.06,2025-01-01,2025-12-31,1.625776559033841,0.26426676401993654,0.1625480220830492,1.3903091944831212,0.26305234418831636,0.9959016393442623,4.174223440966159
"(60,)",1,20,0.0,60,0.1,2025-01-01,2026-01-31,1.5807321873778941,0.3230591361862343,0.20437309922949198,1.1130119340884743,0.3522173165958047,1.0778688524590163,4.219267812622106
"(60,)",1,20,0.03,60,0.1,2025-01-01,2026-01-31,1.5807321873778941,0.3230591361862343,0.20437309922949198,1.1130119340884743,0.3522173165958047,1.0778688524590163,4.219267812622106
"(60,)",1,20,0.0,20,0.08,2025-01-01,2026-01-31,1.5253507281157335,0.2481866197899385,0.16270790396941925,1.2627932697635484,0.2699209817536832,1.0778688524590163,4.274649271884266
"(60,)",1,20,0.03,20,0.08,2025-01-01,2026-01-31,1.5253507281157335,0.2481866197899385,0.16270790396941925,1.2627932697635484,0.2699209817536832,1.0778688524590163,4.274649271884266
"(60,)",1,20,0.0,20,0.08,2025-01-01,2025-12-31,1.4957940274324142,0.24337751097350413,0.16270790396941925,1.2084736647228014,0.24226797861740734,0.9959016393442623,4.304205972567585
"(60,)",1,20,0.03,20,0.08,2025-01-01,2025-12-31,1.4957940274324142,0.24337751097350413,0.16270790396941925,1.2084736647228014,0.24226797861740734,0.9959016393442623,4.304205972567585
"(60, 120)",1,20,0.0,60,0.08,2024-10-01,2025-12-31,1.4812558946954224,0.20973498239564892,0.14159267358647365,0.893074230743903,0.2677216433681462,1.2459016393442623,4.318744105304577
"(60, 120)",1,20,0.03,60,0.08,2024-10-01,2025-12-31,1.4812558946954224,0.20973498239564892,0.14159267358647365,0.893074230743903,0.2677216433681462,1.2459016393442623,4.318744105304577
"(60,)",1,10,0.0,60,0.08,2025-01-01,2025-12-31,1.416430289360288,0.199171628888416,0.1406152003275567,0.8703301750440195,0.19827931041830715,0.9959016393442623,4.383569710639712
"(60,)",1,10,0.03,60,0.08,2025-01-01,2025-12-31,1.416430289360288,0.199171628888416,0.1406152003275567,0.8703301750440195,0.19827931041830715,0.9959016393442623,4.383569710639712
"(60,)",1,10,0.0,20,0.08,2024-12-01,2025-12-31,1.4163120583535285,0.22851698087338002,0.16134649106852372,1.012799844350504,0.250471519962008,1.0860655737704918,4.383687941646471
"(60,)",1,10,0.03,20,0.08,2024-12-01,2025-12-31,1.4163120583535285,0.22851698087338002,0.16134649106852372,1.012799844350504,0.250471519962008,1.0860655737704918,4.383687941646471
"(60, 120)",1,10,0.0,60,0.06,2024-12-01,2025-12-31,1.4065688362290183,0.18247722863662275,0.12973217089455813,0.7987270613844653,0.19965878604659837,1.0860655737704918,4.393431163770981
"(60, 120)",1,10,0.03,60,0.06,2024-12-01,2025-12-31,1.4065688362290183,0.18247722863662275,0.12973217089455813,0.7987270613844653,0.19965878604659837,1.0860655737704918,4.393431163770981
"(60, 120)",1,10,0.0,20,0.1,2024-10-01,2025-12-31,1.405344430056812,0.22995864787765385,0.16363152189556662,0.9252150243885299,0.2941801496207259,1.2459016393442623,4.394655569943188
"(60, 120)",1,10,0.03,20,0.1,2024-10-01,2025-12-31,1.405344430056812,0.22995864787765385,0.16363152189556662,0.9252150243885299,0.2941801496207259,1.2459016393442623,4.394655569943188
"(60, 120)",1,20,0.0,20,0.1,2024-12-01,2025-12-31,1.3971616002360914,0.16183986334572475,0.11583474905005775,0.7872200590528482,0.17693675189135094,1.0860655737704918,4.402838399763908
"(60, 120)",1,20,0.0,60,0.1,2024-12-01,2025-12-31,1.3971616002360914,0.16183986334572475,0.11583474905005775,0.7872200590528482,0.17693675189135094,1.0860655737704918,4.402838399763908
"(60, 120)",1,20,0.03,20,0.1,2024-12-01,2025-12-31,1.3971616002360914,0.16183986334572475,0.11583474905005775,0.7872200590528482,0.17693675189135094,1.0860655737704918,4.402838399763908
"(60, 120)",1,20,0.03,60,0.1,2024-12-01,2025-12-31,1.3971616002360914,0.16183986334572475,0.11583474905005775,0.7872200590528482,0.17693675189135094,1.0860655737704918,4.402838399763908
"(60, 120)",1,20,0.0,60,0.08,2025-01-01,2026-01-31,1.338444812594783,0.27686199137856393,0.20685349800999564,1.0061867486221014,0.30139540127406717,1.0778688524590163,4.461555187405217
"(60, 120)",1,20,0.03,60,0.08,2025-01-01,2026-01-31,1.338444812594783,0.27686199137856393,0.20685349800999564,1.0061867486221014,0.30139540127406717,1.0778688524590163,4.461555187405217
"(60, 120)",1,20,0.0,20,0.1,2025-01-01,2025-12-31,1.3177356907142421,0.21509674706084603,0.16323208711472237,0.9262288460330121,0.21412693082737588,0.9959016393442623,4.482264309285758
"(60, 120)",1,20,0.0,60,0.1,2025-01-01,2025-12-31,1.3177356907142421,0.21509674706084603,0.16323208711472237,0.9262288460330121,0.21412693082737588,0.9959016393442623,4.482264309285758
"(60, 120)",1,20,0.03,20,0.1,2025-01-01,2025-12-31,1.3177356907142421,0.21509674706084603,0.16323208711472237,0.9262288460330121,0.21412693082737588,0.9959016393442623,4.482264309285758
"(60, 120)",1,20,0.03,60,0.1,2025-01-01,2025-12-31,1.3177356907142421,0.21509674706084603,0.16323208711472237,0.9262288460330121,0.21412693082737588,0.9959016393442623,4.482264309285758
"(60, 120)",1,10,0.0,60,0.08,2024-12-01,2025-12-31,1.2935791962485932,0.18059887136133157,0.13961176237610506,0.8011546623172641,0.19758926665935217,1.0860655737704918,4.506420803751407
"(60, 120)",1,10,0.0,60,0.1,2024-12-01,2025-12-31,1.2935791962485932,0.18059887136133157,0.13961176237610506,0.8011546623172641,0.19758926665935217,1.0860655737704918,4.506420803751407
"(60, 120)",1,10,0.03,60,0.08,2024-12-01,2025-12-31,1.2935791962485932,0.18059887136133157,0.13961176237610506,0.8011546623172641,0.19758926665935217,1.0860655737704918,4.506420803751407
"(60, 120)",1,10,0.03,60,0.1,2024-12-01,2025-12-31,1.2935791962485932,0.18059887136133157,0.13961176237610506,0.8011546623172641,0.19758926665935217,1.0860655737704918,4.506420803751407
"(20, 60)",1,20,0.0,20,0.1,2024-12-01,2025-12-31,1.2860097297377198,0.20991805223492777,0.16323208711472215,0.9924563312311326,0.2299243377729705,1.0860655737704918,4.51399027026228
"(20, 60)",1,20,0.0,60,0.1,2024-12-01,2025-12-31,1.2860097297377198,0.20991805223492777,0.16323208711472215,0.9924563312311326,0.2299243377729705,1.0860655737704918,4.51399027026228
"(20, 60)",1,20,0.03,20,0.1,2024-12-01,2025-12-31,1.2860097297377198,0.20991805223492777,0.16323208711472215,0.9924563312311326,0.2299243377729705,1.0860655737704918,4.51399027026228
"(20, 60)",1,20,0.03,60,0.1,2024-12-01,2025-12-31,1.2860097297377198,0.20991805223492777,0.16323208711472215,0.9924563312311326,0.2299243377729705,1.0860655737704918,4.51399027026228
"(60, 120)",1,20,0.0,20,0.08,2024-12-01,2025-12-31,1.2816851719267104,0.15143662670146196,0.11815430966858487,0.7474989295097817,0.16549576354356588,1.0860655737704918,4.518314828073289
"(60, 120)",1,20,0.0,60,0.08,2024-12-01,2025-12-31,1.2816851719267104,0.15143662670146196,0.11815430966858487,0.7474989295097817,0.16549576354356588,1.0860655737704918,4.518314828073289
"(60, 120)",1,20,0.03,20,0.08,2024-12-01,2025-12-31,1.2816851719267104,0.15143662670146196,0.11815430966858487,0.7474989295097817,0.16549576354356588,1.0860655737704918,4.518314828073289
"(60, 120)",1,20,0.03,60,0.08,2024-12-01,2025-12-31,1.2816851719267104,0.15143662670146196,0.11815430966858487,0.7474989295097817,0.16549576354356588,1.0860655737704918,4.518314828073289
"(20, 60)",1,20,0.0,20,0.08,2024-10-01,2025-12-31,1.2715119529776762,0.18221548402327015,0.14330615107199807,0.7998760430318271,0.23189265823256733,1.2459016393442623,4.528488047022323
"(20, 60)",1,20,0.03,20,0.08,2024-10-01,2025-12-31,1.2715119529776762,0.18221548402327015,0.14330615107199807,0.7998760430318271,0.23189265823256733,1.2459016393442623,4.528488047022323
"(60,)",1,20,0.0,20,0.1,2024-12-01,2026-01-31,1.2618932454671565,0.25789703347288473,0.20437309922949187,0.9486157240700741,0.307340560858941,1.1680327868852458,4.538106754532843
"(60,)",1,20,0.03,20,0.1,2024-12-01,2026-01-31,1.2618932454671565,0.25789703347288473,0.20437309922949187,0.9486157240700741,0.307340560858941,1.1680327868852458,4.538106754532843
"(60,)",1,20,0.0,20,0.06,2025-01-01,,1.2443710208717371,0.20227004818016558,0.1625480220830492,1.09725138623922,0.3443979696600823,1.6065573770491803,4.5556289791282625
"(60,)",1,20,0.03,20,0.06,2025-01-01,,1.2443710208717371,0.20227004818016558,0.1625480220830492,1.09725138623922,0.3443979696600823,1.6065573770491803,4.5556289791282625
"(60, 120)",1,20,0.0,60,0.06,2025-01-01,,1.2133023283108255,0.2577841610224527,0.21246490261115958,1.0697530952465941,0.44551615349497053,1.6065573770491803,4.5866976716891745
"(60, 120)",1,20,0.03,60,0.06,2025-01-01,,1.2133023283108255,0.2577841610224527,0.21246490261115958,1.0697530952465941,0.44551615349497053,1.6065573770491803,4.5866976716891745
"(60,)",1,10,0.0,60,0.08,2024-12-01,2026-01-31,1.1902746055738425,0.2683969068721881,0.2254915845598432,1.0156516781157516,0.320095738180459,1.1680327868852458,4.609725394426158
"(60,)",1,10,0.03,60,0.08,2024-12-01,2026-01-31,1.1902746055738425,0.2683969068721881,0.2254915845598432,1.0156516781157516,0.320095738180459,1.1680327868852458,4.609725394426158
"(60,)",1,10,0.0,60,0.1,2025-01-01,2026-01-31,1.1880715663605703,0.2961556031543833,0.24927421170561237,1.01337510893898,0.32260336693071334,1.0778688524590163,4.611928433639429
"(60,)",1,10,0.03,60,0.1,2025-01-01,2026-01-31,1.1880715663605703,0.2961556031543833,0.24927421170561237,1.01337510893898,0.32260336693071334,1.0778688524590163,4.611928433639429
"(60,)",1,10,0.0,60,0.06,2024-12-01,2026-01-31,1.1608495994673957,0.20923169610201953,0.18024014152911472,0.8930895708830866,0.24845768562489323,1.1680327868852458,4.639150400532604
"(60,)",1,10,0.03,60,0.06,2024-12-01,2026-01-31,1.1608495994673957,0.20923169610201953,0.18024014152911472,0.8930895708830866,0.24845768562489323,1.1680327868852458,4.639150400532604
"(60,)",1,20,0.0,20,0.1,2025-01-01,2025-12-31,1.1320941368437418,0.23136958736629198,0.20437309922949187,0.9500760423888642,0.2303197019907688,0.9959016393442623,4.667905863156258
"(60,)",1,20,0.03,20,0.1,2025-01-01,2025-12-31,1.1320941368437418,0.23136958736629198,0.20437309922949187,0.9500760423888642,0.2303197019907688,0.9959016393442623,4.667905863156258
"(60, 120)",1,20,0.0,20,0.06,2025-01-01,,1.1059372703028063,0.22963234268796628,0.20763595626458342,0.9854340674992231,0.3938920296624011,1.6065573770491803,4.694062729697194
"(60, 120)",1,20,0.03,20,0.06,2025-01-01,,1.1059372703028063,0.22963234268796628,0.20763595626458342,0.9854340674992231,0.3938920296624011,1.6065573770491803,4.694062729697194
"(60,)",1,10,0.0,20,0.1,2025-01-01,2026-01-31,1.0955330136111772,0.27308812836539986,0.24927421170561215,0.9565567003393992,0.2972499927318857,1.0778688524590163,4.704466986388823
"(60,)",1,10,0.03,20,0.1,2025-01-01,2026-01-31,1.0955330136111772,0.27308812836539986,0.24927421170561215,0.9565567003393992,0.2972499927318857,1.0778688524590163,4.704466986388823
"(60, 120)",1,10,0.0,20,0.08,2024-10-01,2025-12-31,1.083547903191112,0.17730259244591173,0.16363152189556662,0.7758539010469714,0.22551773480978254,1.2459016393442623,4.716452096808888
"(60, 120)",1,10,0.03,20,0.08,2024-10-01,2025-12-31,1.083547903191112,0.17730259244591173,0.16363152189556662,0.7758539010469714,0.22551773480978254,1.2459016393442623,4.716452096808888
"(20, 60)",1,20,0.0,20,0.06,2024-12-01,2026-01-31,1.0720691866695278,0.19241229959098582,0.1794775019966115,0.8557922969604895,0.2281985942637157,1.1680327868852458,4.727930813330472
"(20, 60)",1,20,0.0,60,0.06,2024-12-01,2026-01-31,1.0720691866695278,0.19241229959098582,0.1794775019966115,0.8557922969604895,0.2281985942637157,1.1680327868852458,4.727930813330472
"(20, 60)",1,20,0.03,20,0.06,2024-12-01,2026-01-31,1.0720691866695278,0.19241229959098582,0.1794775019966115,0.8557922969604895,0.2281985942637157,1.1680327868852458,4.727930813330472
"(20, 60)",1,20,0.03,60,0.06,2024-12-01,2026-01-31,1.0720691866695278,0.19241229959098582,0.1794775019966115,0.8557922969604895,0.2281985942637157,1.1680327868852458,4.727930813330472
"(60,)",1,20,0.0,60,0.08,2024-12-01,2025-12-31,1.0637068901828193,0.17979757146690423,0.1690292439828066,0.8715703150212034,0.1967065039538689,1.0860655737704918,4.736293109817181
"(60,)",1,20,0.03,60,0.08,2024-12-01,2025-12-31,1.0637068901828193,0.17979757146690423,0.1690292439828066,0.8715703150212034,0.1967065039538689,1.0860655737704918,4.736293109817181
"(60, 120)",1,10,0.0,20,0.06,2024-12-01,2025-12-31,0.9878519568401516,0.12815617888330988,0.1297321708945578,0.6073119157258261,0.1399253556138469,1.0860655737704918,4.812148043159848
"(60, 120)",1,10,0.03,20,0.06,2024-12-01,2025-12-31,0.9878519568401516,0.12815617888330988,0.1297321708945578,0.6073119157258261,0.1399253556138469,1.0860655737704918,4.812148043159848
"(60,)",1,20,0.0,20,0.08,2025-01-01,,0.9459545550387691,0.15391428290068276,0.16270790396941925,0.8278966751013699,0.25859317912672997,1.6065573770491803,4.854045444961231
"(60,)",1,20,0.03,20,0.08,2025-01-01,,0.9459545550387691,0.15391428290068276,0.16270790396941925,0.8278966751013699,0.25859317912672997,1.6065573770491803,4.854045444961231
"(60,)",1,10,0.0,20,0.06,2025-01-01,2026-01-31,0.9375903032166533,0.16899140894809506,0.1802401415291146,0.7358575702038979,0.18329140270278388,1.0778688524590163,4.862409696783347
"(60,)",1,10,0.03,20,0.06,2025-01-01,2026-01-31,0.9375903032166533,0.16899140894809506,0.1802401415291146,0.7358575702038979,0.18329140270278388,1.0778688524590163,4.862409696783347
"(60, 120)",1,10,0.0,20,0.06,2025-01-01,,0.9319565368835268,0.2605036831700147,0.2795234250313239,0.9975957650041639,0.4505406237160676,1.6065573770491803,4.868043463116473
"(60, 120)",1,10,0.03,20,0.06,2025-01-01,,0.9319565368835268,0.2605036831700147,0.2795234250313239,0.9975957650041639,0.4505406237160676,1.6065573770491803,4.868043463116473
"(60, 120)",1,20,0.0,20,0.08,2024-10-01,2025-12-31,0.9180236807209351,0.11063284228235415,0.12051197001309688,0.5705524262483277,0.13966280709122603,1.2459016393442623,4.881976319279064
"(60, 120)",1,20,0.03,20,0.08,2024-10-01,2025-12-31,0.9180236807209351,0.11063284228235415,0.12051197001309688,0.5705524262483277,0.13966280709122603,1.2459016393442623,4.881976319279064
"(60,)",1,20,0.0,20,0.08,2024-12-01,2026-01-31,0.9063625911352602,0.14747235743990972,0.16270790396941903,0.7722417005690977,0.1743049349168666,1.1680327868852458,4.893637408864739
"(60,)",1,20,0.03,20,0.08,2024-12-01,2026-01-31,0.9063625911352602,0.14747235743990972,0.16270790396941903,0.7722417005690977,0.1743049349168666,1.1680327868852458,4.893637408864739
"(60, 120)",1,10,0.0,20,0.08,2024-12-01,2025-12-31,0.9051107735228207,0.12636411023712069,0.13961176237610506,0.6067185339278305,0.1379588817707027,1.0860655737704918,4.894889226477179
"(60, 120)",1,10,0.0,20,0.1,2024-12-01,2025-12-31,0.9051107735228207,0.12636411023712069,0.13961176237610506,0.6067185339278305,0.1379588817707027,1.0860655737704918,4.894889226477179
"(60, 120)",1,10,0.03,20,0.08,2024-12-01,2025-12-31,0.9051107735228207,0.12636411023712069,0.13961176237610506,0.6067185339278305,0.1379588817707027,1.0860655737704918,4.894889226477179
"(60, 120)",1,10,0.03,20,0.1,2024-12-01,2025-12-31,0.9051107735228207,0.12636411023712069,0.13961176237610506,0.6067185339278305,0.1379588817707027,1.0860655737704918,4.894889226477179
"(60,)",1,20,0.0,60,0.1,2024-12-01,2026-01-31,0.9004069701842665,0.18401896306439514,0.20437309922949176,0.7277175364987154,0.2181066602267867,1.1680327868852458,4.899593029815733
"(60,)",1,20,0.03,60,0.1,2024-12-01,2026-01-31,0.9004069701842665,0.18401896306439514,0.20437309922949176,0.7277175364987154,0.2181066602267867,1.1680327868852458,4.899593029815733
"(20, 60)",1,10,0.0,20,0.08,2024-10-01,2026-01-31,0.8982067012414626,0.163339246050197,0.1818503979367294,0.6740128040850739,0.22250165245143272,1.3278688524590163,4.9017932987585375
"(20, 60)",1,10,0.0,20,0.1,2024-10-01,2026-01-31,0.8982067012414626,0.163339246050197,0.1818503979367294,0.6740128040850739,0.22250165245143272,1.3278688524590163,4.9017932987585375
"(20, 60)",1,10,0.03,20,0.08,2024-10-01,2026-01-31,0.8982067012414626,0.163339246050197,0.1818503979367294,0.6740128040850739,0.22250165245143272,1.3278688524590163,4.9017932987585375
"(20, 60)",1,10,0.03,20,0.1,2024-10-01,2026-01-31,0.8982067012414626,0.163339246050197,0.1818503979367294,0.6740128040850739,0.22250165245143272,1.3278688524590163,4.9017932987585375
"(20, 60)",1,10,0.0,60,0.08,2024-10-01,2026-01-31,0.8960003538207065,0.16312079862204842,0.18205439085651254,0.6688885221591214,0.2221968406164141,1.3278688524590163,4.903999646179293
"(20, 60)",1,10,0.0,60,0.1,2024-10-01,2026-01-31,0.8960003538207065,0.16312079862204842,0.18205439085651254,0.6688885221591214,0.2221968406164141,1.3278688524590163,4.903999646179293
"(20, 60)",1,10,0.03,60,0.08,2024-10-01,2026-01-31,0.8960003538207065,0.16312079862204842,0.18205439085651254,0.6688885221591214,0.2221968406164141,1.3278688524590163,4.903999646179293
"(20, 60)",1,10,0.03,60,0.1,2024-10-01,2026-01-31,0.8960003538207065,0.16312079862204842,0.18205439085651254,0.6688885221591214,0.2221968406164141,1.3278688524590163,4.903999646179293
"(60,)",1,10,0.0,20,0.06,2024-12-01,2026-01-31,0.8723547834694912,0.15723334963614133,0.18024014152911472,0.7239831521700996,0.18598101857008564,1.1680327868852458,4.927645216530508
"(60,)",1,10,0.03,20,0.06,2024-12-01,2026-01-31,0.8723547834694912,0.15723334963614133,0.18024014152911472,0.7239831521700996,0.18598101857008564,1.1680327868852458,4.927645216530508
"(60,)",1,20,0.0,60,0.1,2025-01-01,2025-12-31,0.8686405704291923,0.17752676549508783,0.20437309922949198,0.7504992859962648,0.17673839411375747,0.9959016393442623,4.931359429570808
"(60,)",1,20,0.03,60,0.1,2025-01-01,2025-12-31,0.8686405704291923,0.17752676549508783,0.20437309922949198,0.7504992859962648,0.17673839411375747,0.9959016393442623,4.931359429570808
"(60,)",1,10,0.0,60,0.08,2024-12-01,2025-12-31,0.8541708713099977,0.1926083432565533,0.2254915845598432,0.8531020824569917,0.21082582175157283,1.0860655737704918,4.9458291286900025
"(60,)",1,10,0.03,60,0.08,2024-12-01,2025-12-31,0.8541708713099977,0.1926083432565533,0.2254915845598432,0.8531020824569917,0.21082582175157283,1.0860655737704918,4.9458291286900025
"(60,)",1,20,0.0,60,0.06,2025-01-01,2026-01-31,0.8386151491400847,0.18529629927775315,0.2209551061267565,0.8430547624453729,0.20109054068527255,1.0778688524590163,4.961384850859915
"(60,)",1,20,0.03,60,0.06,2025-01-01,2026-01-31,0.8386151491400847,0.18529629927775315,0.2209551061267565,0.8430547624453729,0.20109054068527255,1.0778688524590163,4.961384850859915
"(60,)",1,20,0.0,20,0.08,2024-12-01,2025-12-31,0.8369636250537834,0.13618059713114783,0.16270790396941903,0.708290071472077,0.1487340068711256,1.0860655737704918,4.963036374946216
"(60,)",1,20,0.03,20,0.08,2024-12-01,2025-12-31,0.8369636250537834,0.13618059713114783,0.16270790396941903,0.708290071472077,0.1487340068711256,1.0860655737704918,4.963036374946216
"(60,)",1,10,0.0,60,0.06,2025-01-01,2026-01-31,0.8293688208063698,0.14948555364197524,0.18024014152911494,0.6693438116987477,0.16202335557364322,1.0778688524590163,4.97063117919363
"(60,)",1,10,0.03,60,0.06,2025-01-01,2026-01-31,0.8293688208063698,0.14948555364197524,0.18024014152911494,0.6693438116987477,0.16202335557364322,1.0778688524590163,4.97063117919363
"(60, 120)",1,20,0.0,60,0.06,2024-12-01,,0.7979217531010816,0.16953036756394746,0.21246490261116013,0.7966641695162255,0.30435728038037735,1.6967213114754098,5.002078246898918
"(60, 120)",1,20,0.03,60,0.06,2024-12-01,,0.7979217531010816,0.16953036756394746,0.21246490261116013,0.7966641695162255,0.30435728038037735,1.6967213114754098,5.002078246898918
"(60, 120)",1,20,0.0,60,0.06,2024-10-01,2026-01-31,0.7798952241082621,0.14271806235878493,0.1829964563790858,0.6656375226709292,0.19381083369654672,1.3278688524590163,5.020104775891737
"(60, 120)",1,20,0.03,60,0.06,2024-10-01,2026-01-31,0.7798952241082621,0.14271806235878493,0.1829964563790858,0.6656375226709292,0.19381083369654672,1.3278688524590163,5.020104775891737
"(60, 120)",1,10,0.0,60,0.06,2025-01-01,,0.7769437438681944,0.2205782406049681,0.283905034754213,0.8580140042344052,0.3774398430346726,1.6065573770491803,5.023056256131805
"(60, 120)",1,10,0.03,60,0.06,2025-01-01,,0.7769437438681944,0.2205782406049681,0.283905034754213,0.8580140042344052,0.3774398430346726,1.6065573770491803,5.023056256131805
"(20, 60)",1,20,0.0,60,0.1,2024-10-01,2026-01-31,0.7710117505202553,0.1539506616871842,0.19967356085468602,0.6716215155380749,0.20941819968053355,1.3278688524590163,5.028988249479744
"(20, 60)",1,20,0.03,60,0.1,2024-10-01,2026-01-31,0.7710117505202553,0.1539506616871842,0.19967356085468602,0.6716215155380749,0.20941819968053355,1.3278688524590163,5.028988249479744
"(20, 60)",1,10,0.0,20,0.06,2025-01-01,2026-01-31,0.7523742603855237,0.14042248665610302,0.18663914231216416,0.6083908704803118,0.15215104547848068,1.0778688524590163,5.047625739614476
"(20, 60)",1,10,0.0,60,0.06,2025-01-01,2026-01-31,0.7523742603855237,0.14042248665610302,0.18663914231216416,0.6083908704803118,0.15215104547848068,1.0778688524590163,5.047625739614476
"(20, 60)",1,10,0.03,20,0.06,2025-01-01,2026-01-31,0.7523742603855237,0.14042248665610302,0.18663914231216416,0.6083908704803118,0.15215104547848068,1.0778688524590163,5.047625739614476
"(20, 60)",1,10,0.03,60,0.06,2025-01-01,2026-01-31,0.7523742603855237,0.14042248665610302,0.18663914231216416,0.6083908704803118,0.15215104547848068,1.0778688524590163,5.047625739614476
"(60, 120)",1,20,0.0,20,0.06,2024-12-01,,0.697037355293605,0.1447300178185238,0.2076359562645833,0.7096573290899606,0.25777440297602183,1.6967213114754098,5.102962644706395
"(60, 120)",1,20,0.03,20,0.06,2024-12-01,,0.697037355293605,0.1447300178185238,0.2076359562645833,0.7096573290899606,0.25777440297602183,1.6967213114754098,5.102962644706395
"(60,)",1,10,0.0,20,0.06,2025-01-01,,0.6664417303595694,0.12011955180091682,0.1802401415291146,0.5695267495493229,0.19990275318589856,1.6065573770491803,5.133558269640431
"(60,)",1,10,0.03,20,0.06,2025-01-01,,0.6664417303595694,0.12011955180091682,0.1802401415291146,0.5695267495493229,0.19990275318589856,1.6065573770491803,5.133558269640431
"(20, 60)",1,10,0.0,20,0.08,2024-12-01,,0.6600328333839068,0.22478301219249985,0.34056337930957936,0.8277107314015737,0.41062586696142755,1.6967213114754098,5.139967166616093
"(20, 60)",1,10,0.03,20,0.08,2024-12-01,,0.6600328333839068,0.22478301219249985,0.34056337930957936,0.8277107314015737,0.41062586696142755,1.6967213114754098,5.139967166616093
"(20, 60)",1,10,0.0,60,0.08,2024-12-01,,0.6591122968930748,0.22446951117440417,0.34056337930957914,0.8249581564181404,0.4100132860894179,1.6967213114754098,5.140887703106925
"(20, 60)",1,10,0.03,60,0.08,2024-12-01,,0.6591122968930748,0.22446951117440417,0.34056337930957914,0.8249581564181404,0.4100132860894179,1.6967213114754098,5.140887703106925
"(20, 60)",1,20,0.0,20,0.06,2024-12-01,,0.6505562316318172,0.12774482576654256,0.19636246577196703,0.6245526220366415,0.2262732377720249,1.6967213114754098,5.149443768368183
"(20, 60)",1,20,0.0,60,0.06,2024-12-01,,0.6505562316318172,0.12774482576654256,0.19636246577196703,0.6245526220366415,0.2262732377720249,1.6967213114754098,5.149443768368183
"(20, 60)",1,20,0.03,20,0.06,2024-12-01,,0.6505562316318172,0.12774482576654256,0.19636246577196703,0.6245526220366415,0.2262732377720249,1.6967213114754098,5.149443768368183
"(20, 60)",1,20,0.03,60,0.06,2024-12-01,,0.6505562316318172,0.12774482576654256,0.19636246577196703,0.6245526220366415,0.2262732377720249,1.6967213114754098,5.149443768368183
"(60,)",1,10,0.0,60,0.1,2024-12-01,,0.6414337107506229,0.2122632276403913,0.3309199751787214,0.7636921693972263,0.3862472431424522,1.6967213114754098,5.158566289249377
"(60,)",1,10,0.03,60,0.1,2024-12-01,,0.6414337107506229,0.2122632276403913,0.3309199751787214,0.7636921693972263,0.3862472431424522,1.6967213114754098,5.158566289249377
"(60,)",1,10,0.0,20,0.06,2024-12-01,,0.6373644492809561,0.11487865854402579,0.18024014152911472,0.5635214173455811,0.20263012657576218,1.6967213114754098,5.162635550719044
"(60,)",1,10,0.03,20,0.06,2024-12-01,,0.6373644492809561,0.11487865854402579,0.18024014152911472,0.5635214173455811,0.20263012657576218,1.6967213114754098,5.162635550719044
"(60,)",1,20,0.0,20,0.1,2024-12-01,2025-12-31,0.6170813064475393,0.12611481907526745,0.20437309922949187,0.5854402385427139,0.13768535076731037,1.0860655737704918,5.182918693552461
"(60,)",1,20,0.03,20,0.1,2024-12-01,2025-12-31,0.6170813064475393,0.12611481907526745,0.20437309922949187,0.5854402385427139,0.13768535076731037,1.0860655737704918,5.182918693552461
"(60,)",1,10,0.0,60,0.1,2025-01-01,2025-12-31,0.6083005520442575,0.1516336405909211,0.24927421170561237,0.6471115742736289,0.1509674835178232,0.9959016393442623,5.191699447955743
"(60,)",1,10,0.03,60,0.1,2025-01-01,2025-12-31,0.6083005520442575,0.1516336405909211,0.24927421170561237,0.6471115742736289,0.1509674835178232,0.9959016393442623,5.191699447955743
"(20, 60)",1,20,0.0,20,0.08,2025-01-01,,0.5834063375622008,0.186365326457534,0.3194434384039655,0.7881756232300842,0.3159403105864982,1.6065573770491803,5.216593662437799
"(20, 60)",1,20,0.0,60,0.08,2025-01-01,,0.5834063375622008,0.186365326457534,0.3194434384039655,0.7881756232300842,0.3159403105864982,1.6065573770491803,5.216593662437799
"(20, 60)",1,20,0.03,20,0.08,2025-01-01,,0.5834063375622008,0.186365326457534,0.3194434384039655,0.7881756232300842,0.3159403105864982,1.6065573770491803,5.216593662437799
"(20, 60)",1,20,0.03,60,0.08,2025-01-01,,0.5834063375622008,0.186365326457534,0.3194434384039655,0.7881756232300842,0.3159403105864982,1.6065573770491803,5.216593662437799
"(60, 120)",1,10,0.0,60,0.08,2025-01-01,,0.5804750615602807,0.17107895042633614,0.29472230894206997,0.6805351365355862,0.2888062250947141,1.6065573770491803,5.219524938439719
"(60, 120)",1,10,0.03,60,0.08,2025-01-01,,0.5804750615602807,0.17107895042633614,0.29472230894206997,0.6805351365355862,0.2888062250947141,1.6065573770491803,5.219524938439719
"(60,)",1,20,0.0,20,0.08,2024-12-01,,0.5748764809760074,0.09353694726092177,0.16270790396941903,0.5363648169152369,0.16383003551940645,1.6967213114754098,5.225123519023993
"(60,)",1,20,0.03,20,0.08,2024-12-01,,0.5748764809760074,0.09353694726092177,0.16270790396941903,0.5363648169152369,0.16383003551940645,1.6967213114754098,5.225123519023993
"(60,)",1,20,0.0,20,0.1,2024-10-01,2026-01-31,0.5583210068537364,0.0966760299620375,0.17315492122861098,0.480743363048752,0.1303652405660798,1.3278688524590163,5.241678993146263
"(60,)",1,20,0.03,20,0.1,2024-10-01,2026-01-31,0.5583210068537364,0.0966760299620375,0.17315492122861098,0.480743363048752,0.1303652405660798,1.3278688524590163,5.241678993146263
"(60,)",1,10,0.0,20,0.1,2025-01-01,2025-12-31,0.5193785062053509,0.12946766771117724,0.24927421170561215,0.5788840301246088,0.1289042482124203,0.9959016393442623,5.280621493794649
"(60,)",1,10,0.03,20,0.1,2025-01-01,2025-12-31,0.5193785062053509,0.12946766771117724,0.24927421170561215,0.5788840301246088,0.1289042482124203,0.9959016393442623,5.280621493794649
"(60, 120)",1,10,0.0,20,0.08,2025-01-01,,0.5120986833539429,0.15758798534255636,0.3077297217607521,0.6457242810519055,0.26503681507984767,1.6065573770491803,5.287901316646057
"(60, 120)",1,10,0.03,20,0.08,2025-01-01,,0.5120986833539429,0.15758798534255636,0.3077297217607521,0.6457242810519055,0.26503681507984767,1.6065573770491803,5.287901316646057
"(60,)",1,10,0.0,60,0.06,2024-12-01,,0.4867722187418401,0.08773589359847045,0.18024014152911472,0.4549238061535673,0.15337393508918584,1.6967213114754098,5.31322778125816
"(60,)",1,10,0.03,60,0.06,2024-12-01,,0.4867722187418401,0.08773589359847045,0.18024014152911472,0.4549238061535673,0.15337393508918584,1.6967213114754098,5.31322778125816
"(60,)",1,10,0.0,60,0.1,2024-10-01,2026-01-31,0.4787119680646822,0.11933054847336577,0.24927421170561204,0.5352145832693606,0.16147609765711413,1.3278688524590163,5.3212880319353175
"(60,)",1,10,0.03,60,0.1,2024-10-01,2026-01-31,0.4787119680646822,0.11933054847336577,0.24927421170561204,0.5352145832693606,0.16147609765711413,1.3278688524590163,5.3212880319353175
"(60, 120)",1,10,0.0,60,0.08,2024-10-01,,0.4769500719053882,0.14056782644204224,0.29472230894206985,0.5872482147606813,0.27658174733807517,1.8565573770491803,5.323049928094612
"(60, 120)",1,10,0.03,60,0.08,2024-10-01,,0.4769500719053882,0.14056782644204224,0.29472230894206985,0.5872482147606813,0.27658174733807517,1.8565573770491803,5.323049928094612
"(60, 120)",1,20,0.0,60,0.08,2025-01-01,2025-12-31,0.470508109854337,0.0973262483654409,0.20685349800999564,0.4916428462984608,0.09690863988874443,0.9959016393442623,5.329491890145663
"(60, 120)",1,20,0.03,60,0.08,2025-01-01,2025-12-31,0.470508109854337,0.0973262483654409,0.20685349800999564,0.4916428462984608,0.09690863988874443,0.9959016393442623,5.329491890145663
"(60,)",1,20,0.0,60,0.1,2024-10-01,2026-01-31,0.45103852556809326,0.09944273471610021,0.2204750350113659,0.48516311804419154,0.13415348434069707,1.3278688524590163,5.348961474431906
"(60,)",1,20,0.03,60,0.1,2024-10-01,2026-01-31,0.45103852556809326,0.09944273471610021,0.2204750350113659,0.48516311804419154,0.13415348434069707,1.3278688524590163,5.348961474431906
"(60,)",1,20,0.0,20,0.06,2024-12-01,,0.4346197179375373,0.07064657550903952,0.16254802208304941,0.46017698327801027,0.12279695034307037,1.6967213114754098,5.365380282062462
"(60,)",1,20,0.03,20,0.06,2024-12-01,,0.4346197179375373,0.07064657550903952,0.16254802208304941,0.46017698327801027,0.12279695034307037,1.6967213114754098,5.365380282062462
"(20, 60)",1,20,0.0,20,0.1,2025-01-01,,0.4215065765776564,0.14907029310566688,0.3536606577197803,0.6302208089236412,0.25011587594160956,1.6065573770491803,5.378493423422343
"(20, 60)",1,20,0.0,60,0.1,2025-01-01,,0.4215065765776564,0.14907029310566688,0.3536606577197803,0.6302208089236412,0.25011587594160956,1.6065573770491803,5.378493423422343
"(20, 60)",1,20,0.03,20,0.1,2025-01-01,,0.4215065765776564,0.14907029310566688,0.3536606577197803,0.6302208089236412,0.25011587594160956,1.6065573770491803,5.378493423422343
"(20, 60)",1,20,0.03,60,0.1,2025-01-01,,0.4215065765776564,0.14907029310566688,0.3536606577197803,0.6302208089236412,0.25011587594160956,1.6065573770491803,5.378493423422343
"(20, 60)",1,20,0.0,20,0.1,2024-10-01,2026-01-31,0.42126977573309127,0.08411643620108133,0.19967356085468602,0.4380973847215002,0.1132077810646519,1.3278688524590163,5.378730224266908
"(20, 60)",1,20,0.03,20,0.1,2024-10-01,2026-01-31,0.42126977573309127,0.08411643620108133,0.19967356085468602,0.4380973847215002,0.1132077810646519,1.3278688524590163,5.378730224266908
"(60,)",1,20,0.0,60,0.08,2025-01-01,,0.41935808332474256,0.13396118805975266,0.31944343840396605,0.6568500728000065,0.2238131779779915,1.6065573770491803,5.380641916675257
"(60,)",1,20,0.03,60,0.08,2025-01-01,,0.41935808332474256,0.13396118805975266,0.31944343840396605,0.6568500728000065,0.2238131779779915,1.6065573770491803,5.380641916675257
"(60,)",1,20,0.0,20,0.06,2024-12-01,2026-01-31,0.4103637356885258,0.06670381357078115,0.16254802208304941,0.4498482810416132,0.07834103882305898,1.1680327868852458,5.389636264311474
"(60,)",1,20,0.03,20,0.06,2024-12-01,2026-01-31,0.4103637356885258,0.06670381357078115,0.16254802208304941,0.4498482810416132,0.07834103882305898,1.1680327868852458,5.389636264311474
"(20, 60)",1,20,0.0,20,0.06,2024-10-01,2026-01-31,0.40931683814792164,0.09582988160397354,0.23412152316426793,0.4934254748067393,0.12920729752174842,1.3278688524590163,5.3906831618520785
"(20, 60)",1,20,0.0,60,0.06,2024-10-01,2026-01-31,0.40931683814792164,0.09582988160397354,0.23412152316426793,0.4934254748067393,0.12920729752174842,1.3278688524590163,5.3906831618520785
"(20, 60)",1,20,0.03,20,0.06,2024-10-01,2026-01-31,0.40931683814792164,0.09582988160397354,0.23412152316426793,0.4934254748067393,0.12920729752174842,1.3278688524590163,5.3906831618520785
"(20, 60)",1,20,0.03,60,0.06,2024-10-01,2026-01-31,0.40931683814792164,0.09582988160397354,0.23412152316426793,0.4934254748067393,0.12920729752174842,1.3278688524590163,5.3906831618520785
"(60,)",1,20,0.0,60,0.06,2024-12-01,2026-01-31,0.40843095639166593,0.0902449053149732,0.2209551061267565,0.495110046890252,0.1061890095893423,1.1680327868852458,5.3915690436083334
"(60,)",1,20,0.03,60,0.06,2024-12-01,2026-01-31,0.40843095639166593,0.0902449053149732,0.2209551061267565,0.495110046890252,0.1061890095893423,1.1680327868852458,5.3915690436083334
"(60,)",1,10,0.0,60,0.06,2024-12-01,2025-12-31,0.4061132913500304,0.07319791710978407,0.18024014152911472,0.43790390178144484,0.0797427522025227,1.0860655737704918,5.393886708649969
"(60,)",1,10,0.03,60,0.06,2024-12-01,2025-12-31,0.4061132913500304,0.07319791710978407,0.18024014152911472,0.43790390178144484,0.0797427522025227,1.0860655737704918,5.393886708649969
"(60,)",1,10,0.0,20,0.1,2024-12-01,,0.3397486291125356,0.12799092980288562,0.3767224319262549,0.5494564947713441,0.22672732435754228,1.6967213114754098,5.460251370887464
"(60,)",1,10,0.03,20,0.1,2024-12-01,,0.3397486291125356,0.12799092980288562,0.3767224319262549,0.5494564947713441,0.22672732435754228,1.6967213114754098,5.460251370887464
"(60, 120)",1,20,0.0,20,0.06,2024-10-01,2026-01-31,0.3367824263946401,0.06840402892533404,0.2031104462831398,0.3919483855951447,0.09183496500446453,1.3278688524590163,5.46321757360536
"(60, 120)",1,20,0.03,20,0.06,2024-10-01,2026-01-31,0.3367824263946401,0.06840402892533404,0.2031104462831398,0.3919483855951447,0.09183496500446453,1.3278688524590163,5.46321757360536
"(20, 60)",1,20,0.0,60,0.08,2024-10-01,,0.3359887839084009,0.10732941239686689,0.3194434384039665,0.5272944419025083,0.20837709841815766,1.8565573770491803,5.464011216091599
"(20, 60)",1,20,0.03,60,0.08,2024-10-01,,0.3359887839084009,0.10732941239686689,0.3194434384039665,0.5272944419025083,0.20837709841815766,1.8565573770491803,5.464011216091599
"(20, 60)",1,10,0.0,60,0.06,2025-01-01,,0.33585129973616085,0.0709621382546961,0.21129034876578645,0.379527046973797,0.11643598975610603,1.6065573770491803,5.464148700263839
"(20, 60)",1,10,0.03,60,0.06,2025-01-01,,0.33585129973616085,0.0709621382546961,0.21129034876578645,0.379527046973797,0.11643598975610603,1.6065573770491803,5.464148700263839
"(60,)",1,10,0.0,20,0.08,2025-01-01,,0.33156196234065244,0.09190728710201745,0.2771949063553627,0.46182797384518726,0.1517218904917843,1.6065573770491803,5.4684380376593476
"(60,)",1,10,0.03,20,0.08,2025-01-01,,0.33156196234065244,0.09190728710201745,0.2771949063553627,0.46182797384518726,0.1517218904917843,1.6065573770491803,5.4684380376593476
"(60,)",1,10,0.0,60,0.08,2024-10-01,2026-01-31,0.31698989580610193,0.06491323214389144,0.20478013022723573,0.3679277930317904,0.08710052758115316,1.3278688524590163,5.483010104193898
"(60,)",1,10,0.03,60,0.08,2024-10-01,2026-01-31,0.31698989580610193,0.06491323214389144,0.20478013022723573,0.3679277930317904,0.08710052758115316,1.3278688524590163,5.483010104193898
"(60, 120)",1,10,0.0,60,0.1,2025-01-01,,0.3125591811408376,0.12612387405938486,0.40351997851745736,0.5226512690666382,0.2102529086284104,1.6065573770491803,5.487440818859162
"(60, 120)",1,10,0.03,60,0.1,2025-01-01,,0.3125591811408376,0.12612387405938486,0.40351997851745736,0.5226512690666382,0.2102529086284104,1.6065573770491803,5.487440818859162
"(60,)",1,20,0.0,20,0.06,2024-12-01,2025-12-31,0.3100910826261849,0.0504046921464778,0.16254802208304941,0.3586770970688538,0.05485976041519347,1.0860655737704918,5.489908917373815
"(60,)",1,20,0.03,20,0.06,2024-12-01,2025-12-31,0.3100910826261849,0.0504046921464778,0.16254802208304941,0.3586770970688538,0.05485976041519347,1.0860655737704918,5.489908917373815
"(20, 60)",1,20,0.0,20,0.06,2024-12-01,2025-12-31,0.30724300245409475,0.05514320658639971,0.1794775019966115,0.3684160415661057,0.06002892681792771,1.0860655737704918,5.492756997545905
"(20, 60)",1,20,0.0,60,0.06,2024-12-01,2025-12-31,0.30724300245409475,0.05514320658639971,0.1794775019966115,0.3684160415661057,0.06002892681792771,1.0860655737704918,5.492756997545905
"(20, 60)",1,20,0.03,20,0.06,2024-12-01,2025-12-31,0.30724300245409475,0.05514320658639971,0.1794775019966115,0.3684160415661057,0.06002892681792771,1.0860655737704918,5.492756997545905
"(20, 60)",1,20,0.03,60,0.06,2024-12-01,2025-12-31,0.30724300245409475,0.05514320658639971,0.1794775019966115,0.3684160415661057,0.06002892681792771,1.0860655737704918,5.492756997545905
"(60, 120)",1,10,0.0,60,0.06,2024-10-01,2026-01-31,0.29576428834404017,0.07829759567637828,0.2647297147155935,0.41398322404107546,0.10528077518041612,1.3278688524590163,5.5042357116559595
"(60, 120)",1,10,0.03,60,0.06,2024-10-01,2026-01-31,0.29576428834404017,0.07829759567637828,0.2647297147155935,0.41398322404107546,0.10528077518041612,1.3278688524590163,5.5042357116559595
"(20, 60)",1,10,0.0,20,0.1,2024-12-01,,0.2940915955623546,0.11494558923338483,0.3908496229332523,0.5005985514537347,0.20275263032265411,1.6967213114754098,5.505908404437645
"(20, 60)",1,10,0.03,20,0.1,2024-12-01,,0.2940915955623546,0.11494558923338483,0.3908496229332523,0.5005985514537347,0.20275263032265411,1.6967213114754098,5.505908404437645
"(20, 60)",1,10,0.0,20,0.06,2025-01-01,,0.2936584771428356,0.0548081663066351,0.18663914231216416,0.33276539447430453,0.08950576036957925,1.6065573770491803,5.506341522857165
"(20, 60)",1,10,0.03,20,0.06,2025-01-01,,0.2936584771428356,0.0548081663066351,0.18663914231216416,0.33276539447430453,0.08950576036957925,1.6065573770491803,5.506341522857165
"(20, 60)",1,10,0.0,20,0.06,2024-12-01,2026-01-31,0.28733843671204135,0.053628599381253306,0.1866391423121636,0.3335513311926806,0.06291810065536829,1.1680327868852458,5.512661563287958
"(20, 60)",1,10,0.03,20,0.06,2024-12-01,2026-01-31,0.28733843671204135,0.053628599381253306,0.1866391423121636,0.3335513311926806,0.06291810065536829,1.1680327868852458,5.512661563287958
"(20, 60)",1,10,0.0,60,0.06,2024-12-01,2026-01-31,0.2852395212687067,0.05323685960312363,0.18663914231216383,0.33151493969811013,0.062456515969999016,1.1680327868852458,5.514760478731293
"(20, 60)",1,10,0.03,60,0.06,2024-12-01,2026-01-31,0.2852395212687067,0.05323685960312363,0.18663914231216383,0.33151493969811013,0.062456515969999016,1.1680327868852458,5.514760478731293
"(20, 60)",1,20,0.0,20,0.06,2024-10-01,,0.28506544098838216,0.06673995524569376,0.23412152316426793,0.38679527859323515,0.12743712239624094,1.8565573770491803,5.514934559011618
"(20, 60)",1,20,0.0,60,0.06,2024-10-01,,0.28506544098838216,0.06673995524569376,0.23412152316426793,0.38679527859323515,0.12743712239624094,1.8565573770491803,5.514934559011618
"(20, 60)",1,20,0.03,20,0.06,2024-10-01,,0.28506544098838216,0.06673995524569376,0.23412152316426793,0.38679527859323515,0.12743712239624094,1.8565573770491803,5.514934559011618
"(20, 60)",1,20,0.03,60,0.06,2024-10-01,,0.28506544098838216,0.06673995524569376,0.23412152316426793,0.38679527859323515,0.12743712239624094,1.8565573770491803,5.514934559011618
"(60,)",1,10,0.0,20,0.08,2024-10-01,2026-01-31,0.28149760288342524,0.05057082076887309,0.17964920571567233,0.32248587879151835,0.06770194537322216,1.3278688524590163,5.518502397116575
"(60,)",1,10,0.03,20,0.08,2024-10-01,2026-01-31,0.28149760288342524,0.05057082076887309,0.17964920571567233,0.32248587879151835,0.06770194537322216,1.3278688524590163,5.518502397116575
"(60,)",1,20,0.0,60,0.1,2024-12-01,2025-12-31,0.2698276542214831,0.05514551395106815,0.20437309922949176,0.3344534478860478,0.06003144437100971,1.0860655737704918,5.530172345778516
"(60,)",1,20,0.03,60,0.1,2024-12-01,2025-12-31,0.2698276542214831,0.05514551395106815,0.20437309922949176,0.3344534478860478,0.06003144437100971,1.0860655737704918,5.530172345778516
"(60, 120)",1,10,0.0,20,0.06,2024-12-01,,0.2657208244628996,0.07427519495601698,0.2795234250313242,0.4025772106802785,0.12926121764517107,1.6967213114754098,5.5342791755371
"(60, 120)",1,10,0.03,20,0.06,2024-12-01,,0.2657208244628996,0.07427519495601698,0.2795234250313242,0.4025772106802785,0.12926121764517107,1.6967213114754098,5.5342791755371
"(60, 120)",1,10,0.0,60,0.1,2024-10-01,,0.26287187402654827,0.10607405296003658,0.4035199785174576,0.47448437534663407,0.2058350068448136,1.8565573770491803,5.537128125973451
"(60, 120)",1,10,0.03,60,0.1,2024-10-01,,0.26287187402654827,0.10607405296003658,0.4035199785174576,0.47448437534663407,0.2058350068448136,1.8565573770491803,5.537128125973451
"(60, 120)",1,10,0.0,60,0.06,2024-12-01,,0.2602031996927017,0.07387299845191397,0.28390503475421325,0.39746243958573313,0.12854396687370961,1.6967213114754098,5.539796800307298
"(60, 120)",1,10,0.03,60,0.06,2024-12-01,,0.2602031996927017,0.07387299845191397,0.28390503475421325,0.39746243958573313,0.12854396687370961,1.6967213114754098,5.539796800307298
"(60,)",1,10,0.0,60,0.06,2025-01-01,,0.25049582253242675,0.045149402505696656,0.18024014152911494,0.2995730706844525,0.07352252760787303,1.6065573770491803,5.549504177467573
"(60,)",1,10,0.03,60,0.06,2025-01-01,,0.25049582253242675,0.045149402505696656,0.18024014152911494,0.2995730706844525,0.07352252760787303,1.6065573770491803,5.549504177467573
"(60, 120)",1,20,0.0,60,0.06,2024-10-01,,0.24857867865310357,0.0528142447512423,0.21246490261115925,0.33614002106665924,0.10026503226524586,1.8565573770491803,5.551421321346896
"(60, 120)",1,20,0.03,60,0.06,2024-10-01,,0.24857867865310357,0.0528142447512423,0.21246490261115925,0.33614002106665924,0.10026503226524586,1.8565573770491803,5.551421321346896
"(60, 120)",1,20,0.0,60,0.1,2024-10-01,,0.24707221924093958,0.09271245138068007,0.3752443381352756,0.451211502157902,0.1789310270533333,1.8565573770491803,5.5529277807590605
"(60, 120)",1,20,0.03,60,0.1,2024-10-01,,0.24707221924093958,0.09271245138068007,0.3752443381352756,0.451211502157902,0.1789310270533333,1.8565573770491803,5.5529277807590605
"(60,)",1,10,0.0,20,0.08,2024-12-01,,0.23680284603197288,0.06564054273051623,0.27719490635536326,0.37301658649220343,0.11390389509532262,1.6967213114754098,5.5631971539680265
"(60,)",1,10,0.03,20,0.08,2024-12-01,,0.23680284603197288,0.06564054273051623,0.27719490635536326,0.37301658649220343,0.11390389509532262,1.6967213114754098,5.5631971539680265
"(60, 120)",1,20,0.0,60,0.08,2024-10-01,,0.23554349848705827,0.07443821325102995,0.31602745874609606,0.4099960772154035,0.14258927585950354,1.8565573770491803,5.564456501512941
"(60, 120)",1,20,0.03,60,0.08,2024-10-01,,0.23554349848705827,0.07443821325102995,0.31602745874609606,0.4099960772154035,0.14258927585950354,1.8565573770491803,5.564456501512941
"(60, 120)",1,10,0.0,60,0.08,2024-12-01,,0.23459246528269775,0.06913963302852899,0.29472230894206963,0.3757648905722784,0.12011686109266972,1.6967213114754098,5.565407534717302
"(60, 120)",1,10,0.03,60,0.08,2024-12-01,,0.23459246528269775,0.06913963302852899,0.29472230894206963,0.3757648905722784,0.12011686109266972,1.6967213114754098,5.565407534717302
"(20, 60)",1,20,0.0,20,0.08,2024-12-01,,0.2197006247430839,0.07018192298743009,0.3194434384039656,0.40127446419778895,0.12197028784096653,1.6967213114754098,5.580299375256916
"(20, 60)",1,20,0.0,60,0.08,2024-12-01,,0.2197006247430839,0.07018192298743009,0.3194434384039656,0.40127446419778895,0.12197028784096653,1.6967213114754098,5.580299375256916
"(20, 60)",1,20,0.03,20,0.08,2024-12-01,,0.2197006247430839,0.07018192298743009,0.3194434384039656,0.40127446419778895,0.12197028784096653,1.6967213114754098,5.580299375256916
"(20, 60)",1,20,0.03,60,0.08,2024-12-01,,0.2197006247430839,0.07018192298743009,0.3194434384039656,0.40127446419778895,0.12197028784096653,1.6967213114754098,5.580299375256916
"(60,)",1,20,0.0,60,0.06,2025-01-01,,0.21837972705801784,0.04825211576803645,0.2209551061267565,0.31746620970013045,0.07864714389040062,1.6065573770491803,5.581620272941982
"(60,)",1,20,0.03,60,0.06,2025-01-01,,0.21837972705801784,0.04825211576803645,0.2209551061267565,0.31746620970013045,0.07864714389040062,1.6065573770491803,5.581620272941982
"(60, 120)",1,20,0.0,20,0.08,2025-01-01,,0.21406088674378457,0.06764911805457419,0.3160274587460964,0.38940010770710354,0.11089264069718086,1.6065573770491803,5.585939113256215
"(60, 120)",1,20,0.03,20,0.08,2025-01-01,,0.21406088674378457,0.06764911805457419,0.3160274587460964,0.38940010770710354,0.11089264069718086,1.6065573770491803,5.585939113256215
"(60,)",1,10,0.0,20,0.1,2024-10-01,2026-01-31,0.2129677141702643,0.053087359068538786,0.24927421170561226,0.32542264371369883,0.07109940141011317,1.3278688524590163,5.587032285829736
"(60,)",1,10,0.03,20,0.1,2024-10-01,2026-01-31,0.2129677141702643,0.053087359068538786,0.24927421170561226,0.32542264371369883,0.07109940141011317,1.3278688524590163,5.587032285829736
"(60, 120)",1,10,0.0,20,0.08,2024-10-01,,0.19593749579814862,0.06029579106446259,0.307729721760751,0.34787985780132313,0.1148251404514109,1.8565573770491803,5.604062504201851
"(60, 120)",1,10,0.03,20,0.08,2024-10-01,,0.19593749579814862,0.06029579106446259,0.307729721760751,0.34787985780132313,0.1148251404514109,1.8565573770491803,5.604062504201851
"(60,)",1,20,0.0,20,0.06,2024-10-01,,0.18732610869757807,0.03729346699638003,0.1990831243742277,0.28999213416278047,0.07034137056983236,1.8565573770491803,5.612673891302422
"(60,)",1,20,0.03,20,0.06,2024-10-01,,0.18732610869757807,0.03729346699638003,0.1990831243742277,0.28999213416278047,0.07034137056983236,1.8565573770491803,5.612673891302422
"(20, 60)",1,20,0.0,20,0.08,2024-10-01,,0.18461992766393626,0.058975624490859246,0.31944343840396583,0.3525933397539761,0.11224950044140902,1.8565573770491803,5.615380072336063
"(20, 60)",1,20,0.03,20,0.08,2024-10-01,,0.18461992766393626,0.058975624490859246,0.31944343840396583,0.3525933397539761,0.11224950044140902,1.8565573770491803,5.615380072336063
"(20, 60)",1,20,0.0,60,0.1,2024-10-01,2025-12-31,0.17539544691918557,0.03502183344405285,0.19967356085468602,0.26406921860416616,0.04382001597223284,1.2459016393442623,5.624604553080815
"(20, 60)",1,20,0.03,60,0.1,2024-10-01,2025-12-31,0.17539544691918557,0.03502183344405285,0.19967356085468602,0.26406921860416616,0.04382001597223284,1.2459016393442623,5.624604553080815
"(20, 60)",1,10,0.0,20,0.08,2024-10-01,2025-12-31,0.17412827014822502,0.03166529521848904,0.1818503979367294,0.25094287252125413,0.03960423417814152,1.2459016393442623,5.625871729851775
"(20, 60)",1,10,0.0,20,0.1,2024-10-01,2025-12-31,0.17412827014822502,0.03166529521848904,0.1818503979367294,0.25094287252125413,0.03960423417814152,1.2459016393442623,5.625871729851775
"(20, 60)",1,10,0.03,20,0.08,2024-10-01,2025-12-31,0.17412827014822502,0.03166529521848904,0.1818503979367294,0.25094287252125413,0.03960423417814152,1.2459016393442623,5.625871729851775
"(20, 60)",1,10,0.03,20,0.1,2024-10-01,2025-12-31,0.17412827014822502,0.03166529521848904,0.1818503979367294,0.25094287252125413,0.03960423417814152,1.2459016393442623,5.625871729851775
"(20, 60)",1,10,0.0,60,0.08,2024-10-01,2025-12-31,0.17279906994440625,0.03145882941930078,0.18205439085651254,0.2504488856117802,0.03934502497897463,1.2459016393442623,5.627200930055594
"(20, 60)",1,10,0.0,60,0.1,2024-10-01,2025-12-31,0.17279906994440625,0.03145882941930078,0.18205439085651254,0.2504488856117802,0.03934502497897463,1.2459016393442623,5.627200930055594
"(20, 60)",1,10,0.03,60,0.08,2024-10-01,2025-12-31,0.17279906994440625,0.03145882941930078,0.18205439085651254,0.2504488856117802,0.03934502497897463,1.2459016393442623,5.627200930055594
"(20, 60)",1,10,0.03,60,0.1,2024-10-01,2025-12-31,0.17279906994440625,0.03145882941930078,0.18205439085651254,0.2504488856117802,0.03934502497897463,1.2459016393442623,5.627200930055594
"(20, 60)",1,10,0.0,20,0.08,2025-01-01,,0.17129645595014986,0.05833729990213743,0.3405633793095787,0.34051391893311356,0.09536796059718045,1.6065573770491803,5.62870354404985
"(20, 60)",1,10,0.0,60,0.08,2025-01-01,,0.17129645595014986,0.05833729990213743,0.3405633793095787,0.34051391893311356,0.09536796059718045,1.6065573770491803,5.62870354404985
"(20, 60)",1,10,0.03,20,0.08,2025-01-01,,0.17129645595014986,0.05833729990213743,0.3405633793095787,0.34051391893311356,0.09536796059718045,1.6065573770491803,5.62870354404985
"(20, 60)",1,10,0.03,60,0.08,2025-01-01,,0.17129645595014986,0.05833729990213743,0.3405633793095787,0.34051391893311356,0.09536796059718045,1.6065573770491803,5.62870354404985
"(60,)",1,20,0.0,60,0.06,2025-01-01,2025-12-31,0.16190472437989262,0.035773675557782436,0.2209551061267565,0.2766103588843732,0.035624481152894516,0.9959016393442623,5.638095275620107
"(60,)",1,20,0.03,60,0.06,2025-01-01,2025-12-31,0.16190472437989262,0.035773675557782436,0.2209551061267565,0.2766103588843732,0.035624481152894516,0.9959016393442623,5.638095275620107
"(60,)",1,10,0.0,60,0.08,2024-12-01,,0.1478457495074982,0.04335033847992387,0.2932132890146111,0.2920362049786398,0.07465941388847197,1.6967213114754098,5.652154250492502
"(60,)",1,10,0.03,60,0.08,2024-12-01,,0.1478457495074982,0.04335033847992387,0.2932132890146111,0.2920362049786398,0.07465941388847197,1.6967213114754098,5.652154250492502
"(60,)",1,10,0.0,60,0.08,2025-01-01,,0.14678703916061084,0.039079528524803786,0.26623282783191715,0.27763640036406173,0.06352385147021478,1.6065573770491803,5.653212960839389
"(60,)",1,10,0.03,60,0.08,2025-01-01,,0.14678703916061084,0.039079528524803786,0.26623282783191715,0.27763640036406173,0.06352385147021478,1.6065573770491803,5.653212960839389
"(60,)",1,20,0.0,60,0.08,2024-12-01,,0.13414632110065397,0.042852162061635335,0.3194434384039655,0.2958694814046732,0.0737889272301695,1.6967213114754098,5.665853678899346
"(60,)",1,20,0.03,60,0.08,2024-12-01,,0.13414632110065397,0.042852162061635335,0.3194434384039655,0.2958694814046732,0.0737889272301695,1.6967213114754098,5.665853678899346
"(60,)",1,10,0.0,20,0.06,2024-12-01,2025-12-31,0.13120208067369504,0.02364788158954112,0.18024014152911472,0.21666689071090933,0.025709099952279324,1.0860655737704918,5.6687979193263045
"(60,)",1,10,0.03,20,0.06,2024-12-01,2025-12-31,0.13120208067369504,0.02364788158954112,0.18024014152911472,0.21666689071090933,0.025709099952279324,1.0860655737704918,5.6687979193263045
"(60,)",1,10,0.0,20,0.06,2025-01-01,2025-12-31,0.1302723254983835,0.023480302385155527,0.1802401415291146,0.21607580697946094,0.023382955243999692,0.9959016393442623,5.669727674501616
"(60,)",1,10,0.03,20,0.06,2025-01-01,2025-12-31,0.1302723254983835,0.023480302385155527,0.1802401415291146,0.21607580697946094,0.023382955243999692,0.9959016393442623,5.669727674501616
"(60, 120)",1,20,0.0,60,0.06,2024-10-01,2025-12-31,0.12835175920941597,0.023487917105344813,0.1829964563790858,0.21576597949054022,0.029347649791919173,1.2459016393442623,5.671648240790584
"(60, 120)",1,20,0.03,60,0.06,2024-10-01,2025-12-31,0.12835175920941597,0.023487917105344813,0.1829964563790858,0.21576597949054022,0.029347649791919173,1.2459016393442623,5.671648240790584
"(60, 120)",1,10,0.0,20,0.06,2024-10-01,2026-01-31,0.12482325779903043,0.03761007996439303,0.3013066685452682,0.2722340084097601,0.0502466162505506,1.3278688524590163,5.67517674220097
"(60, 120)",1,10,0.03,20,0.06,2024-10-01,2026-01-31,0.12482325779903043,0.03761007996439303,0.3013066685452682,0.2722340084097601,0.0502466162505506,1.3278688524590163,5.67517674220097
"(20, 60)",1,20,0.0,20,0.1,2024-12-01,,0.10829630723915458,0.03830014324682285,0.3536606577197806,0.27545368733198294,0.06584839591976066,1.6967213114754098,5.6917036927608455
"(20, 60)",1,20,0.0,60,0.1,2024-12-01,,0.10829630723915458,0.03830014324682285,0.3536606577197806,0.27545368733198294,0.06584839591976066,1.6967213114754098,5.6917036927608455
"(20, 60)",1,20,0.03,20,0.1,2024-12-01,,0.10829630723915458,0.03830014324682285,0.3536606577197806,0.27545368733198294,0.06584839591976066,1.6967213114754098,5.6917036927608455
"(20, 60)",1,20,0.03,60,0.1,2024-12-01,,0.10829630723915458,0.03830014324682285,0.3536606577197806,0.27545368733198294,0.06584839591976066,1.6967213114754098,5.6917036927608455
"(60,)",1,20,0.0,20,0.06,2024-10-01,2026-01-31,0.10541438425539118,0.020986224971548673,0.1990831243742277,0.20583183436445815,0.027962380092774186,1.3278688524590163,5.694585615744609
"(60,)",1,20,0.03,20,0.06,2024-10-01,2026-01-31,0.10541438425539118,0.020986224971548673,0.1990831243742277,0.20583183436445815,0.027962380092774186,1.3278688524590163,5.694585615744609
"(60, 120)",1,20,0.0,20,0.1,2024-10-01,,0.09736716168438786,0.036068445647712055,0.37043747628822354,0.2682269459236982,0.06799577586038197,1.8565573770491803,5.702632838315612
"(60, 120)",1,20,0.03,20,0.1,2024-10-01,,0.09736716168438786,0.036068445647712055,0.37043747628822354,0.2682269459236982,0.06799577586038197,1.8565573770491803,5.702632838315612
"(60, 120)",1,20,0.0,20,0.08,2024-12-01,,0.09314092834005314,0.029435090888559223,0.31602745874609595,0.24111178210359932,0.050453754931942596,1.6967213114754098,5.706859071659947
"(60, 120)",1,20,0.0,60,0.08,2024-12-01,,0.09314092834005314,0.029435090888559223,0.31602745874609595,0.24111178210359932,0.050453754931942596,1.6967213114754098,5.706859071659947
"(60, 120)",1,20,0.03,20,0.08,2024-12-01,,0.09314092834005314,0.029435090888559223,0.31602745874609595,0.24111178210359932,0.050453754931942596,1.6967213114754098,5.706859071659947
"(60, 120)",1,20,0.03,60,0.08,2024-12-01,,0.09314092834005314,0.029435090888559223,0.31602745874609595,0.24111178210359932,0.050453754931942596,1.6967213114754098,5.706859071659947
"(20, 60)",1,10,0.0,20,0.1,2025-01-01,,0.0850212293664307,0.03323051543919098,0.3908496229332521,0.264067936168094,0.05392244880427688,1.6065573770491803,5.714978770633569
"(20, 60)",1,10,0.03,20,0.1,2025-01-01,,0.0850212293664307,0.03323051543919098,0.3908496229332521,0.264067936168094,0.05392244880427688,1.6065573770491803,5.714978770633569
"(60, 120)",1,10,0.0,20,0.08,2024-12-01,,0.08486793617837343,0.026116386386580093,0.30772972176075175,0.23431729705297052,0.044714323107305276,1.6967213114754098,5.715132063821627
"(60, 120)",1,10,0.03,20,0.08,2024-12-01,,0.08486793617837343,0.026116386386580093,0.30772972176075175,0.23431729705297052,0.044714323107305276,1.6967213114754098,5.715132063821627
"(20, 60)",1,10,0.0,60,0.06,2024-12-01,,0.08185577855174783,0.017295335998693817,0.2112903487657869,0.2009591579819988,0.02952186402537471,1.6967213114754098,5.718144221448252
"(20, 60)",1,10,0.03,60,0.06,2024-12-01,,0.08185577855174783,0.017295335998693817,0.2112903487657869,0.2009591579819988,0.02952186402537471,1.6967213114754098,5.718144221448252
"(60, 120)",1,20,0.0,20,0.08,2024-10-01,,0.046022721888851016,0.014544443843111932,0.3160274587460964,0.18118709156442878,0.027170679218436966,1.8565573770491803,5.753977278111149
"(60, 120)",1,20,0.03,20,0.08,2024-10-01,,0.046022721888851016,0.014544443843111932,0.3160274587460964,0.18118709156442878,0.027170679218436966,1.8565573770491803,5.753977278111149
"(60, 120)",1,10,0.0,20,0.1,2025-01-01,,0.03816771207455318,0.016472146277640265,0.431572797590412,0.21321491337077697,0.026595366299272838,1.6065573770491803,5.761832287925446
"(60, 120)",1,10,0.03,20,0.1,2025-01-01,,0.03816771207455318,0.016472146277640265,0.431572797590412,0.21321491337077697,0.026595366299272838,1.6065573770491803,5.761832287925446
"(60,)",1,10,0.0,60,0.1,2024-10-01,2025-12-31,0.034576762885358776,0.008619095311579672,0.24927421170561204,0.1667929255058177,0.01074990031878631,1.2459016393442623,5.765423237114641
"(60,)",1,10,0.03,60,0.1,2024-10-01,2025-12-31,0.034576762885358776,0.008619095311579672,0.24927421170561204,0.1667929255058177,0.01074990031878631,1.2459016393442623,5.765423237114641
"(60,)",1,10,0.0,60,0.06,2025-01-01,2025-12-31,0.02779417748064499,0.005009626482796792,0.18024014152911494,0.1348534056854099,0.00498904409618417,0.9959016393442623,5.772205822519354
"(60,)",1,10,0.03,60,0.06,2025-01-01,2025-12-31,0.02779417748064499,0.005009626482796792,0.18024014152911494,0.1348534056854099,0.00498904409618417,0.9959016393442623,5.772205822519354
"(60,)",1,20,0.0,20,0.06,2024-10-01,2025-12-31,0.022476605173152964,0.004474712783197221,0.1990831243742277,0.11697500060183898,0.005578115773096304,1.2459016393442623,5.777523394826847
"(60,)",1,20,0.03,20,0.06,2024-10-01,2025-12-31,0.022476605173152964,0.004474712783197221,0.1990831243742277,0.11697500060183898,0.005578115773096304,1.2459016393442623,5.777523394826847
"(60, 120)",1,20,0.0,60,0.08,2025-01-01,,0.022310046951289,0.007050587442521961,0.3160274587460965,0.15690688486558313,0.011351371741267435,1.6065573770491803,5.777689953048711
"(60, 120)",1,20,0.03,60,0.08,2025-01-01,,0.022310046951289,0.007050587442521961,0.3160274587460965,0.15690688486558313,0.011351371741267435,1.6065573770491803,5.777689953048711
"(20, 60)",1,10,0.0,20,0.06,2024-12-01,,0.01616565084415335,0.003017143208470685,0.1866391423121636,0.13949308562706028,0.005124630151410292,1.6967213114754098,5.783834349155846
"(20, 60)",1,10,0.03,20,0.06,2024-12-01,,0.01616565084415335,0.003017143208470685,0.1866391423121636,0.13949308562706028,0.005124630151410292,1.6967213114754098,5.783834349155846
"(20, 60)",1,10,0.0,20,0.06,2025-01-01,2025-12-31,0.014176177412122997,0.002645829593463711,0.18663914231216416,0.13917877553962435,0.0026349717558709074,0.9959016393442623,5.785823822587877
"(20, 60)",1,10,0.0,60,0.06,2025-01-01,2025-12-31,0.014176177412122997,0.002645829593463711,0.18663914231216416,0.13917877553962435,0.0026349717558709074,0.9959016393442623,5.785823822587877
"(20, 60)",1,10,0.03,20,0.06,2025-01-01,2025-12-31,0.014176177412122997,0.002645829593463711,0.18663914231216416,0.13917877553962435,0.0026349717558709074,0.9959016393442623,5.785823822587877
"(20, 60)",1,10,0.03,60,0.06,2025-01-01,2025-12-31,0.014176177412122997,0.002645829593463711,0.18663914231216416,0.13917877553962435,0.0026349717558709074,0.9959016393442623,5.785823822587877
"(60, 120)",1,20,0.0,20,0.1,2025-01-01,,0.012139402344200136,0.004496889568032847,0.3704374762882239,0.15745556677507438,0.007234358173658251,1.6065573770491803,5.7878605976558
"(60, 120)",1,20,0.03,20,0.1,2025-01-01,,0.012139402344200136,0.004496889568032847,0.3704374762882239,0.15745556677507438,0.007234358173658251,1.6065573770491803,5.7878605976558
"(60, 120)",1,10,0.0,60,0.1,2024-12-01,,0.002784389732843068,0.0011235568851810651,0.4035199785174579,0.16100710917962902,0.001907108983209671,1.6967213114754098,5.797215610267156
"(60, 120)",1,10,0.03,60,0.1,2024-12-01,,0.002784389732843068,0.0011235568851810651,0.4035199785174579,0.16100710917962902,0.001907108983209671,1.6967213114754098,5.797215610267156
"(20, 60)",1,10,0.0,60,0.1,2024-12-01,,-0.00041217643944421235,-0.00019471929984715697,0.472417346585168,0.17071906443576015,-0.0003303619745520514,1.6967213114754098,5.800412176439444
"(20, 60)",1,10,0.03,60,0.1,2024-12-01,,-0.00041217643944421235,-0.00019471929984715697,0.472417346585168,0.17071906443576015,-0.0003303619745520514,1.6967213114754098,5.800412176439444
"(60, 120)",1,20,0.0,60,0.1,2025-01-01,,-0.000756668163948792,-0.000283935444368999,0.375244338135276,0.14369009640985386,-0.0004561193007626141,1.6065573770491803,5.800756668163949
"(60, 120)",1,20,0.03,60,0.1,2025-01-01,,-0.000756668163948792,-0.000283935444368999,0.375244338135276,0.14369009640985386,-0.0004561193007626141,1.6065573770491803,5.800756668163949
"(60,)",1,10,0.0,20,0.08,2024-10-01,2025-12-31,-0.0015051418969351596,-0.00027039754627378176,0.17964920571567233,0.11395865985510424,-0.00033687754534739156,1.2459016393442623,5.801505141896935
"(60,)",1,10,0.03,20,0.08,2024-10-01,2025-12-31,-0.0015051418969351596,-0.00027039754627378176,0.17964920571567233,0.11395865985510424,-0.00033687754534739156,1.2459016393442623,5.801505141896935
"(60,)",1,10,0.0,60,0.08,2024-10-01,2025-12-31,-0.011304601404460194,-0.0023149577477723504,0.20478013022723573,0.1140306559310118,-0.002883388253861252,1.2459016393442623,5.81130460140446
"(60,)",1,10,0.03,60,0.08,2024-10-01,2025-12-31,-0.011304601404460194,-0.0023149577477723504,0.20478013022723573,0.1140306559310118,-0.002883388253861252,1.2459016393442623,5.81130460140446
"(60,)",1,20,0.0,60,0.06,2024-12-01,,-0.01757460906250256,-0.00388319961054151,0.2209551061267565,0.09955973432602894,-0.0065797911323729474,1.6967213114754098,5.817574609062502
"(60,)",1,20,0.03,60,0.06,2024-12-01,,-0.01757460906250256,-0.00388319961054151,0.2209551061267565,0.09955973432602894,-0.0065797911323729474,1.6967213114754098,5.817574609062502
"(60,)",1,20,0.0,20,0.1,2025-01-01,,-0.023551397233482225,-0.008901674039005991,0.3779679800207685,0.11224030634237621,-0.014262396508673336,1.6065573770491803,5.823551397233482
"(60,)",1,20,0.03,20,0.1,2025-01-01,,-0.023551397233482225,-0.008901674039005991,0.3779679800207685,0.11224030634237621,-0.014262396508673336,1.6065573770491803,5.823551397233482
"(60,)",1,10,0.0,60,0.06,2024-10-01,2026-01-31,-0.025999718650596363,-0.00619393811167146,0.23823096683891953,0.10012536494396015,-0.00821637447719592,1.3278688524590163,5.825999718650596
"(60,)",1,10,0.03,60,0.06,2024-10-01,2026-01-31,-0.025999718650596363,-0.00619393811167146,0.23823096683891953,0.10012536494396015,-0.00821637447719592,1.3278688524590163,5.825999718650596
"(60, 120)",1,10,0.0,20,0.1,2024-10-01,,-0.03829763194804451,-0.016528216160905496,0.43157279759041167,0.09904182567732475,-0.030468195668710174,1.8565573770491803,5.838297631948044
"(60, 120)",1,10,0.03,20,0.1,2024-10-01,,-0.03829763194804451,-0.016528216160905496,0.43157279759041167,0.09904182567732475,-0.030468195668710174,1.8565573770491803,5.838297631948044
"(60, 120)",1,20,0.0,20,0.06,2024-10-01,,-0.04437864863296632,-0.009214603146635914,0.20763595626458353,0.07945125676202174,-0.017039896514719044,1.8565573770491803,5.844378648632966
"(60, 120)",1,20,0.03,20,0.06,2024-10-01,,-0.04437864863296632,-0.009214603146635914,0.20763595626458353,0.07945125676202174,-0.017039896514719044,1.8565573770491803,5.844378648632966
"(60,)",1,20,0.0,60,0.1,2024-10-01,2025-12-31,-0.046871318181858336,-0.010333955517174087,0.2204750350113659,0.08652433402642265,-0.012858690748743351,1.2459016393442623,5.846871318181858
"(60,)",1,20,0.03,60,0.1,2024-10-01,2025-12-31,-0.046871318181858336,-0.010333955517174087,0.2204750350113659,0.08652433402642265,-0.012858690748743351,1.2459016393442623,5.846871318181858
"(60,)",1,10,0.0,60,0.1,2025-01-01,,-0.059948966295002584,-0.020857548542470128,0.34792173796345904,0.1058047994418928,-0.03329629916314303,1.6065573770491803,5.859948966295002
"(60,)",1,10,0.03,60,0.1,2025-01-01,,-0.059948966295002584,-0.020857548542470128,0.34792173796345904,0.1058047994418928,-0.03329629916314303,1.6065573770491803,5.859948966295002
"(60, 120)",1,20,0.0,20,0.1,2024-12-01,,-0.06888565002123812,-0.025517826346341255,0.37043747628822343,0.03677378074555279,-0.042910757122947674,1.6967213114754098,5.868885650021238
"(60, 120)",1,20,0.03,20,0.1,2024-12-01,,-0.06888565002123812,-0.025517826346341255,0.37043747628822343,0.03677378074555279,-0.042910757122947674,1.6967213114754098,5.868885650021238
"(60,)",1,20,0.0,20,0.1,2024-10-01,2025-12-31,-0.07500819103774833,-0.012988037410641917,0.17315492122861098,0.07084064605175278,-0.01615589167531062,1.2459016393442623,5.8750081910377485
"(60,)",1,20,0.03,20,0.1,2024-10-01,2025-12-31,-0.07500819103774833,-0.012988037410641917,0.17315492122861098,0.07084064605175278,-0.01615589167531062,1.2459016393442623,5.8750081910377485
"(60, 120)",1,20,0.0,60,0.1,2024-12-01,,-0.07970777859449212,-0.029909892622923318,0.375244338135276,0.02571656990186793,-0.05021836453688011,1.6967213114754098,5.879707778594492
"(60, 120)",1,20,0.03,60,0.1,2024-12-01,,-0.07970777859449212,-0.029909892622923318,0.375244338135276,0.02571656990186793,-0.05021836453688011,1.6967213114754098,5.879707778594492
"(20, 60)",1,20,0.0,20,0.06,2024-10-01,2025-12-31,-0.08732646219711142,-0.020445004342134587,0.23412152316426793,0.012848021590724675,-0.025408101476839806,1.2459016393442623,5.8873264621971115
"(20, 60)",1,20,0.0,60,0.06,2024-10-01,2025-12-31,-0.08732646219711142,-0.020445004342134587,0.23412152316426793,0.012848021590724675,-0.025408101476839806,1.2459016393442623,5.8873264621971115
"(20, 60)",1,20,0.03,20,0.06,2024-10-01,2025-12-31,-0.08732646219711142,-0.020445004342134587,0.23412152316426793,0.012848021590724675,-0.025408101476839806,1.2459016393442623,5.8873264621971115
"(20, 60)",1,20,0.03,60,0.06,2024-10-01,2025-12-31,-0.08732646219711142,-0.020445004342134587,0.23412152316426793,0.012848021590724675,-0.025408101476839806,1.2459016393442623,5.8873264621971115
"(60,)",1,10,0.0,20,0.06,2024-10-01,,-0.08819188577326437,-0.02428780415809062,0.27539726523745045,0.02572932506873532,-0.044622111880990856,1.8565573770491803,5.8881918857732645
"(60,)",1,10,0.03,20,0.06,2024-10-01,,-0.08819188577326437,-0.02428780415809062,0.27539726523745045,0.02572932506873532,-0.044622111880990856,1.8565573770491803,5.8881918857732645
"(60,)",1,20,0.0,60,0.08,2024-10-01,2026-01-31,-0.09747553089691008,-0.021552213918573204,0.22110383724266947,0.0332695871877865,-0.028516907377240774,1.3278688524590163,5.89747553089691
"(60,)",1,20,0.03,60,0.08,2024-10-01,2026-01-31,-0.09747553089691008,-0.021552213918573204,0.22110383724266947,0.0332695871877865,-0.028516907377240774,1.3278688524590163,5.89747553089691
"(60,)",1,20,0.0,60,0.1,2025-01-01,,-0.1060364661554202,-0.040581994763489115,0.3827173446539336,0.010504724889262072,-0.06439054493503105,1.6065573770491803,5.90603646615542
"(60,)",1,20,0.03,60,0.1,2025-01-01,,-0.1060364661554202,-0.040581994763489115,0.3827173446539336,0.010504724889262072,-0.06439054493503105,1.6065573770491803,5.90603646615542
"(20, 60)",1,10,0.0,20,0.08,2024-10-01,,-0.1400931752914952,-0.04771060519548087,0.34056337930957936,-0.01721676286311641,-0.0867633474875874,1.8565573770491803,5.940093175291495
"(20, 60)",1,10,0.03,20,0.08,2024-10-01,,-0.1400931752914952,-0.04771060519548087,0.34056337930957936,-0.01721676286311641,-0.0867633474875874,1.8565573770491803,5.940093175291495
"(20, 60)",1,10,0.0,60,0.08,2024-10-01,,-0.14046872720411188,-0.04783850442394777,0.34056337930957925,-0.015180462084274614,-0.08699104888929932,1.8565573770491803,5.940468727204112
"(20, 60)",1,10,0.03,60,0.08,2024-10-01,,-0.14046872720411188,-0.04783850442394777,0.34056337930957925,-0.015180462084274614,-0.08699104888929932,1.8565573770491803,5.940468727204112
"(60,)",1,20,0.0,20,0.1,2024-12-01,,-0.14058728918275612,-0.05313749370900189,0.3779679800207679,-0.04478673114602453,-0.08848144967691196,1.6967213114754098,5.940587289182756
"(60,)",1,20,0.03,20,0.1,2024-12-01,,-0.14058728918275612,-0.05313749370900189,0.3779679800207679,-0.04478673114602453,-0.08848144967691196,1.6967213114754098,5.940587289182756
"(60, 120)",1,10,0.0,60,0.06,2024-10-01,2025-12-31,-0.14313036636156715,-0.03789086105403605,0.2647297147155935,-0.0302886082185199,-0.04698622580824541,1.2459016393442623,5.943130366361567
"(60, 120)",1,10,0.03,60,0.06,2024-10-01,2025-12-31,-0.14313036636156715,-0.03789086105403605,0.2647297147155935,-0.0302886082185199,-0.04698622580824541,1.2459016393442623,5.943130366361567
"(20, 60)",1,20,0.0,60,0.1,2024-10-01,,-0.15273711572340815,-0.05401710880496269,0.35366065771978006,-0.05633018120393724,-0.09795972402548592,1.8565573770491803,5.952737115723408
"(20, 60)",1,20,0.03,60,0.1,2024-10-01,,-0.15273711572340815,-0.05401710880496269,0.35366065771978006,-0.05633018120393724,-0.09795972402548592,1.8565573770491803,5.952737115723408
"(20, 60)",1,20,0.0,20,0.1,2024-10-01,2025-12-31,-0.1582607682561699,-0.031600491141307696,0.19967356085468602,-0.01723259059024979,-0.03921690270722111,1.2459016393442623,5.95826076825617
"(20, 60)",1,20,0.03,20,0.1,2024-10-01,2025-12-31,-0.1582607682561699,-0.031600491141307696,0.19967356085468602,-0.01723259059024979,-0.03921690270722111,1.2459016393442623,5.95826076825617
"(60,)",1,10,0.0,20,0.06,2024-10-01,2026-01-31,-0.15934659865497525,-0.043883617494469784,0.27539726523745045,-0.0606169964918916,-0.05784828116948093,1.3278688524590163,5.959346598654975
"(60,)",1,10,0.03,20,0.06,2024-10-01,2026-01-31,-0.15934659865497525,-0.043883617494469784,0.27539726523745045,-0.0606169964918916,-0.05784828116948093,1.3278688524590163,5.959346598654975
"(60,)",1,20,0.0,20,0.08,2024-10-01,,-0.16313320670232606,-0.033566746938724634,0.20576280953009685,-0.062329745121178115,-0.06142125254877595,1.8565573770491803,5.9631332067023255
"(60,)",1,20,0.03,20,0.08,2024-10-01,,-0.16313320670232606,-0.033566746938724634,0.20576280953009685,-0.062329745121178115,-0.06142125254877595,1.8565573770491803,5.9631332067023255
"(20, 60)",1,10,0.0,60,0.1,2025-01-01,,-0.1669555449223445,-0.07887269552989484,0.4724173465851682,-0.06826410509526877,-0.12365022356143518,1.6065573770491803,5.966955544922344
"(20, 60)",1,10,0.03,60,0.1,2025-01-01,,-0.1669555449223445,-0.07887269552989484,0.4724173465851682,-0.06826410509526877,-0.12365022356143518,1.6065573770491803,5.966955544922344
"(20, 60)",1,10,0.0,20,0.1,2024-10-01,,-0.17216616284048827,-0.06729107982806981,0.39084962293325265,-0.06163398323581382,-0.12131754462767841,1.8565573770491803,5.972166162840488
"(20, 60)",1,10,0.03,20,0.1,2024-10-01,,-0.17216616284048827,-0.06729107982806981,0.39084962293325265,-0.06163398323581382,-0.12131754462767841,1.8565573770491803,5.972166162840488
"(60, 120)",1,10,0.0,20,0.06,2024-10-01,,-0.18856905911666919,-0.056817114993159334,0.3013066685452682,-0.08588097763630914,-0.10291033784451598,1.8565573770491803,5.988569059116669
"(60, 120)",1,10,0.03,20,0.06,2024-10-01,,-0.18856905911666919,-0.056817114993159334,0.3013066685452682,-0.08588097763630914,-0.10291033784451598,1.8565573770491803,5.988569059116669
"(60,)",1,10,0.0,20,0.1,2025-01-01,,-0.18941116473555247,-0.07435530823733127,0.39256032420867526,-0.07981866184225928,-0.11673531503885404,1.6065573770491803,5.989411164735552
"(60,)",1,10,0.03,20,0.1,2025-01-01,,-0.18941116473555247,-0.07435530823733127,0.39256032420867526,-0.07981866184225928,-0.11673531503885404,1.6065573770491803,5.989411164735552
"(60,)",1,20,0.0,60,0.06,2024-12-01,2025-12-31,-0.19289412166005349,-0.0426209411226246,0.2209551061267565,-0.13239318650650167,-0.04620311266510646,1.0860655737704918,5.992894121660053
"(60,)",1,20,0.03,60,0.06,2024-12-01,2025-12-31,-0.19289412166005349,-0.0426209411226246,0.2209551061267565,-0.13239318650650167,-0.04620311266510646,1.0860655737704918,5.992894121660053
"(60,)",1,10,0.0,60,0.06,2024-10-01,,-0.19317507837483147,-0.04602028569042016,0.23823096683891953,-0.05246714955453413,-0.08375157917050502,1.8565573770491803,5.993175078374831
"(60,)",1,10,0.03,60,0.06,2024-10-01,,-0.19317507837483147,-0.04602028569042016,0.23823096683891953,-0.05246714955453413,-0.08375157917050502,1.8565573770491803,5.993175078374831
"(60,)",1,20,0.0,20,0.08,2024-10-01,2026-01-31,-0.19517908936031245,-0.04016059778830372,0.20576280953009685,-0.09591717900603083,-0.05297369778897898,1.3278688524590163,5.995179089360312
"(60,)",1,20,0.03,20,0.08,2024-10-01,2026-01-31,-0.19517908936031245,-0.04016059778830372,0.20576280953009685,-0.09591717900603083,-0.05297369778897898,1.3278688524590163,5.995179089360312
"(60, 120)",1,10,0.0,20,0.1,2024-12-01,,-0.19656449243548166,-0.08483188790732021,0.4315727975904121,-0.14304784800388953,-0.13964493188222016,1.6967213114754098,5.996564492435481
"(60, 120)",1,10,0.03,20,0.1,2024-12-01,,-0.19656449243548166,-0.08483188790732021,0.4315727975904121,-0.14304784800388953,-0.13964493188222016,1.6967213114754098,5.996564492435481
"(60, 120)",1,10,0.0,60,0.06,2024-10-01,,-0.20126390665895189,-0.05713983641477849,0.28390503475421336,-0.07795354964814324,-0.10348012474784518,1.8565573770491803,6.001263906658952
"(60, 120)",1,10,0.03,60,0.06,2024-10-01,,-0.20126390665895189,-0.05713983641477849,0.28390503475421336,-0.07795354964814324,-0.10348012474784518,1.8565573770491803,6.001263906658952
"(60,)",1,10,0.0,20,0.08,2024-10-01,,-0.2184838556985287,-0.06056261192051249,0.2771949063553638,-0.10634304741950863,-0.10951298921288388,1.8565573770491803,6.018483855698529
"(60,)",1,10,0.03,20,0.08,2024-10-01,,-0.2184838556985287,-0.06056261192051249,0.2771949063553638,-0.10634304741950863,-0.10951298921288388,1.8565573770491803,6.018483855698529
"(60,)",1,10,0.0,20,0.1,2024-10-01,2025-12-31,-0.22013076392458208,-0.054872922649454425,0.24927421170561226,-0.08832371833948423,-0.0678984996845039,1.2459016393442623,6.020130763924582
"(60,)",1,10,0.03,20,0.1,2024-10-01,2025-12-31,-0.22013076392458208,-0.054872922649454425,0.24927421170561226,-0.08832371833948423,-0.0678984996845039,1.2459016393442623,6.020130763924582
"(60,)",1,10,0.0,60,0.08,2024-10-01,,-0.2321964338200747,-0.06369445604285118,0.27431280918038126,-0.09330837512971824,-0.11501659916085005,1.8565573770491803,6.032196433820075
"(60,)",1,10,0.03,60,0.08,2024-10-01,,-0.2321964338200747,-0.06369445604285118,0.27431280918038126,-0.09330837512971824,-0.11501659916085005,1.8565573770491803,6.032196433820075
"(60, 120)",1,20,0.0,20,0.06,2024-10-01,2025-12-31,-0.23285995148802213,-0.04729628866820246,0.2031104462831398,-0.10871059485224786,-0.05857969833630705,1.2459016393442623,6.032859951488022
"(60, 120)",1,20,0.03,20,0.06,2024-10-01,2025-12-31,-0.23285995148802213,-0.04729628866820246,0.2031104462831398,-0.10871059485224786,-0.05857969833630705,1.2459016393442623,6.032859951488022
"(60,)",1,10,0.0,60,0.1,2024-10-01,,-0.24268302153974006,-0.0844346986283302,0.34792173796346015,-0.11065079714315172,-0.15106579182215174,1.8565573770491803,6.04268302153974
"(60,)",1,10,0.03,60,0.1,2024-10-01,,-0.24268302153974006,-0.0844346986283302,0.34792173796346015,-0.11065079714315172,-0.15106579182215174,1.8565573770491803,6.04268302153974
"(60,)",1,20,0.0,60,0.1,2024-12-01,,-0.25050643802366296,-0.09587315877913127,0.3827173446539328,-0.18955330277448182,-0.15718272898996044,1.6967213114754098,6.050506438023663
"(60,)",1,20,0.03,60,0.1,2024-12-01,,-0.25050643802366296,-0.09587315877913127,0.3827173446539328,-0.18955330277448182,-0.15718272898996044,1.6967213114754098,6.050506438023663
"(60,)",1,20,0.0,60,0.06,2024-10-01,2026-01-31,-0.2521846986313794,-0.06531049689169899,0.25897882483014534,-0.1785024123001968,-0.0857812835191124,1.3278688524590163,6.052184698631379
"(60,)",1,20,0.03,60,0.06,2024-10-01,2026-01-31,-0.2521846986313794,-0.06531049689169899,0.25897882483014534,-0.1785024123001968,-0.0857812835191124,1.3278688524590163,6.052184698631379
"(60, 120)",1,10,0.0,20,0.06,2024-10-01,2025-12-31,-0.2540070068718753,-0.07653400502771979,0.3013066685452682,-0.19282050294516434,-0.09443870366633356,1.2459016393442623,6.054007006871875
"(60, 120)",1,10,0.03,20,0.06,2024-10-01,2025-12-31,-0.2540070068718753,-0.07653400502771979,0.3013066685452682,-0.19282050294516434,-0.09443870366633356,1.2459016393442623,6.054007006871875
"(20, 60)",1,20,0.0,20,0.1,2024-10-01,,-0.2695390936722093,-0.095325373149307,0.3536606577197803,-0.2174734242742708,-0.16971792361502192,1.8565573770491803,6.069539093672209
"(20, 60)",1,20,0.03,20,0.1,2024-10-01,,-0.2695390936722093,-0.095325373149307,0.3536606577197803,-0.2174734242742708,-0.16971792361502192,1.8565573770491803,6.069539093672209
"(60,)",1,20,0.0,20,0.08,2024-10-01,2025-12-31,-0.2892274732473104,-0.059512257488657516,0.20576280953009685,-0.18416532972625552,-0.07359554881864938,1.2459016393442623,6.08922747324731
"(60,)",1,20,0.03,20,0.08,2024-10-01,2025-12-31,-0.2892274732473104,-0.059512257488657516,0.20576280953009685,-0.18416532972625552,-0.07359554881864938,1.2459016393442623,6.08922747324731
"(60,)",1,20,0.0,20,0.1,2024-10-01,,-0.31844951832999574,-0.12036372118177507,0.37796798002076815,-0.32979267823892533,-0.21187415409229904,1.8565573770491803,6.118449518329996
"(60,)",1,20,0.03,20,0.1,2024-10-01,,-0.31844951832999574,-0.12036372118177507,0.37796798002076815,-0.32979267823892533,-0.21187415409229904,1.8565573770491803,6.118449518329996
"(60,)",1,20,0.0,60,0.1,2024-10-01,,-0.31983809859003437,-0.12240758781154093,0.3827173446539335,-0.31636465622777715,-0.21527057047649112,1.8565573770491803,6.1198380985900345
"(60,)",1,20,0.03,60,0.1,2024-10-01,,-0.31983809859003437,-0.12240758781154093,0.3827173446539335,-0.31636465622777715,-0.21527057047649112,1.8565573770491803,6.1198380985900345
"(20, 60)",1,10,0.0,60,0.1,2024-10-01,,-0.3294586390976144,-0.15564197609205566,0.47241734658516854,-0.33644644920188943,-0.2695466555767627,1.8565573770491803,6.1294586390976145
"(20, 60)",1,10,0.03,60,0.1,2024-10-01,,-0.3294586390976144,-0.15564197609205566,0.47241734658516854,-0.33644644920188943,-0.2695466555767627,1.8565573770491803,6.1294586390976145
"(20, 60)",1,10,0.0,60,0.06,2024-10-01,,-0.36422804657985686,-0.10264331639475488,0.2818105781764677,-0.251486561368023,-0.18214368230397737,1.8565573770491803,6.164228046579857
"(20, 60)",1,10,0.03,60,0.06,2024-10-01,,-0.36422804657985686,-0.10264331639475488,0.2818105781764677,-0.251486561368023,-0.18214368230397737,1.8565573770491803,6.164228046579857
"(20, 60)",1,10,0.0,20,0.06,2024-12-01,2025-12-31,-0.37122091978768845,-0.06928435407750666,0.1866391423121636,-0.20911298413204515,-0.0750181028679161,1.0860655737704918,6.171220919787689
"(20, 60)",1,10,0.03,20,0.06,2024-12-01,2025-12-31,-0.37122091978768845,-0.06928435407750666,0.1866391423121636,-0.20911298413204515,-0.0750181028679161,1.0860655737704918,6.171220919787689
"(20, 60)",1,10,0.0,60,0.06,2024-12-01,2025-12-31,-0.3732148837246464,-0.06965650579650196,0.18663914231216383,-0.20657438469272654,-0.07541978713474395,1.0860655737704918,6.173214883724646
"(20, 60)",1,10,0.03,60,0.06,2024-12-01,2025-12-31,-0.3732148837246464,-0.06965650579650196,0.18663914231216383,-0.20657438469272654,-0.07541978713474395,1.0860655737704918,6.173214883724646
"(60,)",1,20,0.0,60,0.06,2024-10-01,,-0.3891254566843338,-0.10077525348360239,0.25897882483014534,-0.3377664781871314,-0.17897995694759605,1.8565573770491803,6.189125456684334
"(60,)",1,20,0.03,60,0.06,2024-10-01,,-0.3891254566843338,-0.10077525348360239,0.25897882483014534,-0.3377664781871314,-0.17897995694759605,1.8565573770491803,6.189125456684334
"(60,)",1,10,0.0,20,0.1,2024-10-01,,-0.3983337171666906,-0.15637001315420263,0.3925603242086748,-0.40494708392679263,-0.27071552850329594,1.8565573770491803,6.19833371716669
"(60,)",1,10,0.03,20,0.1,2024-10-01,,-0.3983337171666906,-0.15637001315420263,0.3925603242086748,-0.40494708392679263,-0.27071552850329594,1.8565573770491803,6.19833371716669
"(20, 60)",1,10,0.0,20,0.06,2024-10-01,,-0.40554660741248083,-0.11416078619278802,0.28149856047661437,-0.3489020451923918,-0.20152494321291514,1.8565573770491803,6.20554660741248
"(20, 60)",1,10,0.03,20,0.06,2024-10-01,,-0.40554660741248083,-0.11416078619278802,0.28149856047661437,-0.3489020451923918,-0.20152494321291514,1.8565573770491803,6.20554660741248
"(20, 60)",1,10,0.0,20,0.06,2024-10-01,2026-01-31,-0.42487491597858523,-0.11960167723059423,0.28149856047661437,-0.3741103289358032,-0.15561357734018744,1.3278688524590163,6.224874915978585
"(20, 60)",1,10,0.03,20,0.06,2024-10-01,2026-01-31,-0.42487491597858523,-0.11960167723059423,0.28149856047661437,-0.3741103289358032,-0.15561357734018744,1.3278688524590163,6.224874915978585
"(20, 60)",1,10,0.0,60,0.06,2024-10-01,2026-01-31,-0.42542624180290256,-0.11988961517391772,0.2818105781764677,-0.37140186954394266,-0.15598026207440308,1.3278688524590163,6.225426241802903
"(20, 60)",1,10,0.03,60,0.06,2024-10-01,2026-01-31,-0.42542624180290256,-0.11988961517391772,0.2818105781764677,-0.37140186954394266,-0.15598026207440308,1.3278688524590163,6.225426241802903
"(60,)",1,20,0.0,60,0.08,2024-10-01,,-0.4399166268925862,-0.14052847990564243,0.31944343840396616,-0.5293331879767076,-0.24508685428703292,1.8565573770491803,6.239916626892586
"(60,)",1,20,0.03,60,0.08,2024-10-01,,-0.4399166268925862,-0.14052847990564243,0.31944343840396616,-0.5293331879767076,-0.24508685428703292,1.8565573770491803,6.239916626892586
"(60,)",1,10,0.0,60,0.06,2024-10-01,2025-12-31,-0.4863832593096127,-0.11587155411959393,0.23823096683891953,-0.45219496331397147,-0.14224471222235868,1.2459016393442623,6.286383259309613
"(60,)",1,10,0.03,60,0.06,2024-10-01,2025-12-31,-0.4863832593096127,-0.11587155411959393,0.23823096683891953,-0.45219496331397147,-0.14224471222235868,1.2459016393442623,6.286383259309613
"(60,)",1,10,0.0,20,0.06,2024-10-01,2025-12-31,-0.5503416022316543,-0.15156257220099434,0.27539726523745045,-0.6605115895775329,-0.18516942817071147,1.2459016393442623,6.350341602231654
"(60,)",1,10,0.03,20,0.06,2024-10-01,2025-12-31,-0.5503416022316543,-0.15156257220099434,0.27539726523745045,-0.6605115895775329,-0.18516942817071147,1.2459016393442623,6.350341602231654
"(60,)",1,20,0.0,60,0.08,2024-10-01,2025-12-31,-0.5994692615709946,-0.13254495404237643,0.22110383724266947,-0.5492351113917224,-0.16235151334033737,1.2459016393442623,6.399469261570994
"(60,)",1,20,0.03,60,0.08,2024-10-01,2025-12-31,-0.5994692615709946,-0.13254495404237643,0.22110383724266947,-0.5492351113917224,-0.16235151334033737,1.2459016393442623,6.399469261570994
"(60,)",1,20,0.0,60,0.06,2024-10-01,2025-12-31,-0.6712130931802285,-0.1738299780824224,0.25897882483014534,-0.8594458940110369,-0.2117269665818844,1.2459016393442623,6.4712130931802285
"(60,)",1,20,0.03,60,0.06,2024-10-01,2025-12-31,-0.6712130931802285,-0.1738299780824224,0.25897882483014534,-0.8594458940110369,-0.2117269665818844,1.2459016393442623,6.4712130931802285
"(20, 60)",1,10,0.0,20,0.06,2024-10-01,2025-12-31,-0.7783845414877945,-0.21911412792606366,0.28149856047661437,-0.974273256679502,-0.26519065329409974,1.2459016393442623,6.578384541487794
"(20, 60)",1,10,0.03,20,0.06,2024-10-01,2025-12-31,-0.7783845414877945,-0.21911412792606366,0.28149856047661437,-0.974273256679502,-0.26519065329409974,1.2459016393442623,6.578384541487794
"(20, 60)",1,10,0.0,60,0.06,2024-10-01,2025-12-31,-0.7784885879810587,-0.2193863190827241,0.2818105781764677,-0.9656619360475299,-0.26550975289443135,1.2459016393442623,6.578488587981059
"(20, 60)",1,10,0.03,60,0.06,2024-10-01,2025-12-31,-0.7784885879810587,-0.2193863190827241,0.2818105781764677,-0.9656619360475299,-0.26550975289443135,1.2459016393442623,6.578488587981059
